--
-- PostgreSQL database dump
--

SET statement_timeout = 0;
SET lock_timeout = 0;
SET client_encoding = 'UTF8';
SET standard_conforming_strings = on;
SELECT pg_catalog.set_config('search_path', '', false);
SET check_function_bodies = false;
SET xmloption = content;
SET client_min_messages = warning;

--
-- Name: plpgsql; Type: EXTENSION; Schema: -; Owner: 
--

CREATE EXTENSION IF NOT EXISTS plpgsql WITH SCHEMA pg_catalog;


--
-- Name: EXTENSION plpgsql; Type: COMMENT; Schema: -; Owner: 
--

COMMENT ON EXTENSION plpgsql IS 'PL/pgSQL procedural language';


SET default_tablespace = '';

SET default_with_oids = false;

--
-- Name: account_profile; Type: TABLE; Schema: public; Owner: request; Tablespace: 
--

CREATE TABLE public.account_profile (
    id integer NOT NULL,
    location character varying(50) NOT NULL,
    birthday date,
    phone character varying(10) NOT NULL,
    gender character varying(50) NOT NULL,
    user_id integer NOT NULL,
    factory_current_id integer,
    factory_default_id integer
);


ALTER TABLE public.account_profile OWNER TO request;

--
-- Name: account_profile_factory; Type: TABLE; Schema: public; Owner: request; Tablespace: 
--

CREATE TABLE public.account_profile_factory (
    id integer NOT NULL,
    profile_id integer NOT NULL,
    factory_id integer NOT NULL
);


ALTER TABLE public.account_profile_factory OWNER TO request;

--
-- Name: account_profile_factory_id_seq; Type: SEQUENCE; Schema: public; Owner: request
--

CREATE SEQUENCE public.account_profile_factory_id_seq
    START WITH 1
    INCREMENT BY 1
    NO MINVALUE
    NO MAXVALUE
    CACHE 1;


ALTER TABLE public.account_profile_factory_id_seq OWNER TO request;

--
-- Name: account_profile_factory_id_seq; Type: SEQUENCE OWNED BY; Schema: public; Owner: request
--

ALTER SEQUENCE public.account_profile_factory_id_seq OWNED BY public.account_profile_factory.id;


--
-- Name: account_profile_id_seq; Type: SEQUENCE; Schema: public; Owner: request
--

CREATE SEQUENCE public.account_profile_id_seq
    START WITH 1
    INCREMENT BY 1
    NO MINVALUE
    NO MAXVALUE
    CACHE 1;


ALTER TABLE public.account_profile_id_seq OWNER TO request;

--
-- Name: account_profile_id_seq; Type: SEQUENCE OWNED BY; Schema: public; Owner: request
--

ALTER SEQUENCE public.account_profile_id_seq OWNED BY public.account_profile.id;


--
-- Name: auth_group; Type: TABLE; Schema: public; Owner: request; Tablespace: 
--

CREATE TABLE public.auth_group (
    id integer NOT NULL,
    name character varying(80) NOT NULL
);


ALTER TABLE public.auth_group OWNER TO request;

--
-- Name: auth_group_id_seq; Type: SEQUENCE; Schema: public; Owner: request
--

CREATE SEQUENCE public.auth_group_id_seq
    START WITH 1
    INCREMENT BY 1
    NO MINVALUE
    NO MAXVALUE
    CACHE 1;


ALTER TABLE public.auth_group_id_seq OWNER TO request;

--
-- Name: auth_group_id_seq; Type: SEQUENCE OWNED BY; Schema: public; Owner: request
--

ALTER SEQUENCE public.auth_group_id_seq OWNED BY public.auth_group.id;


--
-- Name: auth_group_permissions; Type: TABLE; Schema: public; Owner: request; Tablespace: 
--

CREATE TABLE public.auth_group_permissions (
    id integer NOT NULL,
    group_id integer NOT NULL,
    permission_id integer NOT NULL
);


ALTER TABLE public.auth_group_permissions OWNER TO request;

--
-- Name: auth_group_permissions_id_seq; Type: SEQUENCE; Schema: public; Owner: request
--

CREATE SEQUENCE public.auth_group_permissions_id_seq
    START WITH 1
    INCREMENT BY 1
    NO MINVALUE
    NO MAXVALUE
    CACHE 1;


ALTER TABLE public.auth_group_permissions_id_seq OWNER TO request;

--
-- Name: auth_group_permissions_id_seq; Type: SEQUENCE OWNED BY; Schema: public; Owner: request
--

ALTER SEQUENCE public.auth_group_permissions_id_seq OWNED BY public.auth_group_permissions.id;


--
-- Name: auth_permission; Type: TABLE; Schema: public; Owner: request; Tablespace: 
--

CREATE TABLE public.auth_permission (
    id integer NOT NULL,
    name character varying(255) NOT NULL,
    content_type_id integer NOT NULL,
    codename character varying(100) NOT NULL
);


ALTER TABLE public.auth_permission OWNER TO request;

--
-- Name: auth_permission_id_seq; Type: SEQUENCE; Schema: public; Owner: request
--

CREATE SEQUENCE public.auth_permission_id_seq
    START WITH 1
    INCREMENT BY 1
    NO MINVALUE
    NO MAXVALUE
    CACHE 1;


ALTER TABLE public.auth_permission_id_seq OWNER TO request;

--
-- Name: auth_permission_id_seq; Type: SEQUENCE OWNED BY; Schema: public; Owner: request
--

ALTER SEQUENCE public.auth_permission_id_seq OWNED BY public.auth_permission.id;


--
-- Name: auth_user; Type: TABLE; Schema: public; Owner: request; Tablespace: 
--

CREATE TABLE public.auth_user (
    id integer NOT NULL,
    password character varying(128) NOT NULL,
    last_login timestamp with time zone,
    is_superuser boolean NOT NULL,
    username character varying(150) NOT NULL,
    first_name character varying(30) NOT NULL,
    last_name character varying(30) NOT NULL,
    email character varying(254) NOT NULL,
    is_staff boolean NOT NULL,
    is_active boolean NOT NULL,
    date_joined timestamp with time zone NOT NULL
);


ALTER TABLE public.auth_user OWNER TO request;

--
-- Name: auth_user_groups; Type: TABLE; Schema: public; Owner: request; Tablespace: 
--

CREATE TABLE public.auth_user_groups (
    id integer NOT NULL,
    user_id integer NOT NULL,
    group_id integer NOT NULL
);


ALTER TABLE public.auth_user_groups OWNER TO request;

--
-- Name: auth_user_groups_id_seq; Type: SEQUENCE; Schema: public; Owner: request
--

CREATE SEQUENCE public.auth_user_groups_id_seq
    START WITH 1
    INCREMENT BY 1
    NO MINVALUE
    NO MAXVALUE
    CACHE 1;


ALTER TABLE public.auth_user_groups_id_seq OWNER TO request;

--
-- Name: auth_user_groups_id_seq; Type: SEQUENCE OWNED BY; Schema: public; Owner: request
--

ALTER SEQUENCE public.auth_user_groups_id_seq OWNED BY public.auth_user_groups.id;


--
-- Name: auth_user_id_seq; Type: SEQUENCE; Schema: public; Owner: request
--

CREATE SEQUENCE public.auth_user_id_seq
    START WITH 1
    INCREMENT BY 1
    NO MINVALUE
    NO MAXVALUE
    CACHE 1;


ALTER TABLE public.auth_user_id_seq OWNER TO request;

--
-- Name: auth_user_id_seq; Type: SEQUENCE OWNED BY; Schema: public; Owner: request
--

ALTER SEQUENCE public.auth_user_id_seq OWNED BY public.auth_user.id;


--
-- Name: auth_user_user_permissions; Type: TABLE; Schema: public; Owner: request; Tablespace: 
--

CREATE TABLE public.auth_user_user_permissions (
    id integer NOT NULL,
    user_id integer NOT NULL,
    permission_id integer NOT NULL
);


ALTER TABLE public.auth_user_user_permissions OWNER TO request;

--
-- Name: auth_user_user_permissions_id_seq; Type: SEQUENCE; Schema: public; Owner: request
--

CREATE SEQUENCE public.auth_user_user_permissions_id_seq
    START WITH 1
    INCREMENT BY 1
    NO MINVALUE
    NO MAXVALUE
    CACHE 1;


ALTER TABLE public.auth_user_user_permissions_id_seq OWNER TO request;

--
-- Name: auth_user_user_permissions_id_seq; Type: SEQUENCE OWNED BY; Schema: public; Owner: request
--

ALTER SEQUENCE public.auth_user_user_permissions_id_seq OWNED BY public.auth_user_user_permissions.id;


--
-- Name: dashboard_menu; Type: TABLE; Schema: public; Owner: request; Tablespace: 
--

CREATE TABLE public.dashboard_menu (
    id integer NOT NULL,
    name character varying(50) NOT NULL,
    slug character varying(50) NOT NULL,
    icon character varying(10) NOT NULL,
    lft integer NOT NULL,
    rght integer NOT NULL,
    tree_id integer NOT NULL,
    mptt_level integer NOT NULL,
    parent_id integer,
    CONSTRAINT dashboard_menu_lft_check CHECK ((lft >= 0)),
    CONSTRAINT dashboard_menu_mptt_level_check CHECK ((mptt_level >= 0)),
    CONSTRAINT dashboard_menu_rght_check CHECK ((rght >= 0)),
    CONSTRAINT dashboard_menu_tree_id_check CHECK ((tree_id >= 0))
);


ALTER TABLE public.dashboard_menu OWNER TO request;

--
-- Name: dashboard_menu_id_seq; Type: SEQUENCE; Schema: public; Owner: request
--

CREATE SEQUENCE public.dashboard_menu_id_seq
    START WITH 1
    INCREMENT BY 1
    NO MINVALUE
    NO MAXVALUE
    CACHE 1;


ALTER TABLE public.dashboard_menu_id_seq OWNER TO request;

--
-- Name: dashboard_menu_id_seq; Type: SEQUENCE OWNED BY; Schema: public; Owner: request
--

ALTER SEQUENCE public.dashboard_menu_id_seq OWNED BY public.dashboard_menu.id;


--
-- Name: dept_okk_okk_control_grain_moisture; Type: TABLE; Schema: public; Owner: request; Tablespace: 
--

CREATE TABLE public.dept_okk_okk_control_grain_moisture (
    id integer NOT NULL,
    "Date_word" date NOT NULL,
    "Time_word" time without time zone NOT NULL,
    "Moisture_excuse1" numeric(5,2) NOT NULL,
    "Moisture_excuse2" numeric(5,2) NOT NULL,
    "Moisture_excuse3" numeric(5,2) NOT NULL,
    "DateTime_add" timestamp with time zone NOT NULL,
    "DateTime_update" timestamp with time zone NOT NULL,
    "Create_user_id" integer,
    "Update_user_id" integer,
    "Factory_id" integer NOT NULL
);


ALTER TABLE public.dept_okk_okk_control_grain_moisture OWNER TO request;

--
-- Name: dept_okk_okk_control_grain_moisture_id_seq; Type: SEQUENCE; Schema: public; Owner: request
--

CREATE SEQUENCE public.dept_okk_okk_control_grain_moisture_id_seq
    START WITH 1
    INCREMENT BY 1
    NO MINVALUE
    NO MAXVALUE
    CACHE 1;


ALTER TABLE public.dept_okk_okk_control_grain_moisture_id_seq OWNER TO request;

--
-- Name: dept_okk_okk_control_grain_moisture_id_seq; Type: SEQUENCE OWNED BY; Schema: public; Owner: request
--

ALTER SEQUENCE public.dept_okk_okk_control_grain_moisture_id_seq OWNED BY public.dept_okk_okk_control_grain_moisture.id;


--
-- Name: dept_okk_okk_operational_quality_control_flour; Type: TABLE; Schema: public; Owner: request; Tablespace: 
--

CREATE TABLE public.dept_okk_okk_operational_quality_control_flour (
    id integer NOT NULL,
    "Date_word" date NOT NULL,
    "Time_word" time without time zone NOT NULL,
    "FlourGrade" character varying(50) NOT NULL,
    "BatchNumber" character varying(50) NOT NULL,
    "Productivity" integer NOT NULL,
    "MoistureInfratek" numeric(4,1) NOT NULL,
    "Residue" numeric(4,1) NOT NULL,
    "Foramen" numeric(4,1) NOT NULL,
    "MetalImpurity" numeric(4,1) NOT NULL,
    "Inclusion_Black" character varying(50) NOT NULL,
    "Inclusion_Brown" character varying(50) NOT NULL,
    "Inclusion_Green" character varying(50) NOT NULL,
    "Inclusion_Extraneous" character varying(50) NOT NULL,
    "Factor_a" character varying(50) NOT NULL,
    "Factor_b" character varying(50) NOT NULL,
    "Crunch" character varying(50) NOT NULL,
    "Contamination" character varying(50) NOT NULL,
    "AshContent" numeric(5,2) NOT NULL,
    "Acidity" numeric(4,1) NOT NULL,
    "Gluten" numeric(4,1) NOT NULL,
    "IDK" numeric(4,1) NOT NULL,
    "GlutenInfratek" integer NOT NULL,
    "Protein" numeric(4,1) NOT NULL,
    "DateTime_add" timestamp with time zone NOT NULL,
    "DateTime_update" timestamp with time zone NOT NULL,
    "Create_user_id" integer,
    "Update_user_id" integer,
    "Factory_id" integer NOT NULL
);


ALTER TABLE public.dept_okk_okk_operational_quality_control_flour OWNER TO request;

--
-- Name: dept_okk_okk_operational_quality_control_flour_id_seq; Type: SEQUENCE; Schema: public; Owner: request
--

CREATE SEQUENCE public.dept_okk_okk_operational_quality_control_flour_id_seq
    START WITH 1
    INCREMENT BY 1
    NO MINVALUE
    NO MAXVALUE
    CACHE 1;


ALTER TABLE public.dept_okk_okk_operational_quality_control_flour_id_seq OWNER TO request;

--
-- Name: dept_okk_okk_operational_quality_control_flour_id_seq; Type: SEQUENCE OWNED BY; Schema: public; Owner: request
--

ALTER SEQUENCE public.dept_okk_okk_operational_quality_control_flour_id_seq OWNED BY public.dept_okk_okk_operational_quality_control_flour.id;


--
-- Name: dept_okk_okk_operational_quality_control_semolina; Type: TABLE; Schema: public; Owner: request; Tablespace: 
--

CREATE TABLE public.dept_okk_okk_operational_quality_control_semolina (
    id integer NOT NULL,
    "Date_word" date NOT NULL,
    "Time_word" time without time zone NOT NULL,
    "BatchNumber" character varying(50) NOT NULL,
    "Moisture" numeric(4,1) NOT NULL,
    "Foramen" numeric(4,1) NOT NULL,
    "MetalImpurity" numeric(5,2) NOT NULL,
    "Inclusion_Black" character varying(50) NOT NULL,
    "Inclusion_Brown" character varying(50) NOT NULL,
    "Inclusion_Green" character varying(50) NOT NULL,
    "Inclusion_Extraneous" character varying(50) NOT NULL,
    "Factor_a" character varying(50) NOT NULL,
    "Factor_b" character varying(50) NOT NULL,
    "Crunch" character varying(50) NOT NULL,
    "Contamination" character varying(50) NOT NULL,
    "AshContent" integer NOT NULL,
    "DateTime_add" timestamp with time zone NOT NULL,
    "DateTime_update" timestamp with time zone NOT NULL,
    "Create_user_id" integer,
    "Update_user_id" integer,
    "Factory_id" integer NOT NULL
);


ALTER TABLE public.dept_okk_okk_operational_quality_control_semolina OWNER TO request;

--
-- Name: dept_okk_okk_operational_quality_control_semolina_id_seq; Type: SEQUENCE; Schema: public; Owner: request
--

CREATE SEQUENCE public.dept_okk_okk_operational_quality_control_semolina_id_seq
    START WITH 1
    INCREMENT BY 1
    NO MINVALUE
    NO MAXVALUE
    CACHE 1;


ALTER TABLE public.dept_okk_okk_operational_quality_control_semolina_id_seq OWNER TO request;

--
-- Name: dept_okk_okk_operational_quality_control_semolina_id_seq; Type: SEQUENCE OWNED BY; Schema: public; Owner: request
--

ALTER SEQUENCE public.dept_okk_okk_operational_quality_control_semolina_id_seq OWNED BY public.dept_okk_okk_operational_quality_control_semolina.id;


--
-- Name: dept_okk_okk_packproducts_quality_control; Type: TABLE; Schema: public; Owner: request; Tablespace: 
--

CREATE TABLE public.dept_okk_okk_packproducts_quality_control (
    id integer NOT NULL,
    "Date_word" date NOT NULL,
    "Time_word" time without time zone NOT NULL,
    "BatchNumber" character varying(30) NOT NULL,
    "Moisture" integer NOT NULL,
    "DeviationFromAverageLength" integer NOT NULL,
    "Crumb" integer NOT NULL,
    "Deformation" integer NOT NULL,
    "Split" integer NOT NULL,
    "Cut" character varying(100) NOT NULL,
    "ImpregnationTrace" character varying(100) NOT NULL,
    "DateTime_add" timestamp with time zone NOT NULL,
    "DateTime_update" timestamp with time zone NOT NULL,
    "Create_user_id" integer,
    "Product_id" integer NOT NULL,
    "Update_user_id" integer,
    "Factory_id" integer NOT NULL
);


ALTER TABLE public.dept_okk_okk_packproducts_quality_control OWNER TO request;

--
-- Name: dept_okk_okk_packproducts_quality_control_id_seq; Type: SEQUENCE; Schema: public; Owner: request
--

CREATE SEQUENCE public.dept_okk_okk_packproducts_quality_control_id_seq
    START WITH 1
    INCREMENT BY 1
    NO MINVALUE
    NO MAXVALUE
    CACHE 1;


ALTER TABLE public.dept_okk_okk_packproducts_quality_control_id_seq OWNER TO request;

--
-- Name: dept_okk_okk_packproducts_quality_control_id_seq; Type: SEQUENCE OWNED BY; Schema: public; Owner: request
--

ALTER SEQUENCE public.dept_okk_okk_packproducts_quality_control_id_seq OWNED BY public.dept_okk_okk_packproducts_quality_control.id;


--
-- Name: dept_okk_okk_wheat_quality_control; Type: TABLE; Schema: public; Owner: request; Tablespace: 
--

CREATE TABLE public.dept_okk_okk_wheat_quality_control (
    id integer NOT NULL,
    "Date_word" date NOT NULL,
    "Time_word" time without time zone NOT NULL,
    "CarNumber" character varying(100) NOT NULL,
    "LotWeight" numeric(6,3) NOT NULL,
    "Grain_Nature" integer NOT NULL,
    "Grain_Moisture" integer NOT NULL,
    "Grain_Vitreous" integer NOT NULL,
    "Grain_Gluten" integer NOT NULL,
    "Grain_IDK" integer NOT NULL,
    "Grain_Protein" integer NOT NULL,
    "DustImpurity_OvsyugKukol" integer NOT NULL,
    "DustImpurity_PolovaSeeds" integer NOT NULL,
    "DustImpurity_SprigsSeeds" integer NOT NULL,
    "DustImpurity_Fug" integer NOT NULL,
    "DustImpurity_Minerals" integer NOT NULL,
    "DustImpurity_Spoiled" integer NOT NULL,
    "GrainImpurity_Beaten" numeric(6,2) NOT NULL,
    "GrainImpurity_Eaten" numeric(6,2) NOT NULL,
    "GrainImpurity_Rye" numeric(6,2) NOT NULL,
    "GrainImpurity_Barley" numeric(6,2) NOT NULL,
    "GrainImpurity_Sprouted" numeric(6,2) NOT NULL,
    "Defect_Small" integer NOT NULL,
    "Defect_Soft" integer NOT NULL,
    "Defect_Cracks" integer NOT NULL,
    "Defect_BlackGerm" integer NOT NULL,
    "DateTime_add" timestamp with time zone NOT NULL,
    "DateTime_update" timestamp with time zone NOT NULL,
    "CerealCrop_id" integer NOT NULL,
    "Create_user_id" integer,
    "Provider_id" integer NOT NULL,
    "Update_user_id" integer,
    "Factory_id" integer NOT NULL
);


ALTER TABLE public.dept_okk_okk_wheat_quality_control OWNER TO request;

--
-- Name: dept_okk_okk_wheat_quality_control_id_seq; Type: SEQUENCE; Schema: public; Owner: request
--

CREATE SEQUENCE public.dept_okk_okk_wheat_quality_control_id_seq
    START WITH 1
    INCREMENT BY 1
    NO MINVALUE
    NO MAXVALUE
    CACHE 1;


ALTER TABLE public.dept_okk_okk_wheat_quality_control_id_seq OWNER TO request;

--
-- Name: dept_okk_okk_wheat_quality_control_id_seq; Type: SEQUENCE OWNED BY; Schema: public; Owner: request
--

ALTER SEQUENCE public.dept_okk_okk_wheat_quality_control_id_seq OWNED BY public.dept_okk_okk_wheat_quality_control.id;


--
-- Name: django_admin_log; Type: TABLE; Schema: public; Owner: request; Tablespace: 
--

CREATE TABLE public.django_admin_log (
    id integer NOT NULL,
    action_time timestamp with time zone NOT NULL,
    object_id text,
    object_repr character varying(200) NOT NULL,
    action_flag smallint NOT NULL,
    change_message text NOT NULL,
    content_type_id integer,
    user_id integer NOT NULL,
    CONSTRAINT django_admin_log_action_flag_check CHECK ((action_flag >= 0))
);


ALTER TABLE public.django_admin_log OWNER TO request;

--
-- Name: django_admin_log_id_seq; Type: SEQUENCE; Schema: public; Owner: request
--

CREATE SEQUENCE public.django_admin_log_id_seq
    START WITH 1
    INCREMENT BY 1
    NO MINVALUE
    NO MAXVALUE
    CACHE 1;


ALTER TABLE public.django_admin_log_id_seq OWNER TO request;

--
-- Name: django_admin_log_id_seq; Type: SEQUENCE OWNED BY; Schema: public; Owner: request
--

ALTER SEQUENCE public.django_admin_log_id_seq OWNED BY public.django_admin_log.id;


--
-- Name: django_content_type; Type: TABLE; Schema: public; Owner: request; Tablespace: 
--

CREATE TABLE public.django_content_type (
    id integer NOT NULL,
    app_label character varying(100) NOT NULL,
    model character varying(100) NOT NULL
);


ALTER TABLE public.django_content_type OWNER TO request;

--
-- Name: django_content_type_id_seq; Type: SEQUENCE; Schema: public; Owner: request
--

CREATE SEQUENCE public.django_content_type_id_seq
    START WITH 1
    INCREMENT BY 1
    NO MINVALUE
    NO MAXVALUE
    CACHE 1;


ALTER TABLE public.django_content_type_id_seq OWNER TO request;

--
-- Name: django_content_type_id_seq; Type: SEQUENCE OWNED BY; Schema: public; Owner: request
--

ALTER SEQUENCE public.django_content_type_id_seq OWNED BY public.django_content_type.id;


--
-- Name: django_migrations; Type: TABLE; Schema: public; Owner: request; Tablespace: 
--

CREATE TABLE public.django_migrations (
    id integer NOT NULL,
    app character varying(255) NOT NULL,
    name character varying(255) NOT NULL,
    applied timestamp with time zone NOT NULL
);


ALTER TABLE public.django_migrations OWNER TO request;

--
-- Name: django_migrations_id_seq; Type: SEQUENCE; Schema: public; Owner: request
--

CREATE SEQUENCE public.django_migrations_id_seq
    START WITH 1
    INCREMENT BY 1
    NO MINVALUE
    NO MAXVALUE
    CACHE 1;


ALTER TABLE public.django_migrations_id_seq OWNER TO request;

--
-- Name: django_migrations_id_seq; Type: SEQUENCE OWNED BY; Schema: public; Owner: request
--

ALTER SEQUENCE public.django_migrations_id_seq OWNED BY public.django_migrations.id;


--
-- Name: django_session; Type: TABLE; Schema: public; Owner: request; Tablespace: 
--

CREATE TABLE public.django_session (
    session_key character varying(40) NOT NULL,
    session_data text NOT NULL,
    expire_date timestamp with time zone NOT NULL
);


ALTER TABLE public.django_session OWNER TO request;

--
-- Name: mill_complex_elevator_grain_intake; Type: TABLE; Schema: public; Owner: request; Tablespace: 
--

CREATE TABLE public.mill_complex_elevator_grain_intake (
    id integer NOT NULL,
    "Date_word" date NOT NULL,
    "Time_word" time without time zone NOT NULL,
    "CarNumber" character varying(100) NOT NULL,
    "WeightGross" integer NOT NULL,
    "WeightTare" integer NOT NULL,
    "WeightNet" integer NOT NULL,
    "WeightActual" integer NOT NULL,
    "WeightCredit" integer NOT NULL,
    "Comment" text,
    "DateTime_add" timestamp with time zone NOT NULL,
    "DateTime_update" timestamp with time zone NOT NULL,
    "CerealCrop_id" integer,
    "Create_user_id" integer,
    "Provider_id" integer NOT NULL,
    "Update_user_id" integer,
    "CarModel" character varying(100) NOT NULL,
    "Factory_id" integer NOT NULL
);


ALTER TABLE public.mill_complex_elevator_grain_intake OWNER TO request;

--
-- Name: mill_complex_elevator_grain_intake_id_seq; Type: SEQUENCE; Schema: public; Owner: request
--

CREATE SEQUENCE public.mill_complex_elevator_grain_intake_id_seq
    START WITH 1
    INCREMENT BY 1
    NO MINVALUE
    NO MAXVALUE
    CACHE 1;


ALTER TABLE public.mill_complex_elevator_grain_intake_id_seq OWNER TO request;

--
-- Name: mill_complex_elevator_grain_intake_id_seq; Type: SEQUENCE OWNED BY; Schema: public; Owner: request
--

ALTER SEQUENCE public.mill_complex_elevator_grain_intake_id_seq OWNED BY public.mill_complex_elevator_grain_intake.id;


--
-- Name: mill_complex_elevator_grain_waste_accounting; Type: TABLE; Schema: public; Owner: request; Tablespace: 
--

CREATE TABLE public.mill_complex_elevator_grain_waste_accounting (
    id integer NOT NULL,
    "Date_word" date NOT NULL,
    "Time_word" time without time zone NOT NULL,
    "GrainWaste" integer NOT NULL,
    "GrainWasteSecondGrade" integer NOT NULL,
    "Comment" text,
    "DateTime_add" timestamp with time zone NOT NULL,
    "DateTime_update" timestamp with time zone NOT NULL,
    "Create_user_id" integer,
    "Update_user_id" integer,
    "GrainWasteTopGrade" integer NOT NULL,
    "Factory_id" integer NOT NULL
);


ALTER TABLE public.mill_complex_elevator_grain_waste_accounting OWNER TO request;

--
-- Name: mill_complex_elevator_grain_waste_accounting_id_seq; Type: SEQUENCE; Schema: public; Owner: request
--

CREATE SEQUENCE public.mill_complex_elevator_grain_waste_accounting_id_seq
    START WITH 1
    INCREMENT BY 1
    NO MINVALUE
    NO MAXVALUE
    CACHE 1;


ALTER TABLE public.mill_complex_elevator_grain_waste_accounting_id_seq OWNER TO request;

--
-- Name: mill_complex_elevator_grain_waste_accounting_id_seq; Type: SEQUENCE OWNED BY; Schema: public; Owner: request
--

ALTER SEQUENCE public.mill_complex_elevator_grain_waste_accounting_id_seq OWNED BY public.mill_complex_elevator_grain_waste_accounting.id;


--
-- Name: mill_complex_elevator_shipment_wheat_to_mill; Type: TABLE; Schema: public; Owner: request; Tablespace: 
--

CREATE TABLE public.mill_complex_elevator_shipment_wheat_to_mill (
    id integer NOT NULL,
    "Moisture" numeric(4,2) NOT NULL,
    "Nature" numeric(6,2) NOT NULL,
    "Gluten" numeric(4,2) NOT NULL,
    "Vitreous" numeric(4,2) NOT NULL,
    "Yellowish" numeric(4,2) NOT NULL,
    "DateTime_add" timestamp with time zone NOT NULL,
    "DateTime_update" timestamp with time zone NOT NULL,
    "Create_user_id" integer,
    "Update_user_id" integer,
    "Date_word" date NOT NULL,
    "Time_word" time without time zone NOT NULL,
    "Factory_id" integer NOT NULL
);


ALTER TABLE public.mill_complex_elevator_shipment_wheat_to_mill OWNER TO request;

--
-- Name: mill_complex_elevator_shipment_wheat_to_mill_child_sil; Type: TABLE; Schema: public; Owner: request; Tablespace: 
--

CREATE TABLE public.mill_complex_elevator_shipment_wheat_to_mill_child_sil (
    id integer NOT NULL,
    grain numeric(8,2) NOT NULL,
    parent_table_id integer,
    sil_num_id integer,
    party numeric(4,2) NOT NULL
);


ALTER TABLE public.mill_complex_elevator_shipment_wheat_to_mill_child_sil OWNER TO request;

--
-- Name: mill_complex_elevator_shipment_wheat_to_mill_child_sil_id_seq; Type: SEQUENCE; Schema: public; Owner: request
--

CREATE SEQUENCE public.mill_complex_elevator_shipment_wheat_to_mill_child_sil_id_seq
    START WITH 1
    INCREMENT BY 1
    NO MINVALUE
    NO MAXVALUE
    CACHE 1;


ALTER TABLE public.mill_complex_elevator_shipment_wheat_to_mill_child_sil_id_seq OWNER TO request;

--
-- Name: mill_complex_elevator_shipment_wheat_to_mill_child_sil_id_seq; Type: SEQUENCE OWNED BY; Schema: public; Owner: request
--

ALTER SEQUENCE public.mill_complex_elevator_shipment_wheat_to_mill_child_sil_id_seq OWNED BY public.mill_complex_elevator_shipment_wheat_to_mill_child_sil.id;


--
-- Name: mill_complex_elevator_shipment_wheat_to_mill_id_seq; Type: SEQUENCE; Schema: public; Owner: request
--

CREATE SEQUENCE public.mill_complex_elevator_shipment_wheat_to_mill_id_seq
    START WITH 1
    INCREMENT BY 1
    NO MINVALUE
    NO MAXVALUE
    CACHE 1;


ALTER TABLE public.mill_complex_elevator_shipment_wheat_to_mill_id_seq OWNER TO request;

--
-- Name: mill_complex_elevator_shipment_wheat_to_mill_id_seq; Type: SEQUENCE OWNED BY; Schema: public; Owner: request
--

ALTER SEQUENCE public.mill_complex_elevator_shipment_wheat_to_mill_id_seq OWNED BY public.mill_complex_elevator_shipment_wheat_to_mill.id;


--
-- Name: mill_complex_mill_bagging; Type: TABLE; Schema: public; Owner: request; Tablespace: 
--

CREATE TABLE public.mill_complex_mill_bagging (
    id integer NOT NULL,
    "Gang" character varying(30) NOT NULL,
    "ReceivedBags_flour" integer NOT NULL,
    "ReceivedBags_zo" integer NOT NULL,
    "ReceivedBags_zelen" integer NOT NULL,
    "DateTime_add" timestamp with time zone NOT NULL,
    "DateTime_update" timestamp with time zone NOT NULL,
    "Create_user_id" integer,
    "Update_user_id" integer,
    "Date_word" date NOT NULL,
    "Time_word" time without time zone NOT NULL,
    "Factory_id" integer NOT NULL
);


ALTER TABLE public.mill_complex_mill_bagging OWNER TO request;

--
-- Name: mill_complex_mill_bagging_id_seq; Type: SEQUENCE; Schema: public; Owner: request
--

CREATE SEQUENCE public.mill_complex_mill_bagging_id_seq
    START WITH 1
    INCREMENT BY 1
    NO MINVALUE
    NO MAXVALUE
    CACHE 1;


ALTER TABLE public.mill_complex_mill_bagging_id_seq OWNER TO request;

--
-- Name: mill_complex_mill_bagging_id_seq; Type: SEQUENCE OWNED BY; Schema: public; Owner: request
--

ALTER SEQUENCE public.mill_complex_mill_bagging_id_seq OWNED BY public.mill_complex_mill_bagging.id;


--
-- Name: mill_complex_mill_control_magnetic_installations; Type: TABLE; Schema: public; Owner: request; Tablespace: 
--

CREATE TABLE public.mill_complex_mill_control_magnetic_installations (
    id integer NOT NULL,
    "DateTime_add" timestamp with time zone NOT NULL,
    "DateTime_update" timestamp with time zone NOT NULL,
    "Create_user_id" integer,
    "Update_user_id" integer,
    "Date_word" date NOT NULL,
    "Time_word" time without time zone NOT NULL,
    "Gang" character varying(30) NOT NULL,
    "Factory_id" integer NOT NULL
);


ALTER TABLE public.mill_complex_mill_control_magnetic_installations OWNER TO request;

--
-- Name: mill_complex_mill_control_magnetic_installations_CheckFailed; Type: TABLE; Schema: public; Owner: request; Tablespace: 
--

CREATE TABLE public."mill_complex_mill_control_magnetic_installations_CheckFailed" (
    id integer NOT NULL,
    mill_control_magnetic_installations_id integer NOT NULL,
    magnetic_installations_id integer NOT NULL
);


ALTER TABLE public."mill_complex_mill_control_magnetic_installations_CheckFailed" OWNER TO request;

--
-- Name: mill_complex_mill_control_magnetic_installations_CheckFa_id_seq; Type: SEQUENCE; Schema: public; Owner: request
--

CREATE SEQUENCE public."mill_complex_mill_control_magnetic_installations_CheckFa_id_seq"
    START WITH 1
    INCREMENT BY 1
    NO MINVALUE
    NO MAXVALUE
    CACHE 1;


ALTER TABLE public."mill_complex_mill_control_magnetic_installations_CheckFa_id_seq" OWNER TO request;

--
-- Name: mill_complex_mill_control_magnetic_installations_CheckFa_id_seq; Type: SEQUENCE OWNED BY; Schema: public; Owner: request
--

ALTER SEQUENCE public."mill_complex_mill_control_magnetic_installations_CheckFa_id_seq" OWNED BY public."mill_complex_mill_control_magnetic_installations_CheckFailed".id;


--
-- Name: mill_complex_mill_control_magnetic_installations_CheckPassed; Type: TABLE; Schema: public; Owner: request; Tablespace: 
--

CREATE TABLE public."mill_complex_mill_control_magnetic_installations_CheckPassed" (
    id integer NOT NULL,
    mill_control_magnetic_installations_id integer NOT NULL,
    magnetic_installations_id integer NOT NULL
);


ALTER TABLE public."mill_complex_mill_control_magnetic_installations_CheckPassed" OWNER TO request;

--
-- Name: mill_complex_mill_control_magnetic_installations_CheckPa_id_seq; Type: SEQUENCE; Schema: public; Owner: request
--

CREATE SEQUENCE public."mill_complex_mill_control_magnetic_installations_CheckPa_id_seq"
    START WITH 1
    INCREMENT BY 1
    NO MINVALUE
    NO MAXVALUE
    CACHE 1;


ALTER TABLE public."mill_complex_mill_control_magnetic_installations_CheckPa_id_seq" OWNER TO request;

--
-- Name: mill_complex_mill_control_magnetic_installations_CheckPa_id_seq; Type: SEQUENCE OWNED BY; Schema: public; Owner: request
--

ALTER SEQUENCE public."mill_complex_mill_control_magnetic_installations_CheckPa_id_seq" OWNED BY public."mill_complex_mill_control_magnetic_installations_CheckPassed".id;


--
-- Name: mill_complex_mill_control_magnetic_installations_id_seq; Type: SEQUENCE; Schema: public; Owner: request
--

CREATE SEQUENCE public.mill_complex_mill_control_magnetic_installations_id_seq
    START WITH 1
    INCREMENT BY 1
    NO MINVALUE
    NO MAXVALUE
    CACHE 1;


ALTER TABLE public.mill_complex_mill_control_magnetic_installations_id_seq OWNER TO request;

--
-- Name: mill_complex_mill_control_magnetic_installations_id_seq; Type: SEQUENCE OWNED BY; Schema: public; Owner: request
--

ALTER SEQUENCE public.mill_complex_mill_control_magnetic_installations_id_seq OWNED BY public.mill_complex_mill_control_magnetic_installations.id;


--
-- Name: mill_complex_mill_grain_waste_accounting; Type: TABLE; Schema: public; Owner: request; Tablespace: 
--

CREATE TABLE public.mill_complex_mill_grain_waste_accounting (
    id integer NOT NULL,
    "Gang" character varying(30) NOT NULL,
    "DateTime_add" timestamp with time zone NOT NULL,
    "DateTime_update" timestamp with time zone NOT NULL,
    "Create_user_id" integer,
    "Update_user_id" integer,
    "Date_word" date NOT NULL,
    "Time_word" time without time zone NOT NULL,
    "BranSecondGrade" integer NOT NULL,
    "GrainWaste" integer NOT NULL,
    "Bran" integer NOT NULL,
    "Comment" text,
    "Factory_id" integer NOT NULL
);


ALTER TABLE public.mill_complex_mill_grain_waste_accounting OWNER TO request;

--
-- Name: mill_complex_mill_grain_waste_accounting_id_seq; Type: SEQUENCE; Schema: public; Owner: request
--

CREATE SEQUENCE public.mill_complex_mill_grain_waste_accounting_id_seq
    START WITH 1
    INCREMENT BY 1
    NO MINVALUE
    NO MAXVALUE
    CACHE 1;


ALTER TABLE public.mill_complex_mill_grain_waste_accounting_id_seq OWNER TO request;

--
-- Name: mill_complex_mill_grain_waste_accounting_id_seq; Type: SEQUENCE OWNED BY; Schema: public; Owner: request
--

ALTER SEQUENCE public.mill_complex_mill_grain_waste_accounting_id_seq OWNED BY public.mill_complex_mill_grain_waste_accounting.id;


--
-- Name: mill_complex_mill_laboratory_work; Type: TABLE; Schema: public; Owner: request; Tablespace: 
--

CREATE TABLE public.mill_complex_mill_laboratory_work (
    id integer NOT NULL,
    "Postponing_One" numeric(4,1) NOT NULL,
    "Postponing_Two" numeric(4,1) NOT NULL,
    "Postponing_Three" numeric(4,1) NOT NULL,
    "Grade_Top" numeric(4,1) NOT NULL,
    "Grade_Second" numeric(4,1) NOT NULL,
    "DateTime_add" timestamp with time zone NOT NULL,
    "DateTime_update" timestamp with time zone NOT NULL,
    "Create_user_id" integer,
    "Update_user_id" integer,
    "Date_word" date NOT NULL,
    "Time_word" time without time zone NOT NULL,
    "Bran_Nature" integer NOT NULL,
    "Crunch_TopGrade" character varying(50) NOT NULL,
    "MetalImpurity_TopGrade" numeric(4,2) NOT NULL,
    "Passage_GradeSecond" numeric(4,1) NOT NULL,
    "Passage_TopGrade" numeric(4,1) NOT NULL,
    "Remainder_GradeSecond" numeric(4,1) NOT NULL,
    "Remainder_TopGrade" numeric(4,1) NOT NULL,
    "Yellowish_TopGrade" numeric(4,1) NOT NULL,
    "Gang" character varying(30) NOT NULL,
    "GrainBlack" integer NOT NULL,
    "GrainBraun" integer NOT NULL,
    "GrainGreen" integer NOT NULL,
    "GrainWhite" integer NOT NULL,
    "Factory_id" integer NOT NULL
);


ALTER TABLE public.mill_complex_mill_laboratory_work OWNER TO request;

--
-- Name: mill_complex_mill_laboratory_work_id_seq; Type: SEQUENCE; Schema: public; Owner: request
--

CREATE SEQUENCE public.mill_complex_mill_laboratory_work_id_seq
    START WITH 1
    INCREMENT BY 1
    NO MINVALUE
    NO MAXVALUE
    CACHE 1;


ALTER TABLE public.mill_complex_mill_laboratory_work_id_seq OWNER TO request;

--
-- Name: mill_complex_mill_laboratory_work_id_seq; Type: SEQUENCE OWNED BY; Schema: public; Owner: request
--

ALTER SEQUENCE public.mill_complex_mill_laboratory_work_id_seq OWNED BY public.mill_complex_mill_laboratory_work.id;


--
-- Name: mill_complex_mill_storage_flour_accounting; Type: TABLE; Schema: public; Owner: request; Tablespace: 
--

CREATE TABLE public.mill_complex_mill_storage_flour_accounting (
    id integer NOT NULL,
    "Date_word" date NOT NULL,
    "Time_word" time without time zone NOT NULL,
    "TopGrade" integer NOT NULL,
    "SecondGrade" integer NOT NULL,
    "TransportTopGrade" integer NOT NULL,
    "TransportSecondGrade" integer NOT NULL,
    "Semolina" integer NOT NULL,
    "Comment" text,
    "DateTime_add" timestamp with time zone NOT NULL,
    "DateTime_update" timestamp with time zone NOT NULL,
    "Create_user_id" integer,
    "Update_user_id" integer,
    "Factory_id" integer NOT NULL
);


ALTER TABLE public.mill_complex_mill_storage_flour_accounting OWNER TO request;

--
-- Name: mill_complex_mill_storage_flour_accounting_id_seq; Type: SEQUENCE; Schema: public; Owner: request
--

CREATE SEQUENCE public.mill_complex_mill_storage_flour_accounting_id_seq
    START WITH 1
    INCREMENT BY 1
    NO MINVALUE
    NO MAXVALUE
    CACHE 1;


ALTER TABLE public.mill_complex_mill_storage_flour_accounting_id_seq OWNER TO request;

--
-- Name: mill_complex_mill_storage_flour_accounting_id_seq; Type: SEQUENCE OWNED BY; Schema: public; Owner: request
--

ALTER SEQUENCE public.mill_complex_mill_storage_flour_accounting_id_seq OWNED BY public.mill_complex_mill_storage_flour_accounting.id;


--
-- Name: mill_complex_mill_technological; Type: TABLE; Schema: public; Owner: request; Tablespace: 
--

CREATE TABLE public.mill_complex_mill_technological (
    id integer NOT NULL,
    "Date_word" date NOT NULL,
    "Time_word" time without time zone NOT NULL,
    "Gang" character varying(30) NOT NULL,
    "Prod_Semolina" integer NOT NULL,
    "Prod_TopGrade_enum" integer NOT NULL,
    "Prod_SecondGrade_enum" integer NOT NULL,
    "Prod_Bran_enum" integer NOT NULL,
    "Prod_GrainWaste" integer NOT NULL,
    "Prod_Bran2Varieties" integer NOT NULL,
    "KnockedOut_TopGrade_start" integer NOT NULL,
    "KnockedOut_TopGrade_stop" integer NOT NULL,
    "KnockedOut_SecondGrade" integer NOT NULL,
    "KnockedOut_Semolina" integer NOT NULL,
    "Trans_Workshop" integer NOT NULL,
    "Description_work" text NOT NULL,
    "DateTime_add" timestamp with time zone NOT NULL,
    "DateTime_update" timestamp with time zone NOT NULL,
    "Create_user_id" integer,
    "Update_user_id" integer,
    "KnockedOut_TopGrade" integer,
    "Factory_id" integer NOT NULL
);


ALTER TABLE public.mill_complex_mill_technological OWNER TO request;

--
-- Name: mill_complex_mill_technological_child_bhm; Type: TABLE; Schema: public; Owner: request; Tablespace: 
--

CREATE TABLE public.mill_complex_mill_technological_child_bhm (
    id integer NOT NULL,
    parent_table_id integer,
    bhm_num_id integer,
    grain integer NOT NULL
);


ALTER TABLE public.mill_complex_mill_technological_child_bhm OWNER TO request;

--
-- Name: mill_complex_mill_technological_child_bhm_id_seq; Type: SEQUENCE; Schema: public; Owner: request
--

CREATE SEQUENCE public.mill_complex_mill_technological_child_bhm_id_seq
    START WITH 1
    INCREMENT BY 1
    NO MINVALUE
    NO MAXVALUE
    CACHE 1;


ALTER TABLE public.mill_complex_mill_technological_child_bhm_id_seq OWNER TO request;

--
-- Name: mill_complex_mill_technological_child_bhm_id_seq; Type: SEQUENCE OWNED BY; Schema: public; Owner: request
--

ALTER SEQUENCE public.mill_complex_mill_technological_child_bhm_id_seq OWNED BY public.mill_complex_mill_technological_child_bhm.id;


--
-- Name: mill_complex_mill_technological_id_seq; Type: SEQUENCE; Schema: public; Owner: request
--

CREATE SEQUENCE public.mill_complex_mill_technological_id_seq
    START WITH 1
    INCREMENT BY 1
    NO MINVALUE
    NO MAXVALUE
    CACHE 1;


ALTER TABLE public.mill_complex_mill_technological_id_seq OWNER TO request;

--
-- Name: mill_complex_mill_technological_id_seq; Type: SEQUENCE OWNED BY; Schema: public; Owner: request
--

ALTER SEQUENCE public.mill_complex_mill_technological_id_seq OWNED BY public.mill_complex_mill_technological.id;


--
-- Name: production_complex_product_equipment_breakdown_repair; Type: TABLE; Schema: public; Owner: request; Tablespace: 
--

CREATE TABLE public.production_complex_product_equipment_breakdown_repair (
    id integer NOT NULL,
    "Gang" character varying(30) NOT NULL,
    "Event" text NOT NULL,
    "Action" text NOT NULL,
    "DateTime_add" timestamp with time zone NOT NULL,
    "DateTime_update" timestamp with time zone NOT NULL,
    "Create_user_id" integer,
    "Update_user_id" integer,
    "Date_word" date NOT NULL,
    "Time_word" time without time zone NOT NULL,
    "Factory_id" integer NOT NULL
);


ALTER TABLE public.production_complex_product_equipment_breakdown_repair OWNER TO request;

--
-- Name: production_complex_product_equipment_breakdown_repair_Coworker; Type: TABLE; Schema: public; Owner: request; Tablespace: 
--

CREATE TABLE public."production_complex_product_equipment_breakdown_repair_Coworker" (
    id integer NOT NULL,
    product_equipment_breakdown_repair_id integer NOT NULL,
    coworker_id integer NOT NULL
);


ALTER TABLE public."production_complex_product_equipment_breakdown_repair_Coworker" OWNER TO request;

--
-- Name: production_complex_product_equipment_breakdown_repair_Co_id_seq; Type: SEQUENCE; Schema: public; Owner: request
--

CREATE SEQUENCE public."production_complex_product_equipment_breakdown_repair_Co_id_seq"
    START WITH 1
    INCREMENT BY 1
    NO MINVALUE
    NO MAXVALUE
    CACHE 1;


ALTER TABLE public."production_complex_product_equipment_breakdown_repair_Co_id_seq" OWNER TO request;

--
-- Name: production_complex_product_equipment_breakdown_repair_Co_id_seq; Type: SEQUENCE OWNED BY; Schema: public; Owner: request
--

ALTER SEQUENCE public."production_complex_product_equipment_breakdown_repair_Co_id_seq" OWNED BY public."production_complex_product_equipment_breakdown_repair_Coworker".id;


--
-- Name: production_complex_product_equipment_breakdown_repair_id_seq; Type: SEQUENCE; Schema: public; Owner: request
--

CREATE SEQUENCE public.production_complex_product_equipment_breakdown_repair_id_seq
    START WITH 1
    INCREMENT BY 1
    NO MINVALUE
    NO MAXVALUE
    CACHE 1;


ALTER TABLE public.production_complex_product_equipment_breakdown_repair_id_seq OWNER TO request;

--
-- Name: production_complex_product_equipment_breakdown_repair_id_seq; Type: SEQUENCE OWNED BY; Schema: public; Owner: request
--

ALTER SEQUENCE public.production_complex_product_equipment_breakdown_repair_id_seq OWNED BY public.production_complex_product_equipment_breakdown_repair.id;


--
-- Name: production_complex_product_line_operator; Type: TABLE; Schema: public; Owner: request; Tablespace: 
--

CREATE TABLE public.production_complex_product_line_operator (
    id integer NOT NULL,
    "Line" character varying(30) NOT NULL,
    "Gang" character varying(30) NOT NULL,
    "Event" text NOT NULL,
    "Action" text NOT NULL,
    "DateTime_add" timestamp with time zone NOT NULL,
    "DateTime_update" timestamp with time zone NOT NULL,
    "Create_user_id" integer,
    "Update_user_id" integer,
    "Date_word" date NOT NULL,
    "Time_word" time without time zone NOT NULL,
    "Factory_id" integer NOT NULL
);


ALTER TABLE public.production_complex_product_line_operator OWNER TO request;

--
-- Name: production_complex_product_line_operator_Coworker; Type: TABLE; Schema: public; Owner: request; Tablespace: 
--

CREATE TABLE public."production_complex_product_line_operator_Coworker" (
    id integer NOT NULL,
    product_line_operator_id integer NOT NULL,
    coworker_id integer NOT NULL
);


ALTER TABLE public."production_complex_product_line_operator_Coworker" OWNER TO request;

--
-- Name: production_complex_product_line_operator_Coworker_id_seq; Type: SEQUENCE; Schema: public; Owner: request
--

CREATE SEQUENCE public."production_complex_product_line_operator_Coworker_id_seq"
    START WITH 1
    INCREMENT BY 1
    NO MINVALUE
    NO MAXVALUE
    CACHE 1;


ALTER TABLE public."production_complex_product_line_operator_Coworker_id_seq" OWNER TO request;

--
-- Name: production_complex_product_line_operator_Coworker_id_seq; Type: SEQUENCE OWNED BY; Schema: public; Owner: request
--

ALTER SEQUENCE public."production_complex_product_line_operator_Coworker_id_seq" OWNED BY public."production_complex_product_line_operator_Coworker".id;


--
-- Name: production_complex_product_line_operator_id_seq; Type: SEQUENCE; Schema: public; Owner: request
--

CREATE SEQUENCE public.production_complex_product_line_operator_id_seq
    START WITH 1
    INCREMENT BY 1
    NO MINVALUE
    NO MAXVALUE
    CACHE 1;


ALTER TABLE public.production_complex_product_line_operator_id_seq OWNER TO request;

--
-- Name: production_complex_product_line_operator_id_seq; Type: SEQUENCE OWNED BY; Schema: public; Owner: request
--

ALTER SEQUENCE public.production_complex_product_line_operator_id_seq OWNED BY public.production_complex_product_line_operator.id;


--
-- Name: production_complex_product_packing_equipment_adjuster; Type: TABLE; Schema: public; Owner: request; Tablespace: 
--

CREATE TABLE public.production_complex_product_packing_equipment_adjuster (
    id integer NOT NULL,
    "Gang" character varying(30) NOT NULL,
    "Event" text NOT NULL,
    "Action" text NOT NULL,
    "DateTime_add" timestamp with time zone NOT NULL,
    "DateTime_update" timestamp with time zone NOT NULL,
    "Create_user_id" integer,
    "Update_user_id" integer,
    "Date_word" date NOT NULL,
    "Time_word" time without time zone NOT NULL,
    "Factory_id" integer NOT NULL
);


ALTER TABLE public.production_complex_product_packing_equipment_adjuster OWNER TO request;

--
-- Name: production_complex_product_packing_equipment_adjuster_Coworker; Type: TABLE; Schema: public; Owner: request; Tablespace: 
--

CREATE TABLE public."production_complex_product_packing_equipment_adjuster_Coworker" (
    id integer NOT NULL,
    product_packing_equipment_adjuster_id integer NOT NULL,
    coworker_id integer NOT NULL
);


ALTER TABLE public."production_complex_product_packing_equipment_adjuster_Coworker" OWNER TO request;

--
-- Name: production_complex_product_packing_equipment_adjuster_Co_id_seq; Type: SEQUENCE; Schema: public; Owner: request
--

CREATE SEQUENCE public."production_complex_product_packing_equipment_adjuster_Co_id_seq"
    START WITH 1
    INCREMENT BY 1
    NO MINVALUE
    NO MAXVALUE
    CACHE 1;


ALTER TABLE public."production_complex_product_packing_equipment_adjuster_Co_id_seq" OWNER TO request;

--
-- Name: production_complex_product_packing_equipment_adjuster_Co_id_seq; Type: SEQUENCE OWNED BY; Schema: public; Owner: request
--

ALTER SEQUENCE public."production_complex_product_packing_equipment_adjuster_Co_id_seq" OWNED BY public."production_complex_product_packing_equipment_adjuster_Coworker".id;


--
-- Name: production_complex_product_packing_equipment_adjuster_id_seq; Type: SEQUENCE; Schema: public; Owner: request
--

CREATE SEQUENCE public.production_complex_product_packing_equipment_adjuster_id_seq
    START WITH 1
    INCREMENT BY 1
    NO MINVALUE
    NO MAXVALUE
    CACHE 1;


ALTER TABLE public.production_complex_product_packing_equipment_adjuster_id_seq OWNER TO request;

--
-- Name: production_complex_product_packing_equipment_adjuster_id_seq; Type: SEQUENCE OWNED BY; Schema: public; Owner: request
--

ALTER SEQUENCE public.production_complex_product_packing_equipment_adjuster_id_seq OWNED BY public.production_complex_product_packing_equipment_adjuster.id;


--
-- Name: production_complex_product_work_plan; Type: TABLE; Schema: public; Owner: request; Tablespace: 
--

CREATE TABLE public.production_complex_product_work_plan (
    id integer NOT NULL,
    status_id integer,
    volume numeric(8,2),
    "DateTime_add" timestamp with time zone NOT NULL,
    "DateTime_update" timestamp with time zone NOT NULL,
    "Create_user_id" integer,
    "Update_user_id" integer,
    product_id integer,
    date_end date,
    date_start date,
    equipement_id integer,
    type_task character varying(100) NOT NULL,
    status_descript text,
    "Factory_id" integer NOT NULL
);


ALTER TABLE public.production_complex_product_work_plan OWNER TO request;

--
-- Name: production_complex_product_work_plan_id_seq; Type: SEQUENCE; Schema: public; Owner: request
--

CREATE SEQUENCE public.production_complex_product_work_plan_id_seq
    START WITH 1
    INCREMENT BY 1
    NO MINVALUE
    NO MAXVALUE
    CACHE 1;


ALTER TABLE public.production_complex_product_work_plan_id_seq OWNER TO request;

--
-- Name: production_complex_product_work_plan_id_seq; Type: SEQUENCE OWNED BY; Schema: public; Owner: request
--

ALTER SEQUENCE public.production_complex_product_work_plan_id_seq OWNED BY public.production_complex_product_work_plan.id;


--
-- Name: reference_books_area; Type: TABLE; Schema: public; Owner: request; Tablespace: 
--

CREATE TABLE public.reference_books_area (
    id integer NOT NULL,
    name character varying(50) NOT NULL,
    slug character varying(50) NOT NULL,
    lft integer NOT NULL,
    rght integer NOT NULL,
    tree_id integer NOT NULL,
    mptt_level integer NOT NULL,
    parent_id integer,
    CONSTRAINT reference_books_area_lft_check CHECK ((lft >= 0)),
    CONSTRAINT reference_books_area_mptt_level_check CHECK ((mptt_level >= 0)),
    CONSTRAINT reference_books_area_rght_check CHECK ((rght >= 0)),
    CONSTRAINT reference_books_area_tree_id_check CHECK ((tree_id >= 0))
);


ALTER TABLE public.reference_books_area OWNER TO request;

--
-- Name: reference_books_area_id_seq; Type: SEQUENCE; Schema: public; Owner: request
--

CREATE SEQUENCE public.reference_books_area_id_seq
    START WITH 1
    INCREMENT BY 1
    NO MINVALUE
    NO MAXVALUE
    CACHE 1;


ALTER TABLE public.reference_books_area_id_seq OWNER TO request;

--
-- Name: reference_books_area_id_seq; Type: SEQUENCE OWNED BY; Schema: public; Owner: request
--

ALTER SEQUENCE public.reference_books_area_id_seq OWNED BY public.reference_books_area.id;


--
-- Name: reference_books_bhm; Type: TABLE; Schema: public; Owner: request; Tablespace: 
--

CREATE TABLE public.reference_books_bhm (
    id integer NOT NULL,
    name character varying(100) NOT NULL,
    slug character varying(50) NOT NULL
);


ALTER TABLE public.reference_books_bhm OWNER TO request;

--
-- Name: reference_books_bhm_id_seq; Type: SEQUENCE; Schema: public; Owner: request
--

CREATE SEQUENCE public.reference_books_bhm_id_seq
    START WITH 1
    INCREMENT BY 1
    NO MINVALUE
    NO MAXVALUE
    CACHE 1;


ALTER TABLE public.reference_books_bhm_id_seq OWNER TO request;

--
-- Name: reference_books_bhm_id_seq; Type: SEQUENCE OWNED BY; Schema: public; Owner: request
--

ALTER SEQUENCE public.reference_books_bhm_id_seq OWNED BY public.reference_books_bhm.id;


--
-- Name: reference_books_cereal_crop; Type: TABLE; Schema: public; Owner: request; Tablespace: 
--

CREATE TABLE public.reference_books_cereal_crop (
    id integer NOT NULL,
    name character varying(100) NOT NULL
);


ALTER TABLE public.reference_books_cereal_crop OWNER TO request;

--
-- Name: reference_books_cereal_crop_id_seq; Type: SEQUENCE; Schema: public; Owner: request
--

CREATE SEQUENCE public.reference_books_cereal_crop_id_seq
    START WITH 1
    INCREMENT BY 1
    NO MINVALUE
    NO MAXVALUE
    CACHE 1;


ALTER TABLE public.reference_books_cereal_crop_id_seq OWNER TO request;

--
-- Name: reference_books_cereal_crop_id_seq; Type: SEQUENCE OWNED BY; Schema: public; Owner: request
--

ALTER SEQUENCE public.reference_books_cereal_crop_id_seq OWNED BY public.reference_books_cereal_crop.id;


--
-- Name: reference_books_city; Type: TABLE; Schema: public; Owner: request; Tablespace: 
--

CREATE TABLE public.reference_books_city (
    id integer NOT NULL,
    "Name" character varying(100) NOT NULL,
    slug character varying(50) NOT NULL
);


ALTER TABLE public.reference_books_city OWNER TO request;

--
-- Name: reference_books_city_id_seq; Type: SEQUENCE; Schema: public; Owner: request
--

CREATE SEQUENCE public.reference_books_city_id_seq
    START WITH 1
    INCREMENT BY 1
    NO MINVALUE
    NO MAXVALUE
    CACHE 1;


ALTER TABLE public.reference_books_city_id_seq OWNER TO request;

--
-- Name: reference_books_city_id_seq; Type: SEQUENCE OWNED BY; Schema: public; Owner: request
--

ALTER SEQUENCE public.reference_books_city_id_seq OWNED BY public.reference_books_city.id;


--
-- Name: reference_books_constants; Type: TABLE; Schema: public; Owner: request; Tablespace: 
--

CREATE TABLE public.reference_books_constants (
    id integer NOT NULL,
    name character varying(100) NOT NULL,
    slug character varying(50) NOT NULL,
    value character varying(100) NOT NULL
);


ALTER TABLE public.reference_books_constants OWNER TO request;

--
-- Name: reference_books_constants_id_seq; Type: SEQUENCE; Schema: public; Owner: request
--

CREATE SEQUENCE public.reference_books_constants_id_seq
    START WITH 1
    INCREMENT BY 1
    NO MINVALUE
    NO MAXVALUE
    CACHE 1;


ALTER TABLE public.reference_books_constants_id_seq OWNER TO request;

--
-- Name: reference_books_constants_id_seq; Type: SEQUENCE OWNED BY; Schema: public; Owner: request
--

ALTER SEQUENCE public.reference_books_constants_id_seq OWNED BY public.reference_books_constants.id;


--
-- Name: reference_books_coworker; Type: TABLE; Schema: public; Owner: request; Tablespace: 
--

CREATE TABLE public.reference_books_coworker (
    id integer NOT NULL,
    fullname character varying(100) NOT NULL,
    working boolean NOT NULL,
    post_id integer NOT NULL,
    area_id integer NOT NULL
);


ALTER TABLE public.reference_books_coworker OWNER TO request;

--
-- Name: reference_books_coworker_id_seq; Type: SEQUENCE; Schema: public; Owner: request
--

CREATE SEQUENCE public.reference_books_coworker_id_seq
    START WITH 1
    INCREMENT BY 1
    NO MINVALUE
    NO MAXVALUE
    CACHE 1;


ALTER TABLE public.reference_books_coworker_id_seq OWNER TO request;

--
-- Name: reference_books_coworker_id_seq; Type: SEQUENCE OWNED BY; Schema: public; Owner: request
--

ALTER SEQUENCE public.reference_books_coworker_id_seq OWNED BY public.reference_books_coworker.id;


--
-- Name: reference_books_factory; Type: TABLE; Schema: public; Owner: request; Tablespace: 
--

CREATE TABLE public.reference_books_factory (
    id integer NOT NULL,
    "Name" character varying(100) NOT NULL,
    "City_id" integer NOT NULL,
    "Descript" text NOT NULL
);


ALTER TABLE public.reference_books_factory OWNER TO request;

--
-- Name: reference_books_fixed_assets; Type: TABLE; Schema: public; Owner: request; Tablespace: 
--

CREATE TABLE public.reference_books_fixed_assets (
    id integer NOT NULL,
    name character varying(30) NOT NULL,
    norm integer NOT NULL,
    area_id integer NOT NULL
);


ALTER TABLE public.reference_books_fixed_assets OWNER TO request;

--
-- Name: reference_books_fixed_assets_id_seq; Type: SEQUENCE; Schema: public; Owner: request
--

CREATE SEQUENCE public.reference_books_fixed_assets_id_seq
    START WITH 1
    INCREMENT BY 1
    NO MINVALUE
    NO MAXVALUE
    CACHE 1;


ALTER TABLE public.reference_books_fixed_assets_id_seq OWNER TO request;

--
-- Name: reference_books_fixed_assets_id_seq; Type: SEQUENCE OWNED BY; Schema: public; Owner: request
--

ALTER SEQUENCE public.reference_books_fixed_assets_id_seq OWNED BY public.reference_books_fixed_assets.id;


--
-- Name: reference_books_machine_production; Type: TABLE; Schema: public; Owner: request; Tablespace: 
--

CREATE TABLE public.reference_books_machine_production (
    id integer NOT NULL,
    name character varying(100) NOT NULL,
    slug character varying(50) NOT NULL
);


ALTER TABLE public.reference_books_machine_production OWNER TO request;

--
-- Name: reference_books_machine_production_id_seq; Type: SEQUENCE; Schema: public; Owner: request
--

CREATE SEQUENCE public.reference_books_machine_production_id_seq
    START WITH 1
    INCREMENT BY 1
    NO MINVALUE
    NO MAXVALUE
    CACHE 1;


ALTER TABLE public.reference_books_machine_production_id_seq OWNER TO request;

--
-- Name: reference_books_machine_production_id_seq; Type: SEQUENCE OWNED BY; Schema: public; Owner: request
--

ALTER SEQUENCE public.reference_books_machine_production_id_seq OWNED BY public.reference_books_machine_production.id;


--
-- Name: reference_books_magnetic_installations; Type: TABLE; Schema: public; Owner: request; Tablespace: 
--

CREATE TABLE public.reference_books_magnetic_installations (
    id integer NOT NULL,
    name character varying(30) NOT NULL
);


ALTER TABLE public.reference_books_magnetic_installations OWNER TO request;

--
-- Name: reference_books_magnetic_installations_id_seq; Type: SEQUENCE; Schema: public; Owner: request
--

CREATE SEQUENCE public.reference_books_magnetic_installations_id_seq
    START WITH 1
    INCREMENT BY 1
    NO MINVALUE
    NO MAXVALUE
    CACHE 1;


ALTER TABLE public.reference_books_magnetic_installations_id_seq OWNER TO request;

--
-- Name: reference_books_magnetic_installations_id_seq; Type: SEQUENCE OWNED BY; Schema: public; Owner: request
--

ALTER SEQUENCE public.reference_books_magnetic_installations_id_seq OWNED BY public.reference_books_magnetic_installations.id;


--
-- Name: reference_books_partner; Type: TABLE; Schema: public; Owner: request; Tablespace: 
--

CREATE TABLE public.reference_books_partner (
    id integer NOT NULL,
    shortname character varying(150) NOT NULL,
    fullname character varying(300) NOT NULL,
    inn character varying(15) NOT NULL,
    type_id integer NOT NULL
);


ALTER TABLE public.reference_books_partner OWNER TO request;

--
-- Name: reference_books_posts; Type: TABLE; Schema: public; Owner: request; Tablespace: 
--

CREATE TABLE public.reference_books_posts (
    id integer NOT NULL,
    name character varying(100) NOT NULL
);


ALTER TABLE public.reference_books_posts OWNER TO request;

--
-- Name: reference_books_posts_id_seq; Type: SEQUENCE; Schema: public; Owner: request
--

CREATE SEQUENCE public.reference_books_posts_id_seq
    START WITH 1
    INCREMENT BY 1
    NO MINVALUE
    NO MAXVALUE
    CACHE 1;


ALTER TABLE public.reference_books_posts_id_seq OWNER TO request;

--
-- Name: reference_books_posts_id_seq; Type: SEQUENCE OWNED BY; Schema: public; Owner: request
--

ALTER SEQUENCE public.reference_books_posts_id_seq OWNED BY public.reference_books_posts.id;


--
-- Name: reference_books_products; Type: TABLE; Schema: public; Owner: request; Tablespace: 
--

CREATE TABLE public.reference_books_products (
    id integer NOT NULL,
    name character varying(255) NOT NULL
);


ALTER TABLE public.reference_books_products OWNER TO request;

--
-- Name: reference_books_products_id_seq; Type: SEQUENCE; Schema: public; Owner: request
--

CREATE SEQUENCE public.reference_books_products_id_seq
    START WITH 1
    INCREMENT BY 1
    NO MINVALUE
    NO MAXVALUE
    CACHE 1;


ALTER TABLE public.reference_books_products_id_seq OWNER TO request;

--
-- Name: reference_books_products_id_seq; Type: SEQUENCE OWNED BY; Schema: public; Owner: request
--

ALTER SEQUENCE public.reference_books_products_id_seq OWNED BY public.reference_books_products.id;


--
-- Name: reference_books_provider_id_seq; Type: SEQUENCE; Schema: public; Owner: request
--

CREATE SEQUENCE public.reference_books_provider_id_seq
    START WITH 1
    INCREMENT BY 1
    NO MINVALUE
    NO MAXVALUE
    CACHE 1;


ALTER TABLE public.reference_books_provider_id_seq OWNER TO request;

--
-- Name: reference_books_provider_id_seq; Type: SEQUENCE OWNED BY; Schema: public; Owner: request
--

ALTER SEQUENCE public.reference_books_provider_id_seq OWNED BY public.reference_books_partner.id;


--
-- Name: reference_books_servicecompanies_id_seq; Type: SEQUENCE; Schema: public; Owner: request
--

CREATE SEQUENCE public.reference_books_servicecompanies_id_seq
    START WITH 1
    INCREMENT BY 1
    NO MINVALUE
    NO MAXVALUE
    CACHE 1;


ALTER TABLE public.reference_books_servicecompanies_id_seq OWNER TO request;

--
-- Name: reference_books_servicecompanies_id_seq; Type: SEQUENCE OWNED BY; Schema: public; Owner: request
--

ALTER SEQUENCE public.reference_books_servicecompanies_id_seq OWNED BY public.reference_books_factory.id;


--
-- Name: reference_books_sil; Type: TABLE; Schema: public; Owner: request; Tablespace: 
--

CREATE TABLE public.reference_books_sil (
    id integer NOT NULL,
    name character varying(100) NOT NULL,
    slug character varying(50) NOT NULL
);


ALTER TABLE public.reference_books_sil OWNER TO request;

--
-- Name: reference_books_sil_id_seq; Type: SEQUENCE; Schema: public; Owner: request
--

CREATE SEQUENCE public.reference_books_sil_id_seq
    START WITH 1
    INCREMENT BY 1
    NO MINVALUE
    NO MAXVALUE
    CACHE 1;


ALTER TABLE public.reference_books_sil_id_seq OWNER TO request;

--
-- Name: reference_books_sil_id_seq; Type: SEQUENCE OWNED BY; Schema: public; Owner: request
--

ALTER SEQUENCE public.reference_books_sil_id_seq OWNED BY public.reference_books_sil.id;


--
-- Name: reference_books_status; Type: TABLE; Schema: public; Owner: request; Tablespace: 
--

CREATE TABLE public.reference_books_status (
    id integer NOT NULL,
    name character varying(100) NOT NULL,
    slug character varying(50) NOT NULL,
    color character varying(50) NOT NULL
);


ALTER TABLE public.reference_books_status OWNER TO request;

--
-- Name: reference_books_status_id_seq; Type: SEQUENCE; Schema: public; Owner: request
--

CREATE SEQUENCE public.reference_books_status_id_seq
    START WITH 1
    INCREMENT BY 1
    NO MINVALUE
    NO MAXVALUE
    CACHE 1;


ALTER TABLE public.reference_books_status_id_seq OWNER TO request;

--
-- Name: reference_books_status_id_seq; Type: SEQUENCE OWNED BY; Schema: public; Owner: request
--

ALTER SEQUENCE public.reference_books_status_id_seq OWNED BY public.reference_books_status.id;


--
-- Name: reference_books_status_machine; Type: TABLE; Schema: public; Owner: request; Tablespace: 
--

CREATE TABLE public.reference_books_status_machine (
    id integer NOT NULL,
    name character varying(100) NOT NULL,
    slug character varying(50) NOT NULL,
    class_b4_td character varying(50) NOT NULL
);


ALTER TABLE public.reference_books_status_machine OWNER TO request;

--
-- Name: reference_books_status_machine_id_seq; Type: SEQUENCE; Schema: public; Owner: request
--

CREATE SEQUENCE public.reference_books_status_machine_id_seq
    START WITH 1
    INCREMENT BY 1
    NO MINVALUE
    NO MAXVALUE
    CACHE 1;


ALTER TABLE public.reference_books_status_machine_id_seq OWNER TO request;

--
-- Name: reference_books_status_machine_id_seq; Type: SEQUENCE OWNED BY; Schema: public; Owner: request
--

ALTER SEQUENCE public.reference_books_status_machine_id_seq OWNED BY public.reference_books_status_machine.id;


--
-- Name: reference_books_status_task; Type: TABLE; Schema: public; Owner: request; Tablespace: 
--

CREATE TABLE public.reference_books_status_task (
    id integer NOT NULL,
    name character varying(100) NOT NULL,
    slug character varying(50) NOT NULL,
    color character varying(50)
);


ALTER TABLE public.reference_books_status_task OWNER TO request;

--
-- Name: reference_books_status_task_id_seq; Type: SEQUENCE; Schema: public; Owner: request
--

CREATE SEQUENCE public.reference_books_status_task_id_seq
    START WITH 1
    INCREMENT BY 1
    NO MINVALUE
    NO MAXVALUE
    CACHE 1;


ALTER TABLE public.reference_books_status_task_id_seq OWNER TO request;

--
-- Name: reference_books_status_task_id_seq; Type: SEQUENCE OWNED BY; Schema: public; Owner: request
--

ALTER SEQUENCE public.reference_books_status_task_id_seq OWNED BY public.reference_books_status_task.id;


--
-- Name: reference_books_tare; Type: TABLE; Schema: public; Owner: request; Tablespace: 
--

CREATE TABLE public.reference_books_tare (
    id integer NOT NULL,
    name character varying(100) NOT NULL
);


ALTER TABLE public.reference_books_tare OWNER TO request;

--
-- Name: reference_books_tare_id_seq; Type: SEQUENCE; Schema: public; Owner: request
--

CREATE SEQUENCE public.reference_books_tare_id_seq
    START WITH 1
    INCREMENT BY 1
    NO MINVALUE
    NO MAXVALUE
    CACHE 1;


ALTER TABLE public.reference_books_tare_id_seq OWNER TO request;

--
-- Name: reference_books_tare_id_seq; Type: SEQUENCE OWNED BY; Schema: public; Owner: request
--

ALTER SEQUENCE public.reference_books_tare_id_seq OWNED BY public.reference_books_tare.id;


--
-- Name: reference_books_typenotification_task; Type: TABLE; Schema: public; Owner: request; Tablespace: 
--

CREATE TABLE public.reference_books_typenotification_task (
    id integer NOT NULL,
    name character varying(100) NOT NULL,
    slug character varying(50) NOT NULL,
    color character varying(50)
);


ALTER TABLE public.reference_books_typenotification_task OWNER TO request;

--
-- Name: reference_books_typenotification_task_id_seq; Type: SEQUENCE; Schema: public; Owner: request
--

CREATE SEQUENCE public.reference_books_typenotification_task_id_seq
    START WITH 1
    INCREMENT BY 1
    NO MINVALUE
    NO MAXVALUE
    CACHE 1;


ALTER TABLE public.reference_books_typenotification_task_id_seq OWNER TO request;

--
-- Name: reference_books_typenotification_task_id_seq; Type: SEQUENCE OWNED BY; Schema: public; Owner: request
--

ALTER SEQUENCE public.reference_books_typenotification_task_id_seq OWNED BY public.reference_books_typenotification_task.id;


--
-- Name: reference_books_types_client; Type: TABLE; Schema: public; Owner: request; Tablespace: 
--

CREATE TABLE public.reference_books_types_client (
    id integer NOT NULL,
    short_name character varying(30) NOT NULL,
    slug character varying(50) NOT NULL,
    full_name text NOT NULL
);


ALTER TABLE public.reference_books_types_client OWNER TO request;

--
-- Name: reference_books_types_client_id_seq; Type: SEQUENCE; Schema: public; Owner: request
--

CREATE SEQUENCE public.reference_books_types_client_id_seq
    START WITH 1
    INCREMENT BY 1
    NO MINVALUE
    NO MAXVALUE
    CACHE 1;


ALTER TABLE public.reference_books_types_client_id_seq OWNER TO request;

--
-- Name: reference_books_types_client_id_seq; Type: SEQUENCE OWNED BY; Schema: public; Owner: request
--

ALTER SEQUENCE public.reference_books_types_client_id_seq OWNED BY public.reference_books_types_client.id;


--
-- Name: schedule_calendar; Type: TABLE; Schema: public; Owner: request; Tablespace: 
--

CREATE TABLE public.schedule_calendar (
    id integer NOT NULL,
    name character varying(200) NOT NULL,
    slug character varying(200) NOT NULL
);


ALTER TABLE public.schedule_calendar OWNER TO request;

--
-- Name: schedule_calendar_id_seq; Type: SEQUENCE; Schema: public; Owner: request
--

CREATE SEQUENCE public.schedule_calendar_id_seq
    START WITH 1
    INCREMENT BY 1
    NO MINVALUE
    NO MAXVALUE
    CACHE 1;


ALTER TABLE public.schedule_calendar_id_seq OWNER TO request;

--
-- Name: schedule_calendar_id_seq; Type: SEQUENCE OWNED BY; Schema: public; Owner: request
--

ALTER SEQUENCE public.schedule_calendar_id_seq OWNED BY public.schedule_calendar.id;


--
-- Name: schedule_calendarrelation; Type: TABLE; Schema: public; Owner: request; Tablespace: 
--

CREATE TABLE public.schedule_calendarrelation (
    id integer NOT NULL,
    object_id integer NOT NULL,
    distinction character varying(20),
    inheritable boolean NOT NULL,
    calendar_id integer NOT NULL,
    content_type_id integer NOT NULL
);


ALTER TABLE public.schedule_calendarrelation OWNER TO request;

--
-- Name: schedule_calendarrelation_id_seq; Type: SEQUENCE; Schema: public; Owner: request
--

CREATE SEQUENCE public.schedule_calendarrelation_id_seq
    START WITH 1
    INCREMENT BY 1
    NO MINVALUE
    NO MAXVALUE
    CACHE 1;


ALTER TABLE public.schedule_calendarrelation_id_seq OWNER TO request;

--
-- Name: schedule_calendarrelation_id_seq; Type: SEQUENCE OWNED BY; Schema: public; Owner: request
--

ALTER SEQUENCE public.schedule_calendarrelation_id_seq OWNED BY public.schedule_calendarrelation.id;


--
-- Name: schedule_event; Type: TABLE; Schema: public; Owner: request; Tablespace: 
--

CREATE TABLE public.schedule_event (
    id integer NOT NULL,
    start timestamp with time zone NOT NULL,
    "end" timestamp with time zone NOT NULL,
    title character varying(255) NOT NULL,
    description text,
    created_on timestamp with time zone NOT NULL,
    updated_on timestamp with time zone NOT NULL,
    end_recurring_period timestamp with time zone,
    calendar_id integer,
    creator_id integer,
    rule_id integer,
    color_event character varying(10)
);


ALTER TABLE public.schedule_event OWNER TO request;

--
-- Name: schedule_event_id_seq; Type: SEQUENCE; Schema: public; Owner: request
--

CREATE SEQUENCE public.schedule_event_id_seq
    START WITH 1
    INCREMENT BY 1
    NO MINVALUE
    NO MAXVALUE
    CACHE 1;


ALTER TABLE public.schedule_event_id_seq OWNER TO request;

--
-- Name: schedule_event_id_seq; Type: SEQUENCE OWNED BY; Schema: public; Owner: request
--

ALTER SEQUENCE public.schedule_event_id_seq OWNED BY public.schedule_event.id;


--
-- Name: schedule_eventrelation; Type: TABLE; Schema: public; Owner: request; Tablespace: 
--

CREATE TABLE public.schedule_eventrelation (
    id integer NOT NULL,
    object_id integer NOT NULL,
    distinction character varying(20),
    content_type_id integer NOT NULL,
    event_id integer NOT NULL
);


ALTER TABLE public.schedule_eventrelation OWNER TO request;

--
-- Name: schedule_eventrelation_id_seq; Type: SEQUENCE; Schema: public; Owner: request
--

CREATE SEQUENCE public.schedule_eventrelation_id_seq
    START WITH 1
    INCREMENT BY 1
    NO MINVALUE
    NO MAXVALUE
    CACHE 1;


ALTER TABLE public.schedule_eventrelation_id_seq OWNER TO request;

--
-- Name: schedule_eventrelation_id_seq; Type: SEQUENCE OWNED BY; Schema: public; Owner: request
--

ALTER SEQUENCE public.schedule_eventrelation_id_seq OWNED BY public.schedule_eventrelation.id;


--
-- Name: schedule_occurrence; Type: TABLE; Schema: public; Owner: request; Tablespace: 
--

CREATE TABLE public.schedule_occurrence (
    id integer NOT NULL,
    title character varying(255),
    description text,
    start timestamp with time zone NOT NULL,
    "end" timestamp with time zone NOT NULL,
    cancelled boolean NOT NULL,
    original_start timestamp with time zone NOT NULL,
    original_end timestamp with time zone NOT NULL,
    created_on timestamp with time zone NOT NULL,
    updated_on timestamp with time zone NOT NULL,
    event_id integer NOT NULL
);


ALTER TABLE public.schedule_occurrence OWNER TO request;

--
-- Name: schedule_occurrence_id_seq; Type: SEQUENCE; Schema: public; Owner: request
--

CREATE SEQUENCE public.schedule_occurrence_id_seq
    START WITH 1
    INCREMENT BY 1
    NO MINVALUE
    NO MAXVALUE
    CACHE 1;


ALTER TABLE public.schedule_occurrence_id_seq OWNER TO request;

--
-- Name: schedule_occurrence_id_seq; Type: SEQUENCE OWNED BY; Schema: public; Owner: request
--

ALTER SEQUENCE public.schedule_occurrence_id_seq OWNED BY public.schedule_occurrence.id;


--
-- Name: schedule_rule; Type: TABLE; Schema: public; Owner: request; Tablespace: 
--

CREATE TABLE public.schedule_rule (
    id integer NOT NULL,
    name character varying(32) NOT NULL,
    description text NOT NULL,
    frequency character varying(10) NOT NULL,
    params text
);


ALTER TABLE public.schedule_rule OWNER TO request;

--
-- Name: schedule_rule_id_seq; Type: SEQUENCE; Schema: public; Owner: request
--

CREATE SEQUENCE public.schedule_rule_id_seq
    START WITH 1
    INCREMENT BY 1
    NO MINVALUE
    NO MAXVALUE
    CACHE 1;


ALTER TABLE public.schedule_rule_id_seq OWNER TO request;

--
-- Name: schedule_rule_id_seq; Type: SEQUENCE OWNED BY; Schema: public; Owner: request
--

ALTER SEQUENCE public.schedule_rule_id_seq OWNED BY public.schedule_rule.id;


--
-- Name: tasks_user_task; Type: TABLE; Schema: public; Owner: request; Tablespace: 
--

CREATE TABLE public.tasks_user_task (
    id integer NOT NULL,
    title character varying(100) NOT NULL,
    description text NOT NULL,
    high_importance boolean NOT NULL,
    "Create_user_id" integer NOT NULL,
    "DateTime_add" timestamp with time zone NOT NULL,
    "DateTime_update" timestamp with time zone NOT NULL,
    notification_id integer NOT NULL,
    "Date_limit" date NOT NULL,
    "Time_limit" time without time zone NOT NULL,
    "Update_user_id" integer,
    status_id integer NOT NULL,
    work_desc text,
    author_id integer NOT NULL,
    read boolean NOT NULL,
    executors_id integer NOT NULL,
    "Factory_id" integer NOT NULL,
    confirmation boolean NOT NULL
);


ALTER TABLE public.tasks_user_task OWNER TO request;

--
-- Name: tasks_user_task_id_seq; Type: SEQUENCE; Schema: public; Owner: request
--

CREATE SEQUENCE public.tasks_user_task_id_seq
    START WITH 1
    INCREMENT BY 1
    NO MINVALUE
    NO MAXVALUE
    CACHE 1;


ALTER TABLE public.tasks_user_task_id_seq OWNER TO request;

--
-- Name: tasks_user_task_id_seq; Type: SEQUENCE OWNED BY; Schema: public; Owner: request
--

ALTER SEQUENCE public.tasks_user_task_id_seq OWNED BY public.tasks_user_task.id;


--
-- Name: id; Type: DEFAULT; Schema: public; Owner: request
--

ALTER TABLE ONLY public.account_profile ALTER COLUMN id SET DEFAULT nextval('public.account_profile_id_seq'::regclass);


--
-- Name: id; Type: DEFAULT; Schema: public; Owner: request
--

ALTER TABLE ONLY public.account_profile_factory ALTER COLUMN id SET DEFAULT nextval('public.account_profile_factory_id_seq'::regclass);


--
-- Name: id; Type: DEFAULT; Schema: public; Owner: request
--

ALTER TABLE ONLY public.auth_group ALTER COLUMN id SET DEFAULT nextval('public.auth_group_id_seq'::regclass);


--
-- Name: id; Type: DEFAULT; Schema: public; Owner: request
--

ALTER TABLE ONLY public.auth_group_permissions ALTER COLUMN id SET DEFAULT nextval('public.auth_group_permissions_id_seq'::regclass);


--
-- Name: id; Type: DEFAULT; Schema: public; Owner: request
--

ALTER TABLE ONLY public.auth_permission ALTER COLUMN id SET DEFAULT nextval('public.auth_permission_id_seq'::regclass);


--
-- Name: id; Type: DEFAULT; Schema: public; Owner: request
--

ALTER TABLE ONLY public.auth_user ALTER COLUMN id SET DEFAULT nextval('public.auth_user_id_seq'::regclass);


--
-- Name: id; Type: DEFAULT; Schema: public; Owner: request
--

ALTER TABLE ONLY public.auth_user_groups ALTER COLUMN id SET DEFAULT nextval('public.auth_user_groups_id_seq'::regclass);


--
-- Name: id; Type: DEFAULT; Schema: public; Owner: request
--

ALTER TABLE ONLY public.auth_user_user_permissions ALTER COLUMN id SET DEFAULT nextval('public.auth_user_user_permissions_id_seq'::regclass);


--
-- Name: id; Type: DEFAULT; Schema: public; Owner: request
--

ALTER TABLE ONLY public.dashboard_menu ALTER COLUMN id SET DEFAULT nextval('public.dashboard_menu_id_seq'::regclass);


--
-- Name: id; Type: DEFAULT; Schema: public; Owner: request
--

ALTER TABLE ONLY public.dept_okk_okk_control_grain_moisture ALTER COLUMN id SET DEFAULT nextval('public.dept_okk_okk_control_grain_moisture_id_seq'::regclass);


--
-- Name: id; Type: DEFAULT; Schema: public; Owner: request
--

ALTER TABLE ONLY public.dept_okk_okk_operational_quality_control_flour ALTER COLUMN id SET DEFAULT nextval('public.dept_okk_okk_operational_quality_control_flour_id_seq'::regclass);


--
-- Name: id; Type: DEFAULT; Schema: public; Owner: request
--

ALTER TABLE ONLY public.dept_okk_okk_operational_quality_control_semolina ALTER COLUMN id SET DEFAULT nextval('public.dept_okk_okk_operational_quality_control_semolina_id_seq'::regclass);


--
-- Name: id; Type: DEFAULT; Schema: public; Owner: request
--

ALTER TABLE ONLY public.dept_okk_okk_packproducts_quality_control ALTER COLUMN id SET DEFAULT nextval('public.dept_okk_okk_packproducts_quality_control_id_seq'::regclass);


--
-- Name: id; Type: DEFAULT; Schema: public; Owner: request
--

ALTER TABLE ONLY public.dept_okk_okk_wheat_quality_control ALTER COLUMN id SET DEFAULT nextval('public.dept_okk_okk_wheat_quality_control_id_seq'::regclass);


--
-- Name: id; Type: DEFAULT; Schema: public; Owner: request
--

ALTER TABLE ONLY public.django_admin_log ALTER COLUMN id SET DEFAULT nextval('public.django_admin_log_id_seq'::regclass);


--
-- Name: id; Type: DEFAULT; Schema: public; Owner: request
--

ALTER TABLE ONLY public.django_content_type ALTER COLUMN id SET DEFAULT nextval('public.django_content_type_id_seq'::regclass);


--
-- Name: id; Type: DEFAULT; Schema: public; Owner: request
--

ALTER TABLE ONLY public.django_migrations ALTER COLUMN id SET DEFAULT nextval('public.django_migrations_id_seq'::regclass);


--
-- Name: id; Type: DEFAULT; Schema: public; Owner: request
--

ALTER TABLE ONLY public.mill_complex_elevator_grain_intake ALTER COLUMN id SET DEFAULT nextval('public.mill_complex_elevator_grain_intake_id_seq'::regclass);


--
-- Name: id; Type: DEFAULT; Schema: public; Owner: request
--

ALTER TABLE ONLY public.mill_complex_elevator_grain_waste_accounting ALTER COLUMN id SET DEFAULT nextval('public.mill_complex_elevator_grain_waste_accounting_id_seq'::regclass);


--
-- Name: id; Type: DEFAULT; Schema: public; Owner: request
--

ALTER TABLE ONLY public.mill_complex_elevator_shipment_wheat_to_mill ALTER COLUMN id SET DEFAULT nextval('public.mill_complex_elevator_shipment_wheat_to_mill_id_seq'::regclass);


--
-- Name: id; Type: DEFAULT; Schema: public; Owner: request
--

ALTER TABLE ONLY public.mill_complex_elevator_shipment_wheat_to_mill_child_sil ALTER COLUMN id SET DEFAULT nextval('public.mill_complex_elevator_shipment_wheat_to_mill_child_sil_id_seq'::regclass);


--
-- Name: id; Type: DEFAULT; Schema: public; Owner: request
--

ALTER TABLE ONLY public.mill_complex_mill_bagging ALTER COLUMN id SET DEFAULT nextval('public.mill_complex_mill_bagging_id_seq'::regclass);


--
-- Name: id; Type: DEFAULT; Schema: public; Owner: request
--

ALTER TABLE ONLY public.mill_complex_mill_control_magnetic_installations ALTER COLUMN id SET DEFAULT nextval('public.mill_complex_mill_control_magnetic_installations_id_seq'::regclass);


--
-- Name: id; Type: DEFAULT; Schema: public; Owner: request
--

ALTER TABLE ONLY public."mill_complex_mill_control_magnetic_installations_CheckFailed" ALTER COLUMN id SET DEFAULT nextval('public."mill_complex_mill_control_magnetic_installations_CheckFa_id_seq"'::regclass);


--
-- Name: id; Type: DEFAULT; Schema: public; Owner: request
--

ALTER TABLE ONLY public."mill_complex_mill_control_magnetic_installations_CheckPassed" ALTER COLUMN id SET DEFAULT nextval('public."mill_complex_mill_control_magnetic_installations_CheckPa_id_seq"'::regclass);


--
-- Name: id; Type: DEFAULT; Schema: public; Owner: request
--

ALTER TABLE ONLY public.mill_complex_mill_grain_waste_accounting ALTER COLUMN id SET DEFAULT nextval('public.mill_complex_mill_grain_waste_accounting_id_seq'::regclass);


--
-- Name: id; Type: DEFAULT; Schema: public; Owner: request
--

ALTER TABLE ONLY public.mill_complex_mill_laboratory_work ALTER COLUMN id SET DEFAULT nextval('public.mill_complex_mill_laboratory_work_id_seq'::regclass);


--
-- Name: id; Type: DEFAULT; Schema: public; Owner: request
--

ALTER TABLE ONLY public.mill_complex_mill_storage_flour_accounting ALTER COLUMN id SET DEFAULT nextval('public.mill_complex_mill_storage_flour_accounting_id_seq'::regclass);


--
-- Name: id; Type: DEFAULT; Schema: public; Owner: request
--

ALTER TABLE ONLY public.mill_complex_mill_technological ALTER COLUMN id SET DEFAULT nextval('public.mill_complex_mill_technological_id_seq'::regclass);


--
-- Name: id; Type: DEFAULT; Schema: public; Owner: request
--

ALTER TABLE ONLY public.mill_complex_mill_technological_child_bhm ALTER COLUMN id SET DEFAULT nextval('public.mill_complex_mill_technological_child_bhm_id_seq'::regclass);


--
-- Name: id; Type: DEFAULT; Schema: public; Owner: request
--

ALTER TABLE ONLY public.production_complex_product_equipment_breakdown_repair ALTER COLUMN id SET DEFAULT nextval('public.production_complex_product_equipment_breakdown_repair_id_seq'::regclass);


--
-- Name: id; Type: DEFAULT; Schema: public; Owner: request
--

ALTER TABLE ONLY public."production_complex_product_equipment_breakdown_repair_Coworker" ALTER COLUMN id SET DEFAULT nextval('public."production_complex_product_equipment_breakdown_repair_Co_id_seq"'::regclass);


--
-- Name: id; Type: DEFAULT; Schema: public; Owner: request
--

ALTER TABLE ONLY public.production_complex_product_line_operator ALTER COLUMN id SET DEFAULT nextval('public.production_complex_product_line_operator_id_seq'::regclass);


--
-- Name: id; Type: DEFAULT; Schema: public; Owner: request
--

ALTER TABLE ONLY public."production_complex_product_line_operator_Coworker" ALTER COLUMN id SET DEFAULT nextval('public."production_complex_product_line_operator_Coworker_id_seq"'::regclass);


--
-- Name: id; Type: DEFAULT; Schema: public; Owner: request
--

ALTER TABLE ONLY public.production_complex_product_packing_equipment_adjuster ALTER COLUMN id SET DEFAULT nextval('public.production_complex_product_packing_equipment_adjuster_id_seq'::regclass);


--
-- Name: id; Type: DEFAULT; Schema: public; Owner: request
--

ALTER TABLE ONLY public."production_complex_product_packing_equipment_adjuster_Coworker" ALTER COLUMN id SET DEFAULT nextval('public."production_complex_product_packing_equipment_adjuster_Co_id_seq"'::regclass);


--
-- Name: id; Type: DEFAULT; Schema: public; Owner: request
--

ALTER TABLE ONLY public.production_complex_product_work_plan ALTER COLUMN id SET DEFAULT nextval('public.production_complex_product_work_plan_id_seq'::regclass);


--
-- Name: id; Type: DEFAULT; Schema: public; Owner: request
--

ALTER TABLE ONLY public.reference_books_area ALTER COLUMN id SET DEFAULT nextval('public.reference_books_area_id_seq'::regclass);


--
-- Name: id; Type: DEFAULT; Schema: public; Owner: request
--

ALTER TABLE ONLY public.reference_books_bhm ALTER COLUMN id SET DEFAULT nextval('public.reference_books_bhm_id_seq'::regclass);


--
-- Name: id; Type: DEFAULT; Schema: public; Owner: request
--

ALTER TABLE ONLY public.reference_books_cereal_crop ALTER COLUMN id SET DEFAULT nextval('public.reference_books_cereal_crop_id_seq'::regclass);


--
-- Name: id; Type: DEFAULT; Schema: public; Owner: request
--

ALTER TABLE ONLY public.reference_books_city ALTER COLUMN id SET DEFAULT nextval('public.reference_books_city_id_seq'::regclass);


--
-- Name: id; Type: DEFAULT; Schema: public; Owner: request
--

ALTER TABLE ONLY public.reference_books_constants ALTER COLUMN id SET DEFAULT nextval('public.reference_books_constants_id_seq'::regclass);


--
-- Name: id; Type: DEFAULT; Schema: public; Owner: request
--

ALTER TABLE ONLY public.reference_books_coworker ALTER COLUMN id SET DEFAULT nextval('public.reference_books_coworker_id_seq'::regclass);


--
-- Name: id; Type: DEFAULT; Schema: public; Owner: request
--

ALTER TABLE ONLY public.reference_books_factory ALTER COLUMN id SET DEFAULT nextval('public.reference_books_servicecompanies_id_seq'::regclass);


--
-- Name: id; Type: DEFAULT; Schema: public; Owner: request
--

ALTER TABLE ONLY public.reference_books_fixed_assets ALTER COLUMN id SET DEFAULT nextval('public.reference_books_fixed_assets_id_seq'::regclass);


--
-- Name: id; Type: DEFAULT; Schema: public; Owner: request
--

ALTER TABLE ONLY public.reference_books_machine_production ALTER COLUMN id SET DEFAULT nextval('public.reference_books_machine_production_id_seq'::regclass);


--
-- Name: id; Type: DEFAULT; Schema: public; Owner: request
--

ALTER TABLE ONLY public.reference_books_magnetic_installations ALTER COLUMN id SET DEFAULT nextval('public.reference_books_magnetic_installations_id_seq'::regclass);


--
-- Name: id; Type: DEFAULT; Schema: public; Owner: request
--

ALTER TABLE ONLY public.reference_books_partner ALTER COLUMN id SET DEFAULT nextval('public.reference_books_provider_id_seq'::regclass);


--
-- Name: id; Type: DEFAULT; Schema: public; Owner: request
--

ALTER TABLE ONLY public.reference_books_posts ALTER COLUMN id SET DEFAULT nextval('public.reference_books_posts_id_seq'::regclass);


--
-- Name: id; Type: DEFAULT; Schema: public; Owner: request
--

ALTER TABLE ONLY public.reference_books_products ALTER COLUMN id SET DEFAULT nextval('public.reference_books_products_id_seq'::regclass);


--
-- Name: id; Type: DEFAULT; Schema: public; Owner: request
--

ALTER TABLE ONLY public.reference_books_sil ALTER COLUMN id SET DEFAULT nextval('public.reference_books_sil_id_seq'::regclass);


--
-- Name: id; Type: DEFAULT; Schema: public; Owner: request
--

ALTER TABLE ONLY public.reference_books_status ALTER COLUMN id SET DEFAULT nextval('public.reference_books_status_id_seq'::regclass);


--
-- Name: id; Type: DEFAULT; Schema: public; Owner: request
--

ALTER TABLE ONLY public.reference_books_status_machine ALTER COLUMN id SET DEFAULT nextval('public.reference_books_status_machine_id_seq'::regclass);


--
-- Name: id; Type: DEFAULT; Schema: public; Owner: request
--

ALTER TABLE ONLY public.reference_books_status_task ALTER COLUMN id SET DEFAULT nextval('public.reference_books_status_task_id_seq'::regclass);


--
-- Name: id; Type: DEFAULT; Schema: public; Owner: request
--

ALTER TABLE ONLY public.reference_books_tare ALTER COLUMN id SET DEFAULT nextval('public.reference_books_tare_id_seq'::regclass);


--
-- Name: id; Type: DEFAULT; Schema: public; Owner: request
--

ALTER TABLE ONLY public.reference_books_typenotification_task ALTER COLUMN id SET DEFAULT nextval('public.reference_books_typenotification_task_id_seq'::regclass);


--
-- Name: id; Type: DEFAULT; Schema: public; Owner: request
--

ALTER TABLE ONLY public.reference_books_types_client ALTER COLUMN id SET DEFAULT nextval('public.reference_books_types_client_id_seq'::regclass);


--
-- Name: id; Type: DEFAULT; Schema: public; Owner: request
--

ALTER TABLE ONLY public.schedule_calendar ALTER COLUMN id SET DEFAULT nextval('public.schedule_calendar_id_seq'::regclass);


--
-- Name: id; Type: DEFAULT; Schema: public; Owner: request
--

ALTER TABLE ONLY public.schedule_calendarrelation ALTER COLUMN id SET DEFAULT nextval('public.schedule_calendarrelation_id_seq'::regclass);


--
-- Name: id; Type: DEFAULT; Schema: public; Owner: request
--

ALTER TABLE ONLY public.schedule_event ALTER COLUMN id SET DEFAULT nextval('public.schedule_event_id_seq'::regclass);


--
-- Name: id; Type: DEFAULT; Schema: public; Owner: request
--

ALTER TABLE ONLY public.schedule_eventrelation ALTER COLUMN id SET DEFAULT nextval('public.schedule_eventrelation_id_seq'::regclass);


--
-- Name: id; Type: DEFAULT; Schema: public; Owner: request
--

ALTER TABLE ONLY public.schedule_occurrence ALTER COLUMN id SET DEFAULT nextval('public.schedule_occurrence_id_seq'::regclass);


--
-- Name: id; Type: DEFAULT; Schema: public; Owner: request
--

ALTER TABLE ONLY public.schedule_rule ALTER COLUMN id SET DEFAULT nextval('public.schedule_rule_id_seq'::regclass);


--
-- Name: id; Type: DEFAULT; Schema: public; Owner: request
--

ALTER TABLE ONLY public.tasks_user_task ALTER COLUMN id SET DEFAULT nextval('public.tasks_user_task_id_seq'::regclass);


--
-- Data for Name: account_profile; Type: TABLE DATA; Schema: public; Owner: request
--

COPY public.account_profile (id, location, birthday, phone, gender, user_id, factory_current_id, factory_default_id) FROM stdin;
22		\N			28	\N	\N
15		\N			21	\N	\N
33		\N		man	39	\N	\N
6		\N			12	\N	\N
18		\N		man	24	\N	\N
14		\N			20	\N	\N
4		\N			10	\N	\N
12		\N		man	18	\N	\N
13		\N		man	19	\N	\N
34		\N		woman	40	\N	\N
7		\N			13	\N	\N
9		\N		man	15	\N	\N
27		\N		man	33	\N	\N
3		\N		man	9	\N	\N
21		\N			27	\N	\N
35		\N			41	\N	\N
20		\N			26	\N	\N
30		\N		man	36	\N	\N
8		\N		man	14	\N	\N
28		\N		man	34	\N	\N
16		\N			22	\N	\N
1		1985-01-27	9033686263	man	1	1	1
17		\N			23	\N	\N
2		\N		man	8	1	1
23		\N		woman	29	\N	\N
32		\N		man	38	\N	\N
24		\N		man	30	\N	\N
29		\N		man	35	\N	\N
11		\N		man	17	\N	\N
25		\N		woman	31	\N	\N
31		\N		woman	37	\N	\N
19		\N			25	\N	\N
5		\N			11	\N	\N
10		\N		man	16	\N	\N
26		\N		woman	32	\N	\N
\.


--
-- Data for Name: account_profile_factory; Type: TABLE DATA; Schema: public; Owner: request
--

COPY public.account_profile_factory (id, profile_id, factory_id) FROM stdin;
1	1	1
2	1	2
3	1	3
4	2	1
5	2	2
6	2	3
\.


--
-- Name: account_profile_factory_id_seq; Type: SEQUENCE SET; Schema: public; Owner: request
--

SELECT pg_catalog.setval('public.account_profile_factory_id_seq', 6, true);


--
-- Name: account_profile_id_seq; Type: SEQUENCE SET; Schema: public; Owner: request
--

SELECT pg_catalog.setval('public.account_profile_id_seq', 35, true);


--
-- Data for Name: auth_group; Type: TABLE DATA; Schema: public; Owner: request
--

COPY public.auth_group (id, name) FROM stdin;
1	
2	
3	 
4	 
5	 
6	.
9	
10	
11	  
12	 
13	 
14	
15	 
16	
17	
18	.
19	.
20	
21	
22	
8	 
23	 
24	  
7	
25	
\.


--
-- Name: auth_group_id_seq; Type: SEQUENCE SET; Schema: public; Owner: request
--

SELECT pg_catalog.setval('public.auth_group_id_seq', 25, true);


--
-- Data for Name: auth_group_permissions; Type: TABLE DATA; Schema: public; Owner: request
--

COPY public.auth_group_permissions (id, group_id, permission_id) FROM stdin;
1	1	16
2	1	17
3	1	18
4	1	19
5	1	20
6	1	21
7	1	22
8	1	23
9	1	24
10	1	25
11	1	26
12	1	27
13	1	28
14	1	29
15	1	30
16	1	31
17	1	32
18	1	33
19	1	34
20	1	35
21	1	36
22	1	223
23	1	224
24	1	225
25	1	226
26	1	227
27	1	228
28	1	229
29	2	16
30	2	17
31	2	18
32	2	19
33	2	20
34	2	21
35	2	22
36	2	23
37	2	24
38	2	25
39	2	26
40	2	27
41	2	28
42	2	29
43	2	30
44	2	31
45	2	32
46	2	33
47	2	34
48	2	35
49	2	36
50	2	223
51	2	224
52	2	225
53	2	226
54	2	227
55	2	228
56	2	229
57	3	16
58	3	17
59	3	18
60	3	19
61	3	20
62	3	21
63	3	22
64	3	23
65	3	24
66	3	25
67	3	26
68	3	27
69	3	28
70	3	29
71	3	30
72	3	31
73	3	32
74	3	33
75	3	34
76	3	35
77	3	36
78	3	223
79	3	224
80	3	225
81	3	226
82	3	227
83	3	228
84	3	229
85	4	1
86	4	2
87	4	3
88	4	4
89	4	5
90	4	6
91	4	7
92	4	8
93	4	9
94	4	10
95	4	11
96	4	12
97	4	13
98	4	14
99	4	15
100	4	16
101	4	17
102	4	18
103	4	19
104	4	20
105	4	21
106	4	22
107	4	23
108	4	24
109	4	25
110	4	26
111	4	27
112	4	28
113	4	29
114	4	30
115	4	31
116	4	32
117	4	33
118	4	34
119	4	35
120	4	36
121	4	37
122	4	38
123	4	39
124	4	40
125	4	41
126	4	42
127	4	43
128	4	44
129	4	45
130	4	46
131	4	47
132	4	48
133	4	49
134	4	50
135	4	51
136	4	52
137	4	53
138	4	54
139	4	55
140	4	56
141	4	57
142	4	58
143	4	59
144	4	60
145	4	61
146	4	62
147	4	63
148	4	64
149	4	65
150	4	66
151	4	67
152	4	68
153	4	69
154	4	70
155	4	71
156	4	72
157	4	73
158	4	74
159	4	75
160	4	76
161	4	77
162	4	78
163	4	79
164	4	80
165	4	81
166	4	82
167	4	83
168	4	84
169	4	85
170	4	86
171	4	87
172	4	88
173	4	89
174	4	90
175	4	91
176	4	92
177	4	93
178	4	94
179	4	95
180	4	96
181	4	97
182	4	98
183	4	99
184	4	100
185	4	101
186	4	102
187	4	103
188	4	104
189	4	105
190	4	106
191	4	107
192	4	108
193	4	109
194	4	110
195	4	111
196	4	112
197	4	113
198	4	114
199	4	115
200	4	116
201	4	117
202	4	118
203	4	119
204	4	120
205	4	121
206	4	122
207	4	123
208	4	124
209	4	125
210	4	126
211	4	127
212	4	128
213	4	129
214	4	130
215	4	131
216	4	132
217	4	133
218	4	134
219	4	135
220	4	136
221	4	137
222	4	138
223	4	139
224	4	140
225	4	141
226	4	142
227	4	143
228	4	144
229	4	145
230	4	146
231	4	147
232	4	148
233	4	149
234	4	150
235	4	151
236	4	152
237	4	153
238	4	154
239	4	155
240	4	156
241	4	157
242	4	158
243	4	159
244	4	160
245	4	161
246	4	162
247	4	163
248	4	164
249	4	165
250	4	166
251	4	167
252	4	168
253	4	169
254	4	170
255	4	171
256	4	172
257	4	173
258	4	174
259	4	175
260	4	176
261	4	177
262	4	178
263	4	179
264	4	180
265	4	181
266	4	182
267	4	183
268	4	184
269	4	185
270	4	186
271	4	187
272	4	188
273	4	189
274	4	190
275	4	191
276	4	192
277	4	193
278	4	194
279	4	195
280	4	196
281	4	197
282	4	198
283	4	199
284	4	200
285	4	201
286	4	202
287	4	203
288	4	204
289	4	205
290	4	206
291	4	207
292	4	208
293	4	209
294	4	210
295	4	211
296	4	212
297	4	213
298	4	214
299	4	215
300	4	216
301	4	217
302	4	218
303	4	219
304	4	220
305	4	221
306	4	222
307	4	223
308	4	224
309	4	225
310	4	226
311	4	227
312	4	228
313	4	229
314	5	16
315	5	17
316	5	18
317	5	19
318	5	20
319	5	21
320	5	22
321	5	23
322	5	24
323	5	25
324	5	26
325	5	27
326	5	28
327	5	29
328	5	30
329	5	31
330	5	32
331	5	33
332	5	34
333	5	35
334	5	36
335	5	223
336	5	224
337	5	225
338	5	226
339	5	227
340	5	228
341	5	229
342	6	1
343	6	2
344	6	3
345	6	4
346	6	5
347	6	6
348	6	7
349	6	8
350	6	9
351	6	10
352	6	11
353	6	12
354	6	13
355	6	14
356	6	15
357	6	16
358	6	17
359	6	18
360	6	19
361	6	20
362	6	21
363	6	22
364	6	23
365	6	24
366	6	25
367	6	26
368	6	27
369	6	28
370	6	29
371	6	30
372	6	31
373	6	32
374	6	33
375	6	34
376	6	35
377	6	36
378	6	37
379	6	38
380	6	39
381	6	40
382	6	41
383	6	42
384	6	43
385	6	44
386	6	45
387	6	46
388	6	47
389	6	48
390	6	49
391	6	50
392	6	51
393	6	52
394	6	53
395	6	54
396	6	55
397	6	56
398	6	57
399	6	58
400	6	59
401	6	60
402	6	61
403	6	62
404	6	63
405	6	64
406	6	65
407	6	66
408	6	67
409	6	68
410	6	69
411	6	70
412	6	71
413	6	72
414	6	73
415	6	74
416	6	75
417	6	76
418	6	77
419	6	78
420	6	79
421	6	80
422	6	81
423	6	82
424	6	83
425	6	84
426	6	85
427	6	86
428	6	87
429	6	88
430	6	89
431	6	90
432	6	91
433	6	92
434	6	93
435	6	94
436	6	95
437	6	96
438	6	97
439	6	98
440	6	99
441	6	100
442	6	101
443	6	102
444	6	103
445	6	104
446	6	105
447	6	106
448	6	107
449	6	108
450	6	109
451	6	110
452	6	111
453	6	112
454	6	113
455	6	114
456	6	115
457	6	116
458	6	117
459	6	118
460	6	119
461	6	120
462	6	121
463	6	122
464	6	123
465	6	124
466	6	125
467	6	126
468	6	127
469	6	128
470	6	129
471	6	130
472	6	131
473	6	132
474	6	133
475	6	134
476	6	135
477	6	136
478	6	137
479	6	138
480	6	139
481	6	140
482	6	141
483	6	142
484	6	143
485	6	144
486	6	145
487	6	146
488	6	147
489	6	148
490	6	149
491	6	150
492	6	151
493	6	152
494	6	153
495	6	154
496	6	155
497	6	156
498	6	157
499	6	158
500	6	159
501	6	160
502	6	161
503	6	162
504	6	163
505	6	164
506	6	165
507	6	166
508	6	167
509	6	168
510	6	169
511	6	170
512	6	171
513	6	172
514	6	173
515	6	174
516	6	175
517	6	176
518	6	177
519	6	178
520	6	179
521	6	180
522	6	181
523	6	182
524	6	183
525	6	184
526	6	185
527	6	186
528	6	187
529	6	188
530	6	189
531	6	190
532	6	191
533	6	192
534	6	193
535	6	194
536	6	195
537	6	196
538	6	197
539	6	198
540	6	199
541	6	200
542	6	201
543	6	202
544	6	203
545	6	204
546	6	205
547	6	206
548	6	207
549	6	208
550	6	209
551	6	210
552	6	211
553	6	212
554	6	213
555	6	214
556	6	215
557	6	216
558	6	217
559	6	218
560	6	219
561	6	220
562	6	221
563	6	222
564	6	223
565	6	224
566	6	225
567	6	226
568	6	227
569	6	228
570	6	229
571	7	195
572	7	196
573	7	202
574	7	203
575	7	212
576	7	213
577	7	219
578	7	220
579	7	157
580	7	158
581	7	226
582	7	227
583	7	164
584	7	165
585	7	171
586	7	172
587	7	181
588	7	182
589	7	188
590	7	189
591	8	154
592	8	155
593	8	156
594	8	157
595	8	158
596	8	159
597	8	160
598	8	161
599	8	162
600	8	163
601	8	164
602	8	165
603	8	166
604	8	167
605	8	168
606	8	169
607	8	170
608	8	171
609	8	172
610	8	173
611	8	174
612	8	175
613	8	176
614	8	177
615	8	178
616	8	179
617	8	180
618	8	181
619	8	182
620	8	183
621	8	184
622	8	185
623	8	186
624	8	187
625	8	188
626	8	189
627	8	190
628	8	191
629	8	192
630	8	193
631	8	194
632	8	195
633	8	196
634	8	197
635	8	198
636	8	199
637	8	200
638	8	201
639	8	202
640	8	203
641	8	204
642	8	205
643	8	206
644	8	207
645	8	208
646	8	209
647	8	210
648	8	211
649	8	212
650	8	213
651	8	214
652	8	215
653	8	216
654	8	217
655	8	218
656	8	219
657	8	220
658	8	221
659	8	222
660	8	223
661	8	224
662	8	225
663	8	226
664	8	227
665	8	228
666	8	229
667	9	224
668	9	225
669	9	226
670	9	227
671	9	228
672	9	229
673	9	223
674	10	224
675	10	225
676	10	226
677	10	227
678	10	228
679	10	229
680	10	223
681	11	224
682	11	225
683	11	226
684	11	227
685	11	228
686	11	229
687	11	223
688	12	1
689	12	2
690	12	3
691	12	4
692	12	5
693	12	6
694	12	7
695	12	8
696	12	9
697	12	10
698	12	11
699	12	12
700	12	13
701	12	14
702	12	15
703	12	16
704	12	17
705	12	18
706	12	19
707	12	20
708	12	21
709	12	22
710	12	23
711	12	24
712	12	25
713	12	26
714	12	27
715	12	28
716	12	29
717	12	30
718	12	31
719	12	32
720	12	33
721	12	34
722	12	35
723	12	36
724	12	37
725	12	38
726	12	39
727	12	40
728	12	41
729	12	42
730	12	43
731	12	44
732	12	45
733	12	46
734	12	47
735	12	48
736	12	49
737	12	50
738	12	51
739	12	52
740	12	53
741	12	54
742	12	55
743	12	56
744	12	57
745	12	58
746	12	59
747	12	60
748	12	61
749	12	62
750	12	63
751	12	64
752	12	65
753	12	66
754	12	67
755	12	68
756	12	69
757	12	70
758	12	71
759	12	72
760	12	73
761	12	74
762	12	75
763	12	76
764	12	77
765	12	78
766	12	79
767	12	80
768	12	81
769	12	82
770	12	83
771	12	84
772	12	85
773	12	86
774	12	87
775	12	88
776	12	89
777	12	90
778	12	91
779	12	92
780	12	93
781	12	94
782	12	95
783	12	96
784	12	97
785	12	98
786	12	99
787	12	100
788	12	101
789	12	102
790	12	103
791	12	104
792	12	105
793	12	106
794	12	107
795	12	108
796	12	109
797	12	110
798	12	111
799	12	112
800	12	113
801	12	114
802	12	115
803	12	116
804	12	117
805	12	118
806	12	119
807	12	120
808	12	121
809	12	122
810	12	123
811	12	124
812	12	125
813	12	126
814	12	127
815	12	128
816	12	129
817	12	130
818	12	131
819	12	132
820	12	133
821	12	134
822	12	135
823	12	136
824	12	137
825	12	138
826	12	139
827	12	140
828	12	141
829	12	142
830	12	143
831	12	144
832	12	145
833	12	146
834	12	147
835	12	148
836	12	149
837	12	150
838	12	151
839	12	152
840	12	153
841	12	154
842	12	155
843	12	156
844	12	157
845	12	158
846	12	159
847	12	160
848	12	161
849	12	162
850	12	163
851	12	164
852	12	165
853	12	166
854	12	167
855	12	168
856	12	169
857	12	170
858	12	171
859	12	172
860	12	173
861	12	174
862	12	175
863	12	176
864	12	177
865	12	178
866	12	179
867	12	180
868	12	181
869	12	182
870	12	183
871	12	184
872	12	185
873	12	186
874	12	187
875	12	188
876	12	189
877	12	190
878	12	191
879	12	192
880	12	193
881	12	194
882	12	195
883	12	196
884	12	197
885	12	198
886	12	199
887	12	200
888	12	201
889	12	202
890	12	203
891	12	204
892	12	205
893	12	206
894	12	207
895	12	208
896	12	209
897	12	210
898	12	211
899	12	212
900	12	213
901	12	214
902	12	215
903	12	216
904	12	217
905	12	218
906	12	219
907	12	220
908	12	221
909	12	222
910	12	223
911	12	224
912	12	225
913	12	226
914	12	227
915	12	228
916	12	229
917	13	1
918	13	2
919	13	3
920	13	4
921	13	5
922	13	6
923	13	7
924	13	8
925	13	9
926	13	10
927	13	11
928	13	12
929	13	13
930	13	14
931	13	15
932	13	16
933	13	17
934	13	18
935	13	19
936	13	20
937	13	21
938	13	22
939	13	23
940	13	24
941	13	25
942	13	26
943	13	27
944	13	28
945	13	29
946	13	30
947	13	31
948	13	32
949	13	33
950	13	34
951	13	35
952	13	36
953	13	37
954	13	38
955	13	39
956	13	40
957	13	41
958	13	42
959	13	43
960	13	44
961	13	45
962	13	46
963	13	47
964	13	48
965	13	49
966	13	50
967	13	51
968	13	52
969	13	53
970	13	54
971	13	55
972	13	56
973	13	57
974	13	58
975	13	59
976	13	60
977	13	61
978	13	62
979	13	63
980	13	64
981	13	65
982	13	66
983	13	67
984	13	68
985	13	69
986	13	70
987	13	71
988	13	72
989	13	73
990	13	74
991	13	75
992	13	76
993	13	77
994	13	78
995	13	79
996	13	80
997	13	81
998	13	82
999	13	83
1000	13	84
1001	13	85
1002	13	86
1003	13	87
1004	13	88
1005	13	89
1006	13	90
1007	13	91
1008	13	92
1009	13	93
1010	13	94
1011	13	95
1012	13	96
1013	13	97
1014	13	98
1015	13	99
1016	13	100
1017	13	101
1018	13	102
1019	13	103
1020	13	104
1021	13	105
1022	13	106
1023	13	107
1024	13	108
1025	13	109
1026	13	110
1027	13	111
1028	13	112
1029	13	113
1030	13	114
1031	13	115
1032	13	116
1033	13	117
1034	13	118
1035	13	119
1036	13	120
1037	13	121
1038	13	122
1039	13	123
1040	13	124
1041	13	125
1042	13	126
1043	13	127
1044	13	128
1045	13	129
1046	13	130
1047	13	131
1048	13	132
1049	13	133
1050	13	134
1051	13	135
1052	13	136
1053	13	137
1054	13	138
1055	13	139
1056	13	140
1057	13	141
1058	13	142
1059	13	143
1060	13	144
1061	13	145
1062	13	146
1063	13	147
1064	13	148
1065	13	149
1066	13	150
1067	13	151
1068	13	152
1069	13	153
1070	13	154
1071	13	155
1072	13	156
1073	13	157
1074	13	158
1075	13	159
1076	13	160
1077	13	161
1078	13	162
1079	13	163
1080	13	164
1081	13	165
1082	13	166
1083	13	167
1084	13	168
1085	13	169
1086	13	170
1087	13	171
1088	13	172
1089	13	173
1090	13	174
1091	13	175
1092	13	176
1093	13	177
1094	13	178
1095	13	179
1096	13	180
1097	13	181
1098	13	182
1099	13	183
1100	13	184
1101	13	185
1102	13	186
1103	13	187
1104	13	188
1105	13	189
1106	13	190
1107	13	191
1108	13	192
1109	13	193
1110	13	194
1111	13	195
1112	13	196
1113	13	197
1114	13	198
1115	13	199
1116	13	200
1117	13	201
1118	13	202
1119	13	203
1120	13	204
1121	13	205
1122	13	206
1123	13	207
1124	13	208
1125	13	209
1126	13	210
1127	13	211
1128	13	212
1129	13	213
1130	13	214
1131	13	215
1132	13	216
1133	13	217
1134	13	218
1135	13	219
1136	13	220
1137	13	221
1138	13	222
1139	13	223
1140	13	224
1141	13	225
1142	13	226
1143	13	227
1144	13	228
1145	13	229
1146	14	1
1147	14	2
1148	14	3
1149	14	4
1150	14	5
1151	14	6
1152	14	7
1153	14	8
1154	14	9
1155	14	10
1156	14	11
1157	14	12
1158	14	13
1159	14	14
1160	14	15
1161	14	16
1162	14	17
1163	14	18
1164	14	19
1165	14	20
1166	14	21
1167	14	22
1168	14	23
1169	14	24
1170	14	25
1171	14	26
1172	14	27
1173	14	28
1174	14	29
1175	14	30
1176	14	31
1177	14	32
1178	14	33
1179	14	34
1180	14	35
1181	14	36
1182	14	37
1183	14	38
1184	14	39
1185	14	40
1186	14	41
1187	14	42
1188	14	43
1189	14	44
1190	14	45
1191	14	46
1192	14	47
1193	14	48
1194	14	49
1195	14	50
1196	14	51
1197	14	52
1198	14	53
1199	14	54
1200	14	55
1201	14	56
1202	14	57
1203	14	58
1204	14	59
1205	14	60
1206	14	61
1207	14	62
1208	14	63
1209	14	64
1210	14	65
1211	14	66
1212	14	67
1213	14	68
1214	14	69
1215	14	70
1216	14	71
1217	14	72
1218	14	73
1219	14	74
1220	14	75
1221	14	76
1222	14	77
1223	14	78
1224	14	79
1225	14	80
1226	14	81
1227	14	82
1228	14	83
1229	14	84
1230	14	85
1231	14	86
1232	14	87
1233	14	88
1234	14	89
1235	14	90
1236	14	91
1237	14	92
1238	14	93
1239	14	94
1240	14	95
1241	14	96
1242	14	97
1243	14	98
1244	14	99
1245	14	100
1246	14	101
1247	14	102
1248	14	103
1249	14	104
1250	14	105
1251	14	106
1252	14	107
1253	14	108
1254	14	109
1255	14	110
1256	14	111
1257	14	112
1258	14	113
1259	14	114
1260	14	115
1261	14	116
1262	14	117
1263	14	118
1264	14	119
1265	14	120
1266	14	121
1267	14	122
1268	14	123
1269	14	124
1270	14	125
1271	14	126
1272	14	127
1273	14	128
1274	14	129
1275	14	130
1276	14	131
1277	14	132
1278	14	133
1279	14	134
1280	14	135
1281	14	136
1282	14	137
1283	14	138
1284	14	139
1285	14	140
1286	14	141
1287	14	142
1288	14	143
1289	14	144
1290	14	145
1291	14	146
1292	14	147
1293	14	148
1294	14	149
1295	14	150
1296	14	151
1297	14	152
1298	14	153
1299	14	154
1300	14	155
1301	14	156
1302	14	157
1303	14	158
1304	14	159
1305	14	160
1306	14	161
1307	14	162
1308	14	163
1309	14	164
1310	14	165
1311	14	166
1312	14	167
1313	14	168
1314	14	169
1315	14	170
1316	14	171
1317	14	172
1318	14	173
1319	14	174
1320	14	175
1321	14	176
1322	14	177
1323	14	178
1324	14	179
1325	14	180
1326	14	181
1327	14	182
1328	14	183
1329	14	184
1330	14	185
1331	14	186
1332	14	187
1333	14	188
1334	14	189
1335	14	190
1336	14	191
1337	14	192
1338	14	193
1339	14	194
1340	14	195
1341	14	196
1342	14	197
1343	14	198
1344	14	199
1345	14	200
1346	14	201
1347	14	202
1348	14	203
1349	14	204
1350	14	205
1351	14	206
1352	14	207
1353	14	208
1354	14	209
1355	14	210
1356	14	211
1357	14	212
1358	14	213
1359	14	214
1360	14	215
1361	14	216
1362	14	217
1363	14	218
1364	14	219
1365	14	220
1366	14	221
1367	14	222
1368	14	223
1369	14	224
1370	14	225
1371	14	226
1372	14	227
1373	14	228
1374	14	229
1375	15	224
1376	15	225
1377	15	226
1378	15	227
1379	15	228
1380	15	229
1381	15	223
1382	16	224
1383	16	225
1384	16	226
1385	16	227
1386	16	228
1387	16	229
1388	16	223
1389	17	1
1390	17	2
1391	17	3
1392	17	4
1393	17	5
1394	17	6
1395	17	7
1396	17	8
1397	17	9
1398	17	10
1399	17	11
1400	17	12
1401	17	13
1402	17	14
1403	17	15
1404	17	16
1405	17	17
1406	17	18
1407	17	19
1408	17	20
1409	17	21
1410	17	22
1411	17	23
1412	17	24
1413	17	25
1414	17	26
1415	17	27
1416	17	28
1417	17	29
1418	17	30
1419	17	31
1420	17	32
1421	17	33
1422	17	34
1423	17	35
1424	17	36
1425	17	37
1426	17	38
1427	17	39
1428	17	40
1429	17	41
1430	17	42
1431	17	43
1432	17	44
1433	17	45
1434	17	46
1435	17	47
1436	17	48
1437	17	49
1438	17	50
1439	17	51
1440	17	52
1441	17	53
1442	17	54
1443	17	55
1444	17	56
1445	17	57
1446	17	58
1447	17	59
1448	17	60
1449	17	61
1450	17	62
1451	17	63
1452	17	64
1453	17	65
1454	17	66
1455	17	67
1456	17	68
1457	17	69
1458	17	70
1459	17	71
1460	17	72
1461	17	73
1462	17	74
1463	17	75
1464	17	76
1465	17	77
1466	17	78
1467	17	79
1468	17	80
1469	17	81
1470	17	82
1471	17	83
1472	17	84
1473	17	85
1474	17	86
1475	17	87
1476	17	88
1477	17	89
1478	17	90
1479	17	91
1480	17	92
1481	17	93
1482	17	94
1483	17	95
1484	17	96
1485	17	97
1486	17	98
1487	17	99
1488	17	100
1489	17	101
1490	17	102
1491	17	103
1492	17	104
1493	17	105
1494	17	106
1495	17	107
1496	17	108
1497	17	109
1498	17	110
1499	17	111
1500	17	112
1501	17	113
1502	17	114
1503	17	115
1504	17	116
1505	17	117
1506	17	118
1507	17	119
1508	17	120
1509	17	121
1510	17	122
1511	17	123
1512	17	124
1513	17	125
1514	17	126
1515	17	127
1516	17	128
1517	17	129
1518	17	130
1519	17	131
1520	17	132
1521	17	133
1522	17	134
1523	17	135
1524	17	136
1525	17	137
1526	17	138
1527	17	139
1528	17	140
1529	17	141
1530	17	142
1531	17	143
1532	17	144
1533	17	145
1534	17	146
1535	17	147
1536	17	148
1537	17	149
1538	17	150
1539	17	151
1540	17	152
1541	17	153
1542	17	154
1543	17	155
1544	17	156
1545	17	157
1546	17	158
1547	17	159
1548	17	160
1549	17	161
1550	17	162
1551	17	163
1552	17	164
1553	17	165
1554	17	166
1555	17	167
1556	17	168
1557	17	169
1558	17	170
1559	17	171
1560	17	172
1561	17	173
1562	17	174
1563	17	175
1564	17	176
1565	17	177
1566	17	178
1567	17	179
1568	17	180
1569	17	181
1570	17	182
1571	17	183
1572	17	184
1573	17	185
1574	17	186
1575	17	187
1576	17	188
1577	17	189
1578	17	190
1579	17	191
1580	17	192
1581	17	193
1582	17	194
1583	17	195
1584	17	196
1585	17	197
1586	17	198
1587	17	199
1588	17	200
1589	17	201
1590	17	202
1591	17	203
1592	17	204
1593	17	205
1594	17	206
1595	17	207
1596	17	208
1597	17	209
1598	17	210
1599	17	211
1600	17	212
1601	17	213
1602	17	214
1603	17	215
1604	17	216
1605	17	217
1606	17	218
1607	17	219
1608	17	220
1609	17	221
1610	17	222
1611	17	223
1612	17	224
1613	17	225
1614	17	226
1615	17	227
1616	17	228
1617	17	229
1618	18	1
1619	18	2
1620	18	3
1621	18	4
1622	18	5
1623	18	6
1624	18	7
1625	18	8
1626	18	9
1627	18	10
1628	18	11
1629	18	12
1630	18	13
1631	18	14
1632	18	15
1633	18	16
1634	18	17
1635	18	18
1636	18	19
1637	18	20
1638	18	21
1639	18	22
1640	18	23
1641	18	24
1642	18	25
1643	18	26
1644	18	27
1645	18	28
1646	18	29
1647	18	30
1648	18	31
1649	18	32
1650	18	33
1651	18	34
1652	18	35
1653	18	36
1654	18	37
1655	18	38
1656	18	39
1657	18	40
1658	18	41
1659	18	42
1660	18	43
1661	18	44
1662	18	45
1663	18	46
1664	18	47
1665	18	48
1666	18	49
1667	18	50
1668	18	51
1669	18	52
1670	18	53
1671	18	54
1672	18	55
1673	18	56
1674	18	57
1675	18	58
1676	18	59
1677	18	60
1678	18	61
1679	18	62
1680	18	63
1681	18	64
1682	18	65
1683	18	66
1684	18	67
1685	18	68
1686	18	69
1687	18	70
1688	18	71
1689	18	72
1690	18	73
1691	18	74
1692	18	75
1693	18	76
1694	18	77
1695	18	78
1696	18	79
1697	18	80
1698	18	81
1699	18	82
1700	18	83
1701	18	84
1702	18	85
1703	18	86
1704	18	87
1705	18	88
1706	18	89
1707	18	90
1708	18	91
1709	18	92
1710	18	93
1711	18	94
1712	18	95
1713	18	96
1714	18	97
1715	18	98
1716	18	99
1717	18	100
1718	18	101
1719	18	102
1720	18	103
1721	18	104
1722	18	105
1723	18	106
1724	18	107
1725	18	108
1726	18	109
1727	18	110
1728	18	111
1729	18	112
1730	18	113
1731	18	114
1732	18	115
1733	18	116
1734	18	117
1735	18	118
1736	18	119
1737	18	120
1738	18	121
1739	18	122
1740	18	123
1741	18	124
1742	18	125
1743	18	126
1744	18	127
1745	18	128
1746	18	129
1747	18	130
1748	18	131
1749	18	132
1750	18	133
1751	18	134
1752	18	135
1753	18	136
1754	18	137
1755	18	138
1756	18	139
1757	18	140
1758	18	141
1759	18	142
1760	18	143
1761	18	144
1762	18	145
1763	18	146
1764	18	147
1765	18	148
1766	18	149
1767	18	150
1768	18	151
1769	18	152
1770	18	153
1771	18	154
1772	18	155
1773	18	156
1774	18	157
1775	18	158
1776	18	159
1777	18	160
1778	18	161
1779	18	162
1780	18	163
1781	18	164
1782	18	165
1783	18	166
1784	18	167
1785	18	168
1786	18	169
1787	18	170
1788	18	171
1789	18	172
1790	18	173
1791	18	174
1792	18	175
1793	18	176
1794	18	177
1795	18	178
1796	18	179
1797	18	180
1798	18	181
1799	18	182
1800	18	183
1801	18	184
1802	18	185
1803	18	186
1804	18	187
1805	18	188
1806	18	189
1807	18	190
1808	18	191
1809	18	192
1810	18	193
1811	18	194
1812	18	195
1813	18	196
1814	18	197
1815	18	198
1816	18	199
1817	18	200
1818	18	201
1819	18	202
1820	18	203
1821	18	204
1822	18	205
1823	18	206
1824	18	207
1825	18	208
1826	18	209
1827	18	210
1828	18	211
1829	18	212
1830	18	213
1831	18	214
1832	18	215
1833	18	216
1834	18	217
1835	18	218
1836	18	219
1837	18	220
1838	18	221
1839	18	222
1840	18	223
1841	18	224
1842	18	225
1843	18	226
1844	18	227
1845	18	228
1846	18	229
1847	19	224
1848	19	225
1849	19	226
1850	19	227
1851	19	228
1852	19	229
1853	19	223
1854	20	1
1855	20	2
1856	20	3
1857	20	4
1858	20	5
1859	20	6
1860	20	7
1861	20	8
1862	20	9
1863	20	10
1864	20	11
1865	20	12
1866	20	13
1867	20	14
1868	20	15
1869	20	16
1870	20	17
1871	20	18
1872	20	19
1873	20	20
1874	20	21
1875	20	22
1876	20	23
1877	20	24
1878	20	25
1879	20	26
1880	20	27
1881	20	28
1882	20	29
1883	20	30
1884	20	31
1885	20	32
1886	20	33
1887	20	34
1888	20	35
1889	20	36
1890	20	37
1891	20	38
1892	20	39
1893	20	40
1894	20	41
1895	20	42
1896	20	43
1897	20	44
1898	20	45
1899	20	46
1900	20	47
1901	20	48
1902	20	49
1903	20	50
1904	20	51
1905	20	52
1906	20	53
1907	20	54
1908	20	55
1909	20	56
1910	20	57
1911	20	58
1912	20	59
1913	20	60
1914	20	61
1915	20	62
1916	20	63
1917	20	64
1918	20	65
1919	20	66
1920	20	67
1921	20	68
1922	20	69
1923	20	70
1924	20	71
1925	20	72
1926	20	73
1927	20	74
1928	20	75
1929	20	76
1930	20	77
1931	20	78
1932	20	79
1933	20	80
1934	20	81
1935	20	82
1936	20	83
1937	20	84
1938	20	85
1939	20	86
1940	20	87
1941	20	88
1942	20	89
1943	20	90
1944	20	91
1945	20	92
1946	20	93
1947	20	94
1948	20	95
1949	20	96
1950	20	97
1951	20	98
1952	20	99
1953	20	100
1954	20	101
1955	20	102
1956	20	103
1957	20	104
1958	20	105
1959	20	106
1960	20	107
1961	20	108
1962	20	109
1963	20	110
1964	20	111
1965	20	112
1966	20	113
1967	20	114
1968	20	115
1969	20	116
1970	20	117
1971	20	118
1972	20	119
1973	20	120
1974	20	121
1975	20	122
1976	20	123
1977	20	124
1978	20	125
1979	20	126
1980	20	127
1981	20	128
1982	20	129
1983	20	130
1984	20	131
1985	20	132
1986	20	133
1987	20	134
1988	20	135
1989	20	136
1990	20	137
1991	20	138
1992	20	139
1993	20	140
1994	20	141
1995	20	142
1996	20	143
1997	20	144
1998	20	145
1999	20	146
2000	20	147
2001	20	148
2002	20	149
2003	20	150
2004	20	151
2005	20	152
2006	20	153
2007	20	154
2008	20	155
2009	20	156
2010	20	157
2011	20	158
2012	20	159
2013	20	160
2014	20	161
2015	20	162
2016	20	163
2017	20	164
2018	20	165
2019	20	166
2020	20	167
2021	20	168
2022	20	169
2023	20	170
2024	20	171
2025	20	172
2026	20	173
2027	20	174
2028	20	175
2029	20	176
2030	20	177
2031	20	178
2032	20	179
2033	20	180
2034	20	181
2035	20	182
2036	20	183
2037	20	184
2038	20	185
2039	20	186
2040	20	187
2041	20	188
2042	20	189
2043	20	190
2044	20	191
2045	20	192
2046	20	193
2047	20	194
2048	20	195
2049	20	196
2050	20	197
2051	20	198
2052	20	199
2053	20	200
2054	20	201
2055	20	202
2056	20	203
2057	20	204
2058	20	205
2059	20	206
2060	20	207
2061	20	208
2062	20	209
2063	20	210
2064	20	211
2065	20	212
2066	20	213
2067	20	214
2068	20	215
2069	20	216
2070	20	217
2071	20	218
2072	20	219
2073	20	220
2074	20	221
2075	20	222
2076	20	223
2077	20	224
2078	20	225
2079	20	226
2080	20	227
2081	20	228
2082	20	229
2083	21	224
2084	21	225
2085	21	226
2086	21	227
2087	21	228
2088	21	229
2089	21	223
2090	22	1
2091	22	2
2092	22	3
2093	22	4
2094	22	5
2095	22	6
2096	22	7
2097	22	8
2098	22	9
2099	22	10
2100	22	11
2101	22	12
2102	22	13
2103	22	14
2104	22	15
2105	22	16
2106	22	17
2107	22	18
2108	22	19
2109	22	20
2110	22	21
2111	22	22
2112	22	23
2113	22	24
2114	22	25
2115	22	26
2116	22	27
2117	22	28
2118	22	29
2119	22	30
2120	22	31
2121	22	32
2122	22	33
2123	22	34
2124	22	35
2125	22	36
2126	22	37
2127	22	38
2128	22	39
2129	22	40
2130	22	41
2131	22	42
2132	22	43
2133	22	44
2134	22	45
2135	22	46
2136	22	47
2137	22	48
2138	22	49
2139	22	50
2140	22	51
2141	22	52
2142	22	53
2143	22	54
2144	22	55
2145	22	56
2146	22	57
2147	22	58
2148	22	59
2149	22	60
2150	22	61
2151	22	62
2152	22	63
2153	22	64
2154	22	65
2155	22	66
2156	22	67
2157	22	68
2158	22	69
2159	22	70
2160	22	71
2161	22	72
2162	22	73
2163	22	74
2164	22	75
2165	22	76
2166	22	77
2167	22	78
2168	22	79
2169	22	80
2170	22	81
2171	22	82
2172	22	83
2173	22	84
2174	22	85
2175	22	86
2176	22	87
2177	22	88
2178	22	89
2179	22	90
2180	22	91
2181	22	92
2182	22	93
2183	22	94
2184	22	95
2185	22	96
2186	22	97
2187	22	98
2188	22	99
2189	22	100
2190	22	101
2191	22	102
2192	22	103
2193	22	104
2194	22	105
2195	22	106
2196	22	107
2197	22	108
2198	22	109
2199	22	110
2200	22	111
2201	22	112
2202	22	113
2203	22	114
2204	22	115
2205	22	116
2206	22	117
2207	22	118
2208	22	119
2209	22	120
2210	22	121
2211	22	122
2212	22	123
2213	22	124
2214	22	125
2215	22	126
2216	22	127
2217	22	128
2218	22	129
2219	22	130
2220	22	131
2221	22	132
2222	22	133
2223	22	134
2224	22	135
2225	22	136
2226	22	137
2227	22	138
2228	22	139
2229	22	140
2230	22	141
2231	22	142
2232	22	143
2233	22	144
2234	22	145
2235	22	146
2236	22	147
2237	22	148
2238	22	149
2239	22	150
2240	22	151
2241	22	152
2242	22	153
2243	22	154
2244	22	155
2245	22	156
2246	22	157
2247	22	158
2248	22	159
2249	22	160
2250	22	161
2251	22	162
2252	22	163
2253	22	164
2254	22	165
2255	22	166
2256	22	167
2257	22	168
2258	22	169
2259	22	170
2260	22	171
2261	22	172
2262	22	173
2263	22	174
2264	22	175
2265	22	176
2266	22	177
2267	22	178
2268	22	179
2269	22	180
2270	22	181
2271	22	182
2272	22	183
2273	22	184
2274	22	185
2275	22	186
2276	22	187
2277	22	188
2278	22	189
2279	22	190
2280	22	191
2281	22	192
2282	22	193
2283	22	194
2284	22	195
2285	22	196
2286	22	197
2287	22	198
2288	22	199
2289	22	200
2290	22	201
2291	22	202
2292	22	203
2293	22	204
2294	22	205
2295	22	206
2296	22	207
2297	22	208
2298	22	209
2299	22	210
2300	22	211
2301	22	212
2302	22	213
2303	22	214
2304	22	215
2305	22	216
2306	22	217
2307	22	218
2308	22	219
2309	22	220
2310	22	221
2311	22	222
2312	22	223
2313	22	224
2314	22	225
2315	22	226
2316	22	227
2317	22	228
2318	22	229
2319	8	1
2320	8	2
2321	8	3
2322	8	4
2323	8	5
2324	8	6
2325	8	7
2326	8	8
2327	8	9
2328	8	10
2329	8	11
2330	8	12
2331	8	13
2332	8	14
2333	8	15
2334	8	16
2335	8	17
2336	8	18
2337	8	19
2338	8	20
2339	8	21
2340	8	22
2341	8	23
2342	8	24
2343	8	25
2344	8	26
2345	8	27
2346	8	28
2347	8	29
2348	8	30
2349	8	31
2350	8	32
2351	8	33
2352	8	34
2353	8	35
2354	8	36
2355	8	37
2356	8	38
2357	8	39
2358	8	40
2359	8	41
2360	8	42
2361	8	43
2362	8	44
2363	8	45
2364	8	46
2365	8	47
2366	8	48
2367	8	49
2368	8	50
2369	8	51
2370	8	52
2371	8	53
2372	8	54
2373	8	55
2374	8	56
2375	8	57
2376	8	58
2377	8	59
2378	8	60
2379	8	61
2380	8	62
2381	8	63
2382	8	64
2383	8	65
2384	8	66
2385	8	67
2386	8	68
2387	8	69
2388	8	70
2389	8	71
2390	8	72
2391	8	73
2392	8	74
2393	8	75
2394	8	76
2395	8	77
2396	8	78
2397	8	79
2398	8	80
2399	8	81
2400	8	82
2401	8	83
2402	8	84
2403	8	85
2404	8	86
2405	8	87
2406	8	88
2407	8	89
2408	8	90
2409	8	91
2410	8	92
2411	8	93
2412	8	94
2413	8	95
2414	8	96
2415	8	97
2416	8	98
2417	8	99
2418	8	100
2419	8	101
2420	8	102
2421	8	103
2422	8	104
2423	8	105
2424	8	106
2425	8	107
2426	8	108
2427	8	109
2428	8	110
2429	8	111
2430	8	112
2431	8	113
2432	8	114
2433	8	115
2434	8	116
2435	8	117
2436	8	118
2437	8	119
2438	8	120
2439	8	121
2440	8	122
2441	8	123
2442	8	124
2443	8	125
2444	8	126
2445	8	127
2446	8	128
2447	8	129
2448	8	130
2449	8	131
2450	8	132
2451	8	133
2452	8	134
2453	8	135
2454	8	136
2455	8	137
2456	8	138
2457	8	139
2458	8	140
2459	8	141
2460	8	142
2461	8	143
2462	8	144
2463	8	145
2464	8	146
2465	8	147
2466	8	148
2467	8	149
2468	8	150
2469	8	151
2470	8	152
2471	8	153
2472	23	1
2473	23	2
2474	23	3
2475	23	4
2476	23	5
2477	23	6
2478	23	7
2479	23	8
2480	23	9
2481	23	10
2482	23	11
2483	23	12
2484	23	13
2485	23	14
2486	23	15
2487	23	16
2488	23	17
2489	23	18
2490	23	19
2491	23	20
2492	23	21
2493	23	22
2494	23	23
2495	23	24
2496	23	25
2497	23	26
2498	23	27
2499	23	28
2500	23	29
2501	23	30
2502	23	31
2503	23	32
2504	23	33
2505	23	34
2506	23	35
2507	23	36
2508	23	37
2509	23	38
2510	23	39
2511	23	40
2512	23	41
2513	23	42
2514	23	43
2515	23	44
2516	23	45
2517	23	46
2518	23	47
2519	23	48
2520	23	49
2521	23	50
2522	23	51
2523	23	52
2524	23	53
2525	23	54
2526	23	55
2527	23	56
2528	23	57
2529	23	58
2530	23	59
2531	23	60
2532	23	61
2533	23	62
2534	23	63
2535	23	64
2536	23	65
2537	23	66
2538	23	67
2539	23	68
2540	23	69
2541	23	70
2542	23	71
2543	23	72
2544	23	73
2545	23	74
2546	23	75
2547	23	76
2548	23	77
2549	23	78
2550	23	79
2551	23	80
2552	23	81
2553	23	82
2554	23	83
2555	23	84
2556	23	85
2557	23	86
2558	23	87
2559	23	88
2560	23	89
2561	23	90
2562	23	91
2563	23	92
2564	23	93
2565	23	94
2566	23	95
2567	23	96
2568	23	97
2569	23	98
2570	23	99
2571	23	100
2572	23	101
2573	23	102
2574	23	103
2575	23	104
2576	23	105
2577	23	106
2578	23	107
2579	23	108
2580	23	109
2581	23	110
2582	23	111
2583	23	112
2584	23	113
2585	23	114
2586	23	115
2587	23	116
2588	23	117
2589	23	118
2590	23	119
2591	23	120
2592	23	121
2593	23	122
2594	23	123
2595	23	124
2596	23	125
2597	23	126
2598	23	127
2599	23	128
2600	23	129
2601	23	130
2602	23	131
2603	23	132
2604	23	133
2605	23	134
2606	23	135
2607	23	136
2608	23	137
2609	23	138
2610	23	139
2611	23	140
2612	23	141
2613	23	142
2614	23	143
2615	23	144
2616	23	145
2617	23	146
2618	23	147
2619	23	148
2620	23	149
2621	23	150
2622	23	151
2623	23	152
2624	23	153
2625	23	154
2626	23	155
2627	23	156
2628	23	157
2629	23	158
2630	23	159
2631	23	160
2632	23	161
2633	23	162
2634	23	163
2635	23	164
2636	23	165
2637	23	166
2638	23	167
2639	23	168
2640	23	169
2641	23	170
2642	23	171
2643	23	172
2644	23	173
2645	23	174
2646	23	175
2647	23	176
2648	23	177
2649	23	178
2650	23	179
2651	23	180
2652	23	181
2653	23	182
2654	23	183
2655	23	184
2656	23	185
2657	23	186
2658	23	187
2659	23	188
2660	23	189
2661	23	190
2662	23	191
2663	23	192
2664	23	193
2665	23	194
2666	23	195
2667	23	196
2668	23	197
2669	23	198
2670	23	199
2671	23	200
2672	23	201
2673	23	202
2674	23	203
2675	23	204
2676	23	205
2677	23	206
2678	23	207
2679	23	208
2680	23	209
2681	23	210
2682	23	211
2683	23	212
2684	23	213
2685	23	214
2686	23	215
2687	23	216
2688	23	217
2689	23	218
2690	23	219
2691	23	220
2692	23	221
2693	23	222
2694	23	223
2695	23	224
2696	23	225
2697	23	226
2698	23	227
2699	23	228
2700	23	229
2701	24	224
2702	24	225
2703	24	226
2704	24	227
2705	24	228
2706	24	229
2707	24	223
2708	25	224
2709	25	225
2710	25	226
2711	25	227
2712	25	228
2713	25	229
2714	25	223
\.


--
-- Name: auth_group_permissions_id_seq; Type: SEQUENCE SET; Schema: public; Owner: request
--

SELECT pg_catalog.setval('public.auth_group_permissions_id_seq', 2714, true);


--
-- Data for Name: auth_permission; Type: TABLE DATA; Schema: public; Owner: request
--

COPY public.auth_permission (id, name, content_type_id, codename) FROM stdin;
1	Can add log entry	1	add_logentry
2	Can change log entry	1	change_logentry
3	Can delete log entry	1	delete_logentry
4	Can add group	2	add_group
5	Can change group	2	change_group
6	Can delete group	2	delete_group
7	Can add permission	3	add_permission
8	Can change permission	3	change_permission
9	Can delete permission	3	delete_permission
10	Can add user	4	add_user
11	Can change user	4	change_user
12	Can delete user	4	delete_user
13	Can add content type	5	add_contenttype
14	Can change content type	5	change_contenttype
15	Can delete content type	5	delete_contenttype
16	Can add session	6	add_session
17	Can change session	6	change_session
18	Can delete session	6	delete_session
19	Can add event relation	7	add_eventrelation
20	Can change event relation	7	change_eventrelation
21	Can delete event relation	7	delete_eventrelation
22	Can add calendar	8	add_calendar
23	Can change calendar	8	change_calendar
24	Can delete calendar	8	delete_calendar
25	Can add rule	9	add_rule
26	Can change rule	9	change_rule
27	Can delete rule	9	delete_rule
28	Can add occurrence	10	add_occurrence
29	Can change occurrence	10	change_occurrence
30	Can delete occurrence	10	delete_occurrence
31	Can add event	11	add_event
32	Can change event	11	change_event
33	Can delete event	11	delete_event
34	Can add calendar relation	12	add_calendarrelation
35	Can change calendar relation	12	change_calendarrelation
36	Can delete calendar relation	12	delete_calendarrelation
37	Can add profile	13	add_profile
38	Can change profile	13	change_profile
39	Can delete profile	13	delete_profile
40	Can add   	14	add_menu
41	Can change   	14	change_menu
42	Can delete   	14	delete_menu
43	Can add  	15	add_machine_production
44	Can change  	15	change_machine_production
45	Can delete  	15	delete_machine_production
46	Can add  	16	add_status_task
47	Can change  	16	change_status_task
48	Can delete  	16	delete_status_task
49	Can add / 	17	add_coworker
50	Can change / 	17	change_coworker
51	Can delete / 	17	delete_coworker
52	Can add  	18	add_typenotification_task
53	Can change  	18	change_typenotification_task
54	Can delete  	18	delete_typenotification_task
55	Can add  	19	add_partner
56	Can change  	19	change_partner
57	Can delete  	19	delete_partner
58	Can add  	20	add_tare
59	Can change  	20	change_tare
60	Can delete  	20	delete_tare
61	Can add   	21	add_status
62	Can change   	21	change_status
63	Can delete   	21	delete_status
64	Can add  	22	add_products
65	Can change  	22	change_products
66	Can delete  	22	delete_products
67	Can add  	23	add_magnetic_installations
68	Can change  	23	change_magnetic_installations
69	Can delete  	23	delete_magnetic_installations
70	Can add  	24	add_cereal_crop
71	Can change  	24	change_cereal_crop
72	Can delete  	24	delete_cereal_crop
73	Can add  	25	add_posts
74	Can change  	25	change_posts
75	Can delete  	25	delete_posts
76	Can add  	26	add_bhm
77	Can change  	26	change_bhm
78	Can delete  	26	delete_bhm
79	Can add  	27	add_fixed_assets
80	Can change  	27	change_fixed_assets
81	Can delete  	27	delete_fixed_assets
82	Can add  	28	add_constants
83	Can change  	28	change_constants
84	Can delete  	28	delete_constants
85	Can add  	29	add_sil
86	Can change  	29	change_sil
87	Can delete  	29	delete_sil
88	Can add / 	30	add_area
89	Can change / 	30	change_area
90	Can delete / 	30	delete_area
91	Can add  	31	add_okk_operational_quality_control_flour
92	Can change  	31	change_okk_operational_quality_control_flour
93	Can delete  	31	delete_okk_operational_quality_control_flour
94	.  	31	okk_oqcf_list_view
95	.  	31	okk_oqcf_item_view
96	.  	31	okk_oqcf_item_add
97	.  	31	okk_oqcf_item_edit
98	Can add  	32	add_okk_control_grain_moisture
99	Can change  	32	change_okk_control_grain_moisture
100	Can delete  	32	delete_okk_control_grain_moisture
101	.  	32	okk_cgm_list_view
102	.  	32	okk_cgm_item_view
103	.  	32	okk_cgm_item_add
104	.  	32	okk_cgm_item_edit
105	Can add  	33	add_okk_operational_quality_control_semolina
106	Can change  	33	change_okk_operational_quality_control_semolina
107	Can delete  	33	delete_okk_operational_quality_control_semolina
108	.  	33	okk_oqcs_list_view
109	.  	33	okk_oqcs_item_view
110	.  	33	okk_oqcs_item_add
111	.  	33	okk_oqcs_item_edit
112	Can add  	34	add_okk_wheat_quality_control
113	Can change  	34	change_okk_wheat_quality_control
114	Can delete  	34	delete_okk_wheat_quality_control
115	.  	34	okk_wqc_list_view
116	.  	34	okk_wqc_item_view
117	.  	34	okk_wqc_item_add
118	.  	34	okk_wqc_item_edit
119	Can add  	35	add_okk_packproducts_quality_control
120	Can change  	35	change_okk_packproducts_quality_control
121	Can delete  	35	delete_okk_packproducts_quality_control
122	.  	35	okk_pqc_list_view
123	.  	35	okk_pqc_item_view
124	.  	35	okk_pqc_item_add
125	.  	35	okk_pqc_item_edit
126	Can add   	36	add_product_line_operator
127	Can change   	36	change_product_line_operator
128	Can delete   	36	delete_product_line_operator
129	.  	36	p_lo_list_view
130	.  	36	p_lo_item_view
131	.  	36	p_lo_item_add
132	.  	36	p_lo_item_edit
133	Can add   	37	add_product_packing_equipment_adjuster
134	Can change   	37	change_product_packing_equipment_adjuster
135	Can delete   	37	delete_product_packing_equipment_adjuster
136	.  	37	p_pea_list_view
137	.  	37	p_pea_item_view
138	.  	37	p_pea_item_add
139	.  	37	p_pea_item_edit
140	Can add   	38	add_product_equipment_breakdown_repair
141	Can change   	38	change_product_equipment_breakdown_repair
142	Can delete   	38	delete_product_equipment_breakdown_repair
143	.  	38	p_ebr_list_view
144	.  	38	p_ebr_item_view
145	.  	38	p_ebr_item_add
146	.  	38	p_ebr_item_edit
147	Can add  	39	add_product_work_plan
148	Can change  	39	change_product_work_plan
149	Can delete  	39	delete_product_work_plan
150	.  	39	p_wp_list_view
151	.  	39	p_wp_item_view
152	.  	39	p_wp_item_add
153	.  	39	p_wp_item_edit
154	Can add  	40	add_mill_grain_waste_accounting
155	Can change  	40	change_mill_grain_waste_accounting
156	Can delete  	40	delete_mill_grain_waste_accounting
157	.  	40	m_gwa_list_view
158	.  	40	m_gwa_item_view
159	.  	40	m_gwa_item_add
160	.  	40	m_gwa_item_edit
161	Can add  	41	add_mill_control_magnetic_installations
162	Can change  	41	change_mill_control_magnetic_installations
163	Can delete  	41	delete_mill_control_magnetic_installations
164	.  	41	m_cmi_list_view
165	.  	41	m_cmi_item_view
166	.  	41	m_cmi_item_add
167	.  	41	m_cmi_item_edit
168	Can add  	42	add_mill_technological
169	Can change  	42	change_mill_technological
170	Can delete  	42	delete_mill_technological
171	.  	42	m_tech_list_view
172	.  	42	m_tech_item_view
173	.  	42	m_tech_item_add
174	.  	42	m_tech_item_edit
175	Can add mill_technological_child_bhm	43	add_mill_technological_child_bhm
176	Can change mill_technological_child_bhm	43	change_mill_technological_child_bhm
177	Can delete mill_technological_child_bhm	43	delete_mill_technological_child_bhm
178	Can add  	44	add_elevator_shipment_wheat_to_mill
179	Can change  	44	change_elevator_shipment_wheat_to_mill
180	Can delete  	44	delete_elevator_shipment_wheat_to_mill
181	.  	44	m_eswm_list_view
182	.  	44	m_eswm_item_view
183	.  	44	m_eswm_item_add
184	.  	44	m_eswm_item_edit
185	Can add  	45	add_mill_bagging
186	Can change  	45	change_mill_bagging
187	Can delete  	45	delete_mill_bagging
188	 .  	45	m_bag_list_view
189	 .  	45	m_bag_item_view
190	 .  	45	m_bag_item_add
191	 .  	45	m_bag_item_edit
192	Can add  	46	add_elevator_grain_intake
193	Can change  	46	change_elevator_grain_intake
194	Can delete  	46	delete_elevator_grain_intake
195	.  	46	m_egi_list_view
196	.  	46	m_egi_item_view
197	.  	46	m_egi_item_add
198	.  	46	m_egi_item_edit
199	Can add  	47	add_mill_storage_flour_accounting
200	Can change  	47	change_mill_storage_flour_accounting
201	Can delete  	47	delete_mill_storage_flour_accounting
202	.  	47	m_sfa_list_view
203	.  	47	m_sfa_item_view
204	.  	47	m_sfa_item_add
205	.  	47	m_sfa_item_edit
206	Can add elevator_shipment_wheat_to_mill_child_sil	48	add_elevator_shipment_wheat_to_mill_child_sil
207	Can change elevator_shipment_wheat_to_mill_child_sil	48	change_elevator_shipment_wheat_to_mill_child_sil
208	Can delete elevator_shipment_wheat_to_mill_child_sil	48	delete_elevator_shipment_wheat_to_mill_child_sil
209	Can add  	49	add_mill_laboratory_work
210	Can change  	49	change_mill_laboratory_work
211	Can delete  	49	delete_mill_laboratory_work
212	.  	49	m_lw_list_view
213	.  	49	m_lw_item_view
214	.  	49	m_lw_item_add
215	.  	49	m_lw_item_edit
216	Can add  	50	add_elevator_grain_waste_accounting
217	Can change  	50	change_elevator_grain_waste_accounting
218	Can delete  	50	delete_elevator_grain_waste_accounting
219	.  	50	m_egwa_list_view
220	.  	50	m_egwa_item_view
221	.  	50	m_egwa_item_add
222	.  	50	m_egwa_item_edit
223	Can add  	51	add_user_task
224	Can change  	51	change_user_task
225	Can delete  	51	delete_user_task
226	.  	51	task_list_view
227	.  	51	task_item_view
228	.  	51	task_item_add
229	.  	51	task_item_edit
230	Can add month_list	52	add_month_list
231	Can change month_list	52	change_month_list
232	Can delete month_list	52	delete_month_list
233	Can add  	53	add_status_machine
234	Can change  	53	change_status_machine
235	Can delete  	53	delete_status_machine
236	Can add   	54	add_types_client
237	Can change   	54	change_types_client
238	Can delete   	54	delete_types_client
239	Can add  	55	add_city
240	Can change  	55	change_city
241	Can delete  	55	delete_city
242	Can add   	56	add_servicecompanies
243	Can change   	56	change_servicecompanies
244	Can delete   	56	delete_servicecompanies
245	Can add / 	56	add_factory
246	Can change / 	56	change_factory
247	Can delete / 	56	delete_factory
\.


--
-- Name: auth_permission_id_seq; Type: SEQUENCE SET; Schema: public; Owner: request
--

SELECT pg_catalog.setval('public.auth_permission_id_seq', 247, true);


--
-- Data for Name: auth_user; Type: TABLE DATA; Schema: public; Owner: request
--

COPY public.auth_user (id, password, last_login, is_superuser, username, first_name, last_name, email, is_staff, is_active, date_joined) FROM stdin;
22	pbkdf2_sha256$36000$vtvyEBPIC44q$pPk8DjnchXLvvaYHuMLWVBLCPniEUkDiK80kHcSk79M=	\N	f	esn	..		efremov@agro-al.ru	f	t	2019-03-27 17:47:56+05
39	pbkdf2_sha256$36000$nPJN7bqxpYa0$XSFEGbh2WE0CL3fK2suoiVckSu5xk4QIqNVBBMS460A=	2019-04-18 16:29:20.825373+05	f	florinskiy	..		florinskiy@agro-al.ru	f	t	2019-04-18 15:56:59+05
36	pbkdf2_sha256$36000$TGYtFLEmLgaj$fpqRAHWaXdlO2PwzsGBp1UYqptGLwS2gXviPj0wz318=	2019-07-18 08:35:42.185447+05	f	malygin	.			f	t	2019-04-05 08:36:43+05
32	pbkdf2_sha256$36000$fKBoPaMTqxoM$6bi0AjTAtyx5j8tkL876wJ2jlJ7AHedR0y2vhX7mmbE=	2019-04-17 14:30:49.654076+05	f	ilyasova	..		ilyasova@agro-al.ru	f	t	2019-04-03 09:25:13+05
23	pbkdf2_sha256$36000$VOHU4ieDYQIT$Zcs9maTsEfQ6vRgBWWlZqYvXxlhPCPyZI40uavm1baA=	\N	f	raydenko	..		raydenko@agro-al.ru	f	t	2019-03-27 17:50:19+05
12	pbkdf2_sha256$36000$Zfy7hLb8Atu0$udMrj5d/PSms9Dvik9M/3ERcPXIEZiC+vy201m1I//o=	2019-04-03 09:41:10.256358+05	f	mazaev	 		j.mazaev@agro-al.ru	f	t	2019-03-19 13:42:52+05
10	pbkdf2_sha256$36000$ZOICMShQoRPl$ypPyqP2rhLam4Pf4iV6TGqT+NGsastb3TefPTbCXnJ0=	2019-06-18 13:38:10.564102+05	f	mitin	/		mitin@agro-al.ru	f	t	2019-03-06 11:11:09+05
37	pbkdf2_sha256$36000$zcKHz9me8As3$3PTrnkJfJvEtKFB1lkRiuQT/wheJxRS53ZlBlV+ol4w=	2019-06-10 08:27:28.591609+05	f	asel	..		karamsakova@agro-al.ru	f	t	2019-04-12 11:31:28+05
9	pbkdf2_sha256$36000$LxiA15SA4yU5$Td0WjXBoZ3HqxVOfPA269XYEI40JgztbDe50MYA0los=	2019-07-15 16:49:38.940603+05	f	mazaevma	..		mazaev.m1@mail.ru	f	t	2019-03-05 16:28:44+05
34	pbkdf2_sha256$36000$tzT7S3f66xKB$O3v+MUszTUrf0oobwNfQM4IXlBciBJlmwp9LXPnslcQ=	2019-05-13 14:05:45.127149+05	f	rss	..			f	t	2019-04-05 08:30:29+05
17	pbkdf2_sha256$36000$y3yKB6YCPXFv$9/0QSFreTH1Kcu6m7uA84zJHgi/HbH7z88qoABVv2Bk=	2019-06-25 20:36:02.535869+05	f	maksimov	..			f	t	2019-03-21 19:30:51+05
20	pbkdf2_sha256$36000$Xh71lVwuMc5w$FNShezTq/bX7uSpyWkqUYTtpGCZG6l8FmKclzUN58ZQ=	2019-06-29 15:31:36.294687+05	f	ruseev	..		ruseev@agro-al.ru	f	t	2019-03-27 17:44:48+05
29	pbkdf2_sha256$36000$E6HvJQcMb41n$gx5wbfq4Ax0+XLFLdhl4tryhS9at7Uk/CiS+/J0qV6s=	\N	f	rayanova	..		rayanova@agro-al.ru	f	t	2019-04-02 09:22:17+05
30	pbkdf2_sha256$36000$AzwgpB7VMEtE$UmH9iHCUhRhL1GmMl5G5UA3YmK8ZNnYWKi577tSn8Tw=	\N	f	gopanenko	..		gopanenko@agro-al.ru	f	t	2019-04-02 09:25:01+05
18	pbkdf2_sha256$36000$G4osnIAU5VCx$uMXI7rPGJH9yFjH42f+0wGheMXiUxX5dKXMc3NNjcF8=	2019-07-03 06:43:44.875243+05	f	shapilov	..			f	t	2019-03-21 19:32:58+05
27	pbkdf2_sha256$36000$DuVLTFsfSY4Q$NhbOo5mFSDH9eCfNju1jRXP5VqJTW3yZ1yNK82MisC8=	\N	f	bryleva	..		bryleva@agro-al.ru	f	t	2019-04-02 09:09:07+05
1	pbkdf2_sha256$36000$APiUykmSKWzc$JP4PLk8hpxHbnyBvpKweL3jr9vj+xW94vklE91dqLBo=	2019-07-18 16:32:47.421161+05	t	bondarenkoav	 		printex.orsk@gmail.com	t	t	2019-03-04 16:15:05+05
21	pbkdf2_sha256$36000$vTsfmknHFlNO$1IO9Xyqhlpu+uJ0+uMJLnoqlsb63dycTo8zIs6f1yM4=	2019-04-10 16:11:18.252109+05	f	pahomov	..		pahomov@agro-al.ru	f	t	2019-03-27 17:46:23+05
26	pbkdf2_sha256$36000$nJhfY2LKJdSq$Uxdx6gaa53AAb/XkUR1VR5GfHlwbt9YXCIp7wDyyttA=	2019-04-02 09:04:57+05	f	sytnik	..		bybko@agro-al.ru	f	t	2019-04-02 09:04:15+05
25	pbkdf2_sha256$36000$gX4qjpz2LdUE$ADgBXMQ7Vhqr428VQlfnHUKGPRaTsOfqb56Zd5dU/qA=	2019-06-10 10:24:30.098698+05	f	mironov	..		mironov@agro-al.ru	f	t	2019-04-02 08:50:06+05
24	pbkdf2_sha256$36000$FRsApdHfshFu$lsfghHswVEAKvq3Q2w+fboRiQdXxZuPD1XBgEGoxy3o=	2019-03-28 10:27:06.238726+05	f	vaddil			dilmuhametov@agro-al.ru	f	t	2019-03-28 10:25:48+05
19	pbkdf2_sha256$36000$NIzPHvkWQqND$lmBBw6HGIfGtWWmwcKX7a6NlUN7UbsMSjACYBnnA/ts=	2019-07-03 19:04:53.930186+05	f	bisembaev	..			f	t	2019-03-21 19:34:39+05
14	pbkdf2_sha256$36000$iZ5jJpwk0Qxr$BLbtK5U3PU9g5SxkF5Nwe/afxCN4Rlqcu0Wf82cmidA=	2019-07-18 15:45:54.218091+05	f	vae	..			f	t	2019-03-21 19:13:20+05
35	pbkdf2_sha256$36000$izgWzGFwn2Bm$CZUj1TTNv0yl690Ce9X7sVfqqhWhUPi2s5QWAG9LhDc=	\N	f	sheltoganov	..			f	t	2019-04-05 08:33:53+05
16	pbkdf2_sha256$36000$zlYTHNaVRH1c$4KHEcKMKjmRuMxcMCtV2PMLpy81WzrYGe9QK1y5IRz0=	2019-06-27 19:07:12.014042+05	f	nesterov	..		nesterov@agro-al.ru	f	t	2019-03-21 19:24:48+05
41	pbkdf2_sha256$36000$UmTsf0mqgdAY$ygWPZKWrD/Fd3aLd8Z6KUrNiAS6tFaN7xOlZIYOTnC4=	2019-07-16 10:11:34.871384+05	f	pluhov		..		f	t	2019-05-30 11:22:20+05
40	pbkdf2_sha256$36000$D5V4Rj952zTi$Uwl2TKtcc82tliLezDNaWoVrjB2S0H1uoME4af6o4zM=	2019-07-09 13:21:17.884906+05	f	kozlova	..		kozlova@agro-al.ru	f	t	2019-04-19 15:09:22+05
31	pbkdf2_sha256$36000$3GN2uayOuIW9$N7NFCeRNdWkBHNASE1YUPdhfvQtWNx/K9TuzZLUQfnM=	\N	f	kozhemyakina	..		kozhemyakina@agro-al.ru	f	t	2019-04-03 09:10:49+05
13	pbkdf2_sha256$36000$k5EZod4EfPc7$OP0ZrOTsT32p5YqK6FTUp8Jy7lUkW4cERCRA84ieV0U=	2019-07-10 08:45:26.266791+05	f	popov	..			f	t	2019-03-21 19:04:36+05
38	pbkdf2_sha256$36000$fsC4jPolg6nl$SFKErZLcWymN2ikKrbzFMKcTMEat/YPGcpgxt+/IJQU=	\N	f	tsn	..			f	t	2019-04-12 12:06:47+05
33	pbkdf2_sha256$36000$9H6oPrLnvLF9$jnf1hotXazlciFdBi44qAl/0tFC7SbZOPMrP1wV6lZM=	2019-04-04 10:32:13.545652+05	f	zalesskiy	..		mehanik2-72z@yandex.ru	f	t	2019-04-04 10:28:42+05
8	pbkdf2_sha256$36000$plNBKlgrju96$8i8d9Hcy3s0hAS55IFTjfMnhaSh5vbbM/XKN5TNp6Sw=	2019-07-18 16:39:49.588308+05	t	kovinal	 		kovin@agro-al.ru	t	t	2019-03-05 12:50:00+05
15	pbkdf2_sha256$36000$4DJax26mkLf7$iTXf3zGD1A1JmqF4G+7X0ux+E+Q8/onEXxMl87RFd1M=	2019-07-12 15:18:11.182412+05	f	superstar	. .			f	t	2019-03-21 19:17:35+05
28	pbkdf2_sha256$36000$UfpzAiwCc16Z$4+vpzsDWqVJgvnyd8ecy8aBzhAIb+v3z3mHaKq0TW7w=	2019-06-28 15:57:01.552395+05	f	maevskaya	..		maevskaya@agro-al.ru	f	t	2019-04-02 09:12:02+05
11	pbkdf2_sha256$36000$qALUglPuO4gu$pBI3X7aa8SFLI/Hw6zYILQwgnGKX5NIIltOX/T928LM=	2019-05-20 11:00:20.991745+05	f	korolev	..		korolev@agro-al.ru	f	t	2019-03-19 13:35:47+05
\.


--
-- Data for Name: auth_user_groups; Type: TABLE DATA; Schema: public; Owner: request
--

COPY public.auth_user_groups (id, user_id, group_id) FROM stdin;
1	9	1
2	8	2
3	10	3
4	11	3
5	11	4
6	11	5
8	12	7
9	13	2
10	14	2
11	15	2
12	16	8
13	17	8
14	18	8
15	19	8
16	20	21
17	21	19
18	22	18
19	23	6
20	23	7
21	24	23
22	25	13
23	25	14
24	26	24
25	27	12
26	28	20
27	29	15
28	30	8
29	31	16
30	32	17
31	33	4
32	34	8
33	35	8
34	36	8
35	37	13
36	38	25
37	39	13
38	40	20
39	41	11
40	41	6
41	8	18
\.


--
-- Name: auth_user_groups_id_seq; Type: SEQUENCE SET; Schema: public; Owner: request
--

SELECT pg_catalog.setval('public.auth_user_groups_id_seq', 41, true);


--
-- Name: auth_user_id_seq; Type: SEQUENCE SET; Schema: public; Owner: request
--

SELECT pg_catalog.setval('public.auth_user_id_seq', 41, true);


--
-- Data for Name: auth_user_user_permissions; Type: TABLE DATA; Schema: public; Owner: request
--

COPY public.auth_user_user_permissions (id, user_id, permission_id) FROM stdin;
1	9	224
2	9	225
3	9	226
4	9	227
5	9	228
6	9	229
7	9	223
8	10	16
9	10	17
10	10	18
11	10	19
12	10	20
13	10	21
14	10	22
15	10	23
16	10	24
17	10	25
18	10	26
19	10	27
20	10	28
21	10	29
22	10	30
23	10	31
24	10	32
25	10	33
26	10	34
27	10	35
28	10	36
29	10	223
30	10	224
31	10	225
32	10	226
33	10	227
34	10	228
35	10	229
36	12	1
37	12	2
38	12	3
39	12	4
40	12	5
41	12	6
42	12	7
43	12	8
44	12	9
45	12	10
46	12	11
47	12	12
48	12	13
49	12	14
50	12	15
51	12	16
52	12	17
53	12	18
54	12	19
55	12	20
56	12	21
57	12	22
58	12	23
59	12	24
60	12	25
61	12	26
62	12	27
63	12	28
64	12	29
65	12	30
66	12	31
67	12	32
68	12	33
69	12	34
70	12	35
71	12	36
72	12	37
73	12	38
74	12	39
75	12	40
76	12	41
77	12	42
78	12	43
79	12	44
80	12	45
81	12	46
82	12	47
83	12	48
84	12	49
85	12	50
86	12	51
87	12	52
88	12	53
89	12	54
90	12	55
91	12	56
92	12	57
93	12	58
94	12	59
95	12	60
96	12	61
97	12	62
98	12	63
99	12	64
100	12	65
101	12	66
102	12	67
103	12	68
104	12	69
105	12	70
106	12	71
107	12	72
108	12	73
109	12	74
110	12	75
111	12	76
112	12	77
113	12	78
114	12	79
115	12	80
116	12	81
117	12	82
118	12	83
119	12	84
120	12	85
121	12	86
122	12	87
123	12	88
124	12	89
125	12	90
126	12	91
127	12	92
128	12	93
129	12	94
130	12	95
131	12	96
132	12	97
133	12	98
134	12	99
135	12	100
136	12	101
137	12	102
138	12	103
139	12	104
140	12	105
141	12	106
142	12	107
143	12	108
144	12	109
145	12	110
146	12	111
147	12	112
148	12	113
149	12	114
150	12	115
151	12	116
152	12	117
153	12	118
154	12	119
155	12	120
156	12	121
157	12	122
158	12	123
159	12	124
160	12	125
161	12	126
162	12	127
163	12	128
164	12	129
165	12	130
166	12	131
167	12	132
168	12	133
169	12	134
170	12	135
171	12	136
172	12	137
173	12	138
174	12	139
175	12	140
176	12	141
177	12	142
178	12	143
179	12	144
180	12	145
181	12	146
182	12	147
183	12	148
184	12	149
185	12	150
186	12	151
187	12	152
188	12	153
189	12	154
190	12	155
191	12	156
192	12	157
193	12	158
194	12	159
195	12	160
196	12	161
197	12	162
198	12	163
199	12	164
200	12	165
201	12	166
202	12	167
203	12	168
204	12	169
205	12	170
206	12	171
207	12	172
208	12	173
209	12	174
210	12	175
211	12	176
212	12	177
213	12	178
214	12	179
215	12	180
216	12	181
217	12	182
218	12	183
219	12	184
220	12	185
221	12	186
222	12	187
223	12	188
224	12	189
225	12	190
226	12	191
227	12	192
228	12	193
229	12	194
230	12	195
231	12	196
232	12	197
233	12	198
234	12	199
235	12	200
236	12	201
237	12	202
238	12	203
239	12	204
240	12	205
241	12	206
242	12	207
243	12	208
244	12	209
245	12	210
246	12	211
247	12	212
248	12	213
249	12	214
250	12	215
251	12	216
252	12	217
253	12	218
254	12	219
255	12	220
256	12	221
257	12	222
258	12	223
259	12	224
260	12	225
261	12	226
262	12	227
263	12	228
264	12	229
265	13	16
266	13	17
267	13	18
268	13	19
269	13	20
270	13	21
271	13	22
272	13	23
273	13	24
274	13	25
275	13	26
276	13	27
277	13	28
278	13	29
279	13	30
280	13	31
281	13	32
282	13	33
283	13	34
284	13	35
285	13	36
286	13	43
287	13	44
288	13	45
289	13	46
290	13	47
291	13	48
292	13	49
293	13	50
294	13	51
295	13	52
296	13	53
297	13	54
298	13	55
299	13	56
300	13	57
301	13	58
302	13	59
303	13	60
304	13	61
305	13	62
306	13	63
307	13	64
308	13	65
309	13	66
310	13	67
311	13	68
312	13	69
313	13	70
314	13	71
315	13	72
316	13	73
317	13	74
318	13	75
319	13	76
320	13	77
321	13	78
322	13	79
323	13	80
324	13	81
325	13	82
326	13	83
327	13	84
328	13	85
329	13	86
330	13	87
331	13	88
332	13	89
333	13	90
334	13	91
335	13	92
336	13	93
337	13	94
338	13	95
339	13	96
340	13	97
341	13	98
342	13	99
343	13	100
344	13	101
345	13	102
346	13	103
347	13	104
348	13	105
349	13	106
350	13	107
351	13	108
352	13	109
353	13	110
354	13	111
355	13	112
356	13	113
357	13	114
358	13	115
359	13	116
360	13	117
361	13	118
362	13	119
363	13	120
364	13	121
365	13	122
366	13	123
367	13	124
368	13	125
369	13	126
370	13	127
371	13	128
372	13	129
373	13	130
374	13	131
375	13	132
376	13	133
377	13	134
378	13	135
379	13	136
380	13	137
381	13	138
382	13	139
383	13	140
384	13	141
385	13	142
386	13	143
387	13	144
388	13	145
389	13	146
390	13	147
391	13	148
392	13	149
393	13	150
394	13	151
395	13	152
396	13	153
397	13	154
398	13	155
399	13	156
400	13	157
401	13	158
402	13	159
403	13	160
404	13	161
405	13	162
406	13	163
407	13	164
408	13	165
409	13	166
410	13	167
411	13	168
412	13	169
413	13	170
414	13	171
415	13	172
416	13	173
417	13	174
418	13	175
419	13	176
420	13	177
421	13	178
422	13	179
423	13	180
424	13	181
425	13	182
426	13	183
427	13	184
428	13	185
429	13	186
430	13	187
431	13	188
432	13	189
433	13	190
434	13	191
435	13	192
436	13	193
437	13	194
438	13	195
439	13	196
440	13	197
441	13	198
442	13	199
443	13	200
444	13	201
445	13	202
446	13	203
447	13	204
448	13	205
449	13	206
450	13	207
451	13	208
452	13	209
453	13	210
454	13	211
455	13	212
456	13	213
457	13	214
458	13	215
459	13	216
460	13	217
461	13	218
462	13	219
463	13	220
464	13	221
465	13	222
466	13	223
467	13	224
468	13	225
469	13	226
470	13	227
471	13	228
472	13	229
473	14	1
474	14	2
475	14	3
476	14	4
477	14	5
478	14	6
479	14	7
480	14	8
481	14	9
482	14	10
483	14	11
484	14	12
485	14	13
486	14	14
487	14	15
488	14	16
489	14	17
490	14	18
491	14	19
492	14	20
493	14	21
494	14	22
495	14	23
496	14	24
497	14	25
498	14	26
499	14	27
500	14	28
501	14	29
502	14	30
503	14	31
504	14	32
505	14	33
506	14	34
507	14	35
508	14	36
509	14	37
510	14	38
511	14	39
512	14	40
513	14	41
514	14	42
515	14	43
516	14	44
517	14	45
518	14	46
519	14	47
520	14	48
521	14	49
522	14	50
523	14	51
524	14	52
525	14	53
526	14	54
527	14	55
528	14	56
529	14	57
530	14	58
531	14	59
532	14	60
533	14	61
534	14	62
535	14	63
536	14	64
537	14	65
538	14	66
539	14	67
540	14	68
541	14	69
542	14	70
543	14	71
544	14	72
545	14	73
546	14	74
547	14	75
548	14	76
549	14	77
550	14	78
551	14	79
552	14	80
553	14	81
554	14	82
555	14	83
556	14	84
557	14	85
558	14	86
559	14	87
560	14	88
561	14	89
562	14	90
563	14	91
564	14	92
565	14	93
566	14	94
567	14	95
568	14	96
569	14	97
570	14	98
571	14	99
572	14	100
573	14	101
574	14	102
575	14	103
576	14	104
577	14	105
578	14	106
579	14	107
580	14	108
581	14	109
582	14	110
583	14	111
584	14	112
585	14	113
586	14	114
587	14	115
588	14	116
589	14	117
590	14	118
591	14	119
592	14	120
593	14	121
594	14	122
595	14	123
596	14	124
597	14	125
598	14	126
599	14	127
600	14	128
601	14	129
602	14	130
603	14	131
604	14	132
605	14	133
606	14	134
607	14	135
608	14	136
609	14	137
610	14	138
611	14	139
612	14	140
613	14	141
614	14	142
615	14	143
616	14	144
617	14	145
618	14	146
619	14	147
620	14	148
621	14	149
622	14	150
623	14	151
624	14	152
625	14	153
626	14	154
627	14	155
628	14	156
629	14	157
630	14	158
631	14	159
632	14	160
633	14	161
634	14	162
635	14	163
636	14	164
637	14	165
638	14	166
639	14	167
640	14	168
641	14	169
642	14	170
643	14	171
644	14	172
645	14	173
646	14	174
647	14	175
648	14	176
649	14	177
650	14	178
651	14	179
652	14	180
653	14	181
654	14	182
655	14	183
656	14	184
657	14	185
658	14	186
659	14	187
660	14	188
661	14	189
662	14	190
663	14	191
664	14	192
665	14	193
666	14	194
667	14	195
668	14	196
669	14	197
670	14	198
671	14	199
672	14	200
673	14	201
674	14	202
675	14	203
676	14	204
677	14	205
678	14	206
679	14	207
680	14	208
681	14	209
682	14	210
683	14	211
684	14	212
685	14	213
686	14	214
687	14	215
688	14	216
689	14	217
690	14	218
691	14	219
692	14	220
693	14	221
694	14	222
695	14	223
696	14	224
697	14	225
698	14	226
699	14	227
700	14	228
701	14	229
702	15	1
703	15	2
704	15	3
705	15	4
706	15	5
707	15	6
708	15	7
709	15	8
710	15	9
711	15	10
712	15	11
713	15	12
714	15	13
715	15	14
716	15	15
717	15	16
718	15	17
719	15	18
720	15	19
721	15	20
722	15	21
723	15	22
724	15	23
725	15	24
726	15	25
727	15	26
728	15	27
729	15	28
730	15	29
731	15	30
732	15	31
733	15	32
734	15	33
735	15	34
736	15	35
737	15	36
738	15	37
739	15	38
740	15	39
741	15	40
742	15	41
743	15	42
744	15	43
745	15	44
746	15	45
747	15	46
748	15	47
749	15	48
750	15	49
751	15	50
752	15	51
753	15	52
754	15	53
755	15	54
756	15	55
757	15	56
758	15	57
759	15	58
760	15	59
761	15	60
762	15	61
763	15	62
764	15	63
765	15	64
766	15	65
767	15	66
768	15	67
769	15	68
770	15	69
771	15	70
772	15	71
773	15	72
774	15	73
775	15	74
776	15	75
777	15	76
778	15	77
779	15	78
780	15	79
781	15	80
782	15	81
783	15	82
784	15	83
785	15	84
786	15	85
787	15	86
788	15	87
789	15	88
790	15	89
791	15	90
792	15	91
793	15	92
794	15	93
795	15	94
796	15	95
797	15	96
798	15	97
799	15	98
800	15	99
801	15	100
802	15	101
803	15	102
804	15	103
805	15	104
806	15	105
807	15	106
808	15	107
809	15	108
810	15	109
811	15	110
812	15	111
813	15	112
814	15	113
815	15	114
816	15	115
817	15	116
818	15	117
819	15	118
820	15	119
821	15	120
822	15	121
823	15	122
824	15	123
825	15	124
826	15	125
827	15	126
828	15	127
829	15	128
830	15	129
831	15	130
832	15	131
833	15	132
834	15	133
835	15	134
836	15	135
837	15	136
838	15	137
839	15	138
840	15	139
841	15	140
842	15	141
843	15	142
844	15	143
845	15	144
846	15	145
847	15	146
848	15	147
849	15	148
850	15	149
851	15	150
852	15	151
853	15	152
854	15	153
855	15	154
856	15	155
857	15	156
858	15	157
859	15	158
860	15	159
861	15	160
862	15	161
863	15	162
864	15	163
865	15	164
866	15	165
867	15	166
868	15	167
869	15	168
870	15	169
871	15	170
872	15	171
873	15	172
874	15	173
875	15	174
876	15	175
877	15	176
878	15	177
879	15	178
880	15	179
881	15	180
882	15	181
883	15	182
884	15	183
885	15	184
886	15	185
887	15	186
888	15	187
889	15	188
890	15	189
891	15	190
892	15	191
893	15	192
894	15	193
895	15	194
896	15	195
897	15	196
898	15	197
899	15	198
900	15	199
901	15	200
902	15	201
903	15	202
904	15	203
905	15	204
906	15	205
907	15	206
908	15	207
909	15	208
910	15	209
911	15	210
912	15	211
913	15	212
914	15	213
915	15	214
916	15	215
917	15	216
918	15	217
919	15	218
920	15	219
921	15	220
922	15	221
923	15	222
924	15	223
925	15	224
926	15	225
927	15	226
928	15	227
929	15	228
930	15	229
\.


--
-- Name: auth_user_user_permissions_id_seq; Type: SEQUENCE SET; Schema: public; Owner: request
--

SELECT pg_catalog.setval('public.auth_user_user_permissions_id_seq', 930, true);


--
-- Data for Name: dashboard_menu; Type: TABLE DATA; Schema: public; Owner: request
--

COPY public.dashboard_menu (id, name, slug, icon, lft, rght, tree_id, mptt_level, parent_id) FROM stdin;
2		production		1	16	2	0	\N
3		grain_storage		2	9	1	1	1
4		mill		10	23	1	1	1
5		lines		2	5	2	1	2
9		packaging		6	9	2	1	2
10		boiler_room		10	11	2	1	2
14		okk		1	12	3	0	\N
15	.  . 	wheatqualitycontrol		2	3	3	1	14
16	   	operationalqualitycontrolflour		4	5	3	1	14
17	   	controlgrainmoisture		6	7	3	1	14
18	  	operationalqualitycontrolsemolina		8	9	3	1	14
19	 	packproductsqualitycontrol		10	11	3	1	14
20	   	elevatorshipmentwheattomill		7	8	1	2	3
21	 	bagging		11	12	1	2	4
22	   	grainwasteaccounting		13	14	1	2	4
23	  	controlmagneticinstallations		15	16	1	2	4
24	  	laboratorywork		17	18	1	2	4
25	   	productlineoperator		3	4	2	2	5
26	   	packingequipmentadjuster		7	8	2	2	9
27	    	equipmentbreakdownrepair		12	13	2	1	2
28	 	work_plan	calendar	14	15	2	1	2
29	  	count_grain_in_silos		2	3	4	1	11
31	 	count_millbagging		4	5	4	1	11
32	 	technological		19	20	1	2	4
34	  	elevatorgrainintake		3	4	1	2	3
35	   	elevatorgrainwasteaccounting		5	6	1	2	3
36	 	storageflouraccounting		21	22	1	2	4
37	   	mill_gwa		8	9	4	1	11
33	   	mill_daily		6	7	4	1	11
11		reports		1	12	4	0	\N
38	 - 	mill_gc		10	11	4	1	11
30		tasks		1	2	6	0	\N
41		clients		4	5	5	1	39
40		posts		2	3	5	1	39
39		rbooks		1	8	5	0	\N
44		products		6	7	5	1	39
1	 	mill		1	24	1	0	\N
\.


--
-- Name: dashboard_menu_id_seq; Type: SEQUENCE SET; Schema: public; Owner: request
--

SELECT pg_catalog.setval('public.dashboard_menu_id_seq', 44, true);


--
-- Data for Name: dept_okk_okk_control_grain_moisture; Type: TABLE DATA; Schema: public; Owner: request
--

COPY public.dept_okk_okk_control_grain_moisture (id, "Date_word", "Time_word", "Moisture_excuse1", "Moisture_excuse2", "Moisture_excuse3", "DateTime_add", "DateTime_update", "Create_user_id", "Update_user_id", "Factory_id") FROM stdin;
1	2019-04-09	16:30:00	12.00	13.00	14.00	2019-04-10 12:07:51.458181+05	2019-04-10 12:09:17.487672+05	28	28	1
\.


--
-- Name: dept_okk_okk_control_grain_moisture_id_seq; Type: SEQUENCE SET; Schema: public; Owner: request
--

SELECT pg_catalog.setval('public.dept_okk_okk_control_grain_moisture_id_seq', 2, true);


--
-- Data for Name: dept_okk_okk_operational_quality_control_flour; Type: TABLE DATA; Schema: public; Owner: request
--

COPY public.dept_okk_okk_operational_quality_control_flour (id, "Date_word", "Time_word", "FlourGrade", "BatchNumber", "Productivity", "MoistureInfratek", "Residue", "Foramen", "MetalImpurity", "Inclusion_Black", "Inclusion_Brown", "Inclusion_Green", "Inclusion_Extraneous", "Factor_a", "Factor_b", "Crunch", "Contamination", "AshContent", "Acidity", "Gluten", "IDK", "GlutenInfratek", "Protein", "DateTime_add", "DateTime_update", "Create_user_id", "Update_user_id", "Factory_id") FROM stdin;
1	2019-04-09	16:30:00	supreme	71-90	3600	12.0	0.0	23.0	0.0	0	0	0	0	4.1	25.9			0.00	3.0	31.0	100.0	36	13.0	2019-04-10 12:03:20.894276+05	2019-04-10 12:05:55.487289+05	28	28	1
2	2019-04-11	09:00:00	supreme	00	3250	13.0	1.0	22.0	0.0	0	15	0		4,2	25,9			1.00	3.0	30.0	100.0	0	13.0	2019-04-11 11:12:10.068042+05	2019-04-11 11:12:34.225891+05	28	28	1
3	2019-04-11	13:01:00	supreme	0	3250	13.0	1.0	22.0	1.0	1	15	0		4,02	25,9		/	1.00	3.0	32.0	100.0	35	13.0	2019-04-11 14:28:50.77042+05	2019-04-11 14:28:50.770442+05	28	\N	1
\.


--
-- Name: dept_okk_okk_operational_quality_control_flour_id_seq; Type: SEQUENCE SET; Schema: public; Owner: request
--

SELECT pg_catalog.setval('public.dept_okk_okk_operational_quality_control_flour_id_seq', 3, true);


--
-- Data for Name: dept_okk_okk_operational_quality_control_semolina; Type: TABLE DATA; Schema: public; Owner: request
--

COPY public.dept_okk_okk_operational_quality_control_semolina (id, "Date_word", "Time_word", "BatchNumber", "Moisture", "Foramen", "MetalImpurity", "Inclusion_Black", "Inclusion_Brown", "Inclusion_Green", "Inclusion_Extraneous", "Factor_a", "Factor_b", "Crunch", "Contamination", "AshContent", "DateTime_add", "DateTime_update", "Create_user_id", "Update_user_id", "Factory_id") FROM stdin;
1	2019-04-11	12:32:00	01	13.0	0.0	1.00	0	8	30		4,77	33,49		/	1	2019-04-11 14:41:28.548998+05	2019-04-11 14:42:38.2761+05	28	28	1
\.


--
-- Name: dept_okk_okk_operational_quality_control_semolina_id_seq; Type: SEQUENCE SET; Schema: public; Owner: request
--

SELECT pg_catalog.setval('public.dept_okk_okk_operational_quality_control_semolina_id_seq', 1, true);


--
-- Data for Name: dept_okk_okk_packproducts_quality_control; Type: TABLE DATA; Schema: public; Owner: request
--

COPY public.dept_okk_okk_packproducts_quality_control (id, "Date_word", "Time_word", "BatchNumber", "Moisture", "DeviationFromAverageLength", "Crumb", "Deformation", "Split", "Cut", "ImpregnationTrace", "DateTime_add", "DateTime_update", "Create_user_id", "Product_id", "Update_user_id", "Factory_id") FROM stdin;
1	2019-04-16	15:53:00	3	99	34	45	56	33			2019-04-16 16:01:26.441057+05	2019-04-16 16:01:26.441057+05	1	1	\N	1
\.


--
-- Name: dept_okk_okk_packproducts_quality_control_id_seq; Type: SEQUENCE SET; Schema: public; Owner: request
--

SELECT pg_catalog.setval('public.dept_okk_okk_packproducts_quality_control_id_seq', 1, true);


--
-- Data for Name: dept_okk_okk_wheat_quality_control; Type: TABLE DATA; Schema: public; Owner: request
--

COPY public.dept_okk_okk_wheat_quality_control (id, "Date_word", "Time_word", "CarNumber", "LotWeight", "Grain_Nature", "Grain_Moisture", "Grain_Vitreous", "Grain_Gluten", "Grain_IDK", "Grain_Protein", "DustImpurity_OvsyugKukol", "DustImpurity_PolovaSeeds", "DustImpurity_SprigsSeeds", "DustImpurity_Fug", "DustImpurity_Minerals", "DustImpurity_Spoiled", "GrainImpurity_Beaten", "GrainImpurity_Eaten", "GrainImpurity_Rye", "GrainImpurity_Barley", "GrainImpurity_Sprouted", "Defect_Small", "Defect_Soft", "Defect_Cracks", "Defect_BlackGerm", "DateTime_add", "DateTime_update", "CerealCrop_id", "Create_user_id", "Provider_id", "Update_user_id", "Factory_id") FROM stdin;
\.


--
-- Name: dept_okk_okk_wheat_quality_control_id_seq; Type: SEQUENCE SET; Schema: public; Owner: request
--

SELECT pg_catalog.setval('public.dept_okk_okk_wheat_quality_control_id_seq', 1, false);


--
-- Data for Name: django_admin_log; Type: TABLE DATA; Schema: public; Owner: request
--

COPY public.django_admin_log (id, action_time, object_id, object_repr, action_flag, change_message, content_type_id, user_id) FROM stdin;
1	2019-03-05 12:48:41.003614+05	7	Gopanenko	3		4	1
2	2019-03-05 12:48:41.005911+05	6	kovinal	3		4	1
3	2019-03-05 12:50:01.000355+05	8	kovinal	1	[{"added": {}}]	4	1
4	2019-03-05 12:50:50.403816+05	8	kovinal	2	[{"changed": {"fields": ["first_name", "last_name"]}}, {"changed": {"fields": ["location", "gender"], "object": "kovinal", "name": "profile"}}]	4	1
5	2019-03-05 14:20:37.348642+05	8	kovinal	2	[{"changed": {"fields": ["is_staff", "is_superuser"]}}]	4	1
6	2019-03-05 16:26:25.434404+05	1		1	[{"added": {}}]	2	8
7	2019-03-05 16:28:44.372153+05	9	mazaevma	1	[{"added": {}}]	4	8
8	2019-03-05 16:30:36.855727+05	9	mazaevma	2	[{"changed": {"fields": ["first_name", "last_name", "email", "is_staff"]}}]	4	8
9	2019-03-05 16:31:48.542345+05	2		1	[{"added": {}}]	2	8
10	2019-03-06 09:16:39.477927+05	8	kovinal	2	[]	4	8
11	2019-03-06 11:08:06.903005+05	1	 " "	1	[{"added": {}}]	19	8
12	2019-03-06 11:09:33.195568+05	3	 	1	[{"added": {}}]	2	8
13	2019-03-06 11:11:09.864796+05	10	mitin	1	[{"added": {}}]	4	8
14	2019-03-06 11:12:47.486629+05	10	mitin	2	[{"changed": {"fields": ["first_name", "last_name", "email", "is_staff"]}}]	4	8
15	2019-03-19 11:28:44.472059+05	37	   	1	[{"added": {}}]	14	1
16	2019-03-19 13:35:47.504978+05	11	korolev	1	[{"added": {}}]	4	8
17	2019-03-19 13:36:46.698132+05	11	korolev	2	[{"changed": {"fields": ["first_name", "last_name", "email", "is_staff"]}}]	4	8
18	2019-03-19 13:37:51.777772+05	4	 	1	[{"added": {}}]	2	8
19	2019-03-19 13:39:43.677202+05	5	 	1	[{"added": {}}]	2	8
20	2019-03-19 13:40:03.507365+05	11	korolev	2	[]	4	8
21	2019-03-19 13:41:37.255643+05	6	.	1	[{"added": {}}]	2	8
22	2019-03-19 13:42:52.167224+05	12	mazaev	1	[{"added": {}}]	4	8
23	2019-03-19 13:43:51.512869+05	12	mazaev	2	[{"changed": {"fields": ["first_name", "last_name", "email", "is_staff"]}}]	4	8
24	2019-03-20 12:55:20.285791+05	33	   	2	[{"changed": {"fields": ["slug"]}}]	14	1
25	2019-03-20 15:18:27.337342+05	12	mazaev	2	[{"changed": {"fields": ["is_staff"]}}]	4	1
26	2019-03-20 15:18:33.902547+05	12	mazaev	2	[]	4	1
27	2019-03-20 15:18:41.066938+05	9	mazaevma	2	[{"changed": {"fields": ["is_staff"]}}]	4	1
28	2019-03-20 15:18:48.030608+05	10	mitin	2	[{"changed": {"fields": ["is_staff"]}}]	4	1
29	2019-03-20 15:18:56.585425+05	11	korolev	2	[{"changed": {"fields": ["is_staff"]}}]	4	1
30	2019-03-20 15:23:32.654631+05	7		1	[{"added": {}}]	2	1
31	2019-03-20 15:34:27.322332+05	12	mazaev	2	[]	4	1
32	2019-03-20 15:37:10.053149+05	12	mazaev	2	[]	4	1
33	2019-03-21 19:04:36.793177+05	13	popov	1	[{"added": {}}]	4	8
34	2019-03-21 19:06:16.64495+05	13	popov	2	[{"changed": {"fields": ["first_name", "last_name", "is_staff"]}}]	4	8
35	2019-03-21 19:07:14.948537+05	9	mazaevma	2	[{"changed": {"object": "mazaevma", "name": "profile", "fields": ["gender"]}}]	4	8
36	2019-03-21 19:09:07.196188+05	13	popov	2	[{"changed": {"fields": ["is_staff"]}}]	4	8
37	2019-03-21 19:13:20.742399+05	14	vae	1	[{"added": {}}]	4	8
38	2019-03-21 19:14:05.644832+05	14	vae	2	[{"changed": {"fields": ["first_name", "last_name"]}}, {"changed": {"object": "vae", "name": "profile", "fields": ["gender"]}}]	4	8
39	2019-03-21 19:17:35.211729+05	15	superstar	1	[{"added": {}}]	4	8
40	2019-03-21 19:18:10.989051+05	15	superstar	2	[{"changed": {"fields": ["first_name", "last_name"]}}, {"changed": {"object": "superstar", "name": "profile", "fields": ["gender"]}}]	4	8
41	2019-03-21 19:24:48.067419+05	16	nesterov	1	[{"added": {}}]	4	8
42	2019-03-21 19:27:55.270993+05	8		1	[{"added": {}}]	2	8
43	2019-03-21 19:28:53.337982+05	16	nesterov	2	[{"changed": {"fields": ["first_name", "last_name"]}}, {"changed": {"object": "nesterov", "name": "profile", "fields": ["gender"]}}]	4	8
44	2019-03-21 19:30:51.653945+05	17	maksimov	1	[{"added": {}}]	4	8
45	2019-03-21 19:31:45.205063+05	17	maksimov	2	[{"changed": {"fields": ["first_name", "last_name"]}}, {"changed": {"object": "maksimov", "name": "profile", "fields": ["gender"]}}]	4	8
46	2019-03-21 19:32:58.481368+05	18	shapilov	1	[{"added": {}}]	4	8
47	2019-03-21 19:33:32.661492+05	18	shapilov	2	[{"changed": {"fields": ["first_name", "last_name"]}}, {"changed": {"object": "shapilov", "name": "profile", "fields": ["gender"]}}]	4	8
48	2019-03-21 19:34:39.71679+05	19	bisembaev	1	[{"added": {}}]	4	8
49	2019-03-21 19:35:09.266115+05	19	bisembaev	2	[{"changed": {"fields": ["first_name", "last_name"]}}, {"changed": {"object": "bisembaev", "name": "profile", "fields": ["gender"]}}]	4	8
50	2019-03-24 01:15:36.311355+05	38	 - 	1	[{"added": {}}]	14	1
51	2019-03-27 17:34:30.290726+05	9		1	[{"added": {}}]	2	8
52	2019-03-27 17:34:38.903064+05	9		2	[{"changed": {"fields": ["name"]}}]	2	8
53	2019-03-27 17:35:03.235254+05	10		1	[{"added": {}}]	2	8
54	2019-03-27 17:36:24.63009+05	11	  	1	[{"added": {}}]	2	8
55	2019-03-27 17:36:49.998346+05	12	 	1	[{"added": {}}]	2	8
56	2019-03-27 17:37:06.741803+05	13	 	1	[{"added": {}}]	2	8
57	2019-03-27 17:37:22.102028+05	14		1	[{"added": {}}]	2	8
58	2019-03-27 17:37:45.360896+05	15	 	1	[{"added": {}}]	2	8
59	2019-03-27 17:38:02.882222+05	16		1	[{"added": {}}]	2	8
60	2019-03-27 17:38:10.915608+05	17		1	[{"added": {}}]	2	8
61	2019-03-27 17:38:20.589517+05	18	.	1	[{"added": {}}]	2	8
62	2019-03-27 17:38:36.053724+05	19	.	1	[{"added": {}}]	2	8
63	2019-03-27 17:39:12.381123+05	20		1	[{"added": {}}]	2	8
64	2019-03-27 17:39:42.387254+05	21		1	[{"added": {}}]	2	8
65	2019-03-27 17:40:18.318816+05	22	 	1	[{"added": {}}]	2	8
66	2019-03-27 17:41:07.721388+05	22		2	[{"changed": {"fields": ["name"]}}]	2	8
67	2019-03-27 17:41:40.564488+05	8	 	2	[{"changed": {"fields": ["name"]}}]	2	8
68	2019-03-27 17:42:43.726719+05	7		2	[{"changed": {"fields": ["name"]}}]	2	8
69	2019-03-27 17:43:17.815928+05	7		2	[{"changed": {"fields": ["name"]}}]	2	8
70	2019-03-27 17:44:48.612475+05	20	ruseev	1	[{"added": {}}]	4	8
71	2019-03-27 17:45:11.45149+05	20	ruseev	2	[{"changed": {"fields": ["first_name", "last_name"]}}]	4	8
72	2019-03-27 17:46:23.171264+05	21	pahomov	1	[{"added": {}}]	4	8
73	2019-03-27 17:46:39.927319+05	21	pahomov	2	[{"changed": {"fields": ["first_name", "last_name"]}}]	4	8
74	2019-03-27 17:47:56.971162+05	22	esn	1	[{"added": {}}]	4	8
75	2019-03-27 17:48:13.12064+05	22	esn	2	[{"changed": {"fields": ["first_name", "last_name"]}}]	4	8
76	2019-03-27 17:50:19.219452+05	23	raydenko	1	[{"added": {}}]	4	8
77	2019-03-27 17:51:03.04664+05	23	raydenko	2	[{"changed": {"fields": ["first_name", "last_name"]}}]	4	8
78	2019-03-28 10:23:36.692099+05	23	 	1	[{"added": {}}]	2	8
79	2019-03-28 10:25:48.37372+05	24	vaddil	1	[{"added": {}}]	4	8
80	2019-03-28 10:26:48.16432+05	24	vaddil	2	[{"changed": {"fields": ["first_name", "last_name", "email"]}}, {"changed": {"object": "vaddil", "fields": ["gender"], "name": "profile"}}]	4	8
81	2019-04-02 08:50:06.223359+05	25	mironov	1	[{"added": {}}]	4	8
82	2019-04-02 08:51:13.283597+05	25	mironov	2	[{"changed": {"fields": ["first_name", "last_name"]}}]	4	8
83	2019-04-02 09:02:18.995712+05	24	  	1	[{"added": {}}]	2	8
84	2019-04-02 09:02:42.701786+05	7		2	[{"changed": {"fields": ["name"]}}]	2	8
85	2019-04-02 09:04:15.539496+05	26	sytnik	1	[{"added": {}}]	4	8
86	2019-04-02 09:04:36.078204+05	26	sytnik	2	[{"changed": {"fields": ["first_name", "last_name"]}}]	4	8
87	2019-04-02 09:07:09.930858+05	26	sytnik	2	[{"changed": {"fields": ["email"]}}]	4	8
88	2019-04-02 09:09:07.258582+05	27	bryleva	1	[{"added": {}}]	4	8
89	2019-04-02 09:10:07.931932+05	27	bryleva	2	[{"changed": {"fields": ["first_name", "last_name", "email"]}}]	4	8
90	2019-04-02 09:12:02.387058+05	28	maevskaya	1	[{"added": {}}]	4	8
91	2019-04-02 09:12:38.384268+05	28	maevskaya	2	[{"changed": {"fields": ["first_name", "last_name"]}}]	4	8
92	2019-04-02 09:13:34.351627+05	26	sytnik	2	[{"changed": {"fields": ["first_name", "last_name"]}}]	4	8
93	2019-04-02 09:15:10.524288+05	13	popov	2	[{"changed": {"fields": ["first_name"]}}]	4	8
94	2019-04-02 09:15:33.306271+05	10	mitin	2	[{"changed": {"fields": ["first_name"]}}]	4	8
95	2019-04-02 09:15:48.850243+05	15	superstar	2	[{"changed": {"fields": ["first_name"]}}]	4	8
96	2019-04-02 09:16:05.116266+05	14	vae	2	[{"changed": {"fields": ["first_name"]}}]	4	8
97	2019-04-02 09:16:31.450427+05	11	korolev	2	[{"changed": {"fields": ["first_name"]}}]	4	8
98	2019-04-02 09:17:04.126211+05	9	mazaevma	2	[{"changed": {"fields": ["first_name"]}}]	4	8
99	2019-04-02 09:17:18.233638+05	8	kovinal	2	[{"changed": {"fields": ["email"]}}]	4	8
100	2019-04-02 09:17:59.721062+05	28	maevskaya	2	[{"changed": {"fields": ["email"]}}]	4	8
101	2019-04-02 09:18:25.543724+05	22	esn	2	[{"changed": {"fields": ["email"]}}]	4	8
102	2019-04-02 09:19:04.642411+05	25	mironov	2	[{"changed": {"fields": ["email"]}}]	4	8
103	2019-04-02 09:19:24.741031+05	16	nesterov	2	[{"changed": {"fields": ["email"]}}]	4	8
104	2019-04-02 09:19:43.311965+05	21	pahomov	2	[{"changed": {"fields": ["email"]}}]	4	8
105	2019-04-02 09:20:05.247082+05	23	raydenko	2	[{"changed": {"fields": ["email"]}}]	4	8
106	2019-04-02 09:20:28.023478+05	20	ruseev	2	[{"changed": {"fields": ["email"]}}]	4	8
107	2019-04-02 09:22:17.057603+05	29	rayanova	1	[{"added": {}}]	4	8
108	2019-04-02 09:22:59.366497+05	29	rayanova	2	[{"changed": {"fields": ["first_name", "last_name", "email"]}}, {"changed": {"object": "rayanova", "fields": ["gender"], "name": "profile"}}]	4	8
109	2019-04-02 09:25:01.527576+05	30	gopanenko	1	[{"added": {}}]	4	8
110	2019-04-02 09:26:46.775056+05	30	gopanenko	2	[{"changed": {"fields": ["first_name", "last_name", "email"]}}, {"changed": {"object": "gopanenko", "fields": ["gender"], "name": "profile"}}]	4	8
111	2019-04-03 09:10:49.769074+05	31	kozhemyakina	1	[{"added": {}}]	4	8
112	2019-04-03 09:11:38.523764+05	31	kozhemyakina	2	[{"changed": {"fields": ["first_name", "last_name", "email"]}}, {"changed": {"object": "kozhemyakina", "fields": ["gender"], "name": "profile"}}]	4	8
113	2019-04-03 09:15:20.145308+05	16	nesterov	2	[{"changed": {"fields": ["password"]}}]	4	8
114	2019-04-03 09:25:13.134559+05	32	ilyasova	1	[{"added": {}}]	4	8
115	2019-04-03 09:26:05.719629+05	32	ilyasova	2	[{"changed": {"fields": ["first_name", "last_name", "email"]}}, {"changed": {"object": "ilyasova", "fields": ["gender"], "name": "profile"}}]	4	8
116	2019-04-04 10:28:42.847481+05	33	zalesskiy	1	[{"added": {}}]	4	8
117	2019-04-04 10:29:44.586942+05	33	zalesskiy	2	[{"changed": {"fields": ["first_name", "last_name", "email"]}}, {"changed": {"fields": ["gender"], "name": "profile", "object": "zalesskiy"}}]	4	8
118	2019-04-05 08:30:29.677114+05	34	rss	1	[{"added": {}}]	4	8
119	2019-04-05 08:31:54.621706+05	34	rss	2	[{"changed": {"fields": ["first_name", "last_name"]}}, {"changed": {"fields": ["gender"], "name": "profile", "object": "rss"}}]	4	8
120	2019-04-05 08:33:53.247106+05	35	sheltoganov	1	[{"added": {}}]	4	8
121	2019-04-05 08:34:17.200288+05	35	sheltoganov	2	[{"changed": {"fields": ["first_name", "last_name"]}}, {"changed": {"fields": ["gender"], "name": "profile", "object": "sheltoganov"}}]	4	8
122	2019-04-05 08:36:43.112392+05	36	malygin	1	[{"added": {}}]	4	8
123	2019-04-05 08:37:15.828606+05	36	malygin	2	[{"changed": {"fields": ["first_name", "last_name"]}}, {"changed": {"fields": ["gender"], "name": "profile", "object": "malygin"}}]	4	8
124	2019-04-05 11:23:33.583694+05	16	nesterov	2	[{"changed": {"fields": ["password"]}}]	4	8
125	2019-04-12 11:31:29.038072+05	37	asel	1	[{"added": {}}]	4	8
126	2019-04-12 11:32:25.148832+05	37	asel	2	[{"changed": {"fields": ["first_name", "last_name", "email"]}}, {"changed": {"object": "asel", "name": "profile", "fields": ["gender"]}}]	4	8
127	2019-04-12 11:39:50.046116+05	25		1	[{"added": {}}]	2	8
128	2019-04-12 12:05:08.132254+05	2	 	1	[{"added": {}}]	19	8
129	2019-04-12 12:05:27.984131+05	3	 ""	1	[{"added": {}}]	19	8
130	2019-04-12 12:06:47.158752+05	38	tsn	1	[{"added": {}}]	4	8
131	2019-04-12 12:07:11.933687+05	38	tsn	2	[{"changed": {"fields": ["first_name", "last_name"]}}, {"changed": {"object": "tsn", "name": "profile", "fields": ["gender"]}}]	4	8
132	2019-04-16 15:59:41.941684+05	1		1	[{"added": {}}]	22	1
133	2019-04-16 16:02:35.94283+05	2		1	[{"added": {}}]	22	1
134	2019-04-16 16:02:47.385485+05	3		1	[{"added": {}}]	22	1
135	2019-04-16 16:03:02.003321+05	4		1	[{"added": {}}]	22	1
136	2019-04-16 16:03:24.960634+05	4		2	[{"changed": {"fields": ["name"]}}]	22	1
137	2019-04-16 16:03:43.723707+05	5		1	[{"added": {}}]	22	1
138	2019-04-16 16:04:07.685077+05	6		1	[{"added": {}}]	22	1
139	2019-04-16 16:04:23.45598+05	7		1	[{"added": {}}]	22	1
140	2019-04-16 16:04:52.331631+05	8		1	[{"added": {}}]	22	1
141	2019-04-16 16:05:03.801287+05	9		1	[{"added": {}}]	22	1
142	2019-04-17 11:51:45.527826+05	4	 ..	1	[{"added": {}}]	19	8
143	2019-04-17 11:52:37.963538+05	5	 	1	[{"added": {}}]	19	8
144	2019-04-17 11:53:01.308481+05	6	 -	1	[{"added": {}}]	19	8
145	2019-04-17 11:53:29.9099+05	7	 	1	[{"added": {}}]	19	8
146	2019-04-17 11:53:59.705427+05	8	 ..	1	[{"added": {}}]	19	8
147	2019-04-17 11:54:25.85702+05	9	   	1	[{"added": {}}]	19	8
148	2019-04-17 11:54:43.636907+05	10	 	1	[{"added": {}}]	19	8
149	2019-04-17 11:55:13.170473+05	11	 ""	1	[{"added": {}}]	19	8
150	2019-04-17 11:55:50.976304+05	12	 ..	1	[{"added": {}}]	19	8
151	2019-04-17 11:56:15.820369+05	13	 ..	1	[{"added": {}}]	19	8
152	2019-04-17 11:56:52.294861+05	14	 	1	[{"added": {}}]	19	8
153	2019-04-17 11:57:22.49255+05	15	 ..	1	[{"added": {}}]	19	8
154	2019-04-17 11:57:40.459544+05	16	 	1	[{"added": {}}]	19	8
155	2019-04-17 11:58:03.096727+05	17	    	1	[{"added": {}}]	19	8
156	2019-04-17 11:58:20.161935+05	18	  	1	[{"added": {}}]	19	8
157	2019-04-17 11:58:35.709953+05	19	  	1	[{"added": {}}]	19	8
158	2019-04-17 11:58:55.74457+05	20	 ..	1	[{"added": {}}]	19	8
159	2019-04-17 11:59:18.58591+05	21	 ..	1	[{"added": {}}]	19	8
160	2019-04-17 11:59:40.7418+05	22	 	1	[{"added": {}}]	19	8
161	2019-04-17 11:59:57.047804+05	23	 -3	1	[{"added": {}}]	19	8
162	2019-04-17 12:00:15.452408+05	24	 	1	[{"added": {}}]	19	8
163	2019-04-17 12:00:36.645292+05	25	 ..	1	[{"added": {}}]	19	8
164	2019-04-17 12:01:04.845754+05	26	 ..	1	[{"added": {}}]	19	8
165	2019-04-17 12:01:33.553123+05	27	 ..	1	[{"added": {}}]	19	8
166	2019-04-17 12:01:50.99065+05	28	  	1	[{"added": {}}]	19	8
167	2019-04-17 12:03:25.49519+05	18	 	2	[{"changed": {"fields": ["shortname", "fullname"]}}]	19	8
168	2019-04-17 12:03:50.889204+05	29	 	1	[{"added": {}}]	19	8
169	2019-04-17 12:04:37.435806+05	30	 -	1	[{"added": {}}]	19	8
170	2019-04-17 12:04:52.072011+05	31	  	1	[{"added": {}}]	19	8
171	2019-04-17 12:05:09.036034+05	32	 	1	[{"added": {}}]	19	8
172	2019-04-17 12:05:26.295924+05	33	 	1	[{"added": {}}]	19	8
173	2019-04-17 12:05:39.854194+05	34	  	1	[{"added": {}}]	19	8
174	2019-04-17 12:05:54.355428+05	35	  	1	[{"added": {}}]	19	8
175	2019-04-17 12:06:15.765615+05	36	 	1	[{"added": {}}]	19	8
176	2019-04-17 12:06:34.411411+05	37	 ..	1	[{"added": {}}]	19	8
177	2019-04-17 12:06:51.252238+05	38	  	1	[{"added": {}}]	19	8
178	2019-04-17 12:07:25.296149+05	39	 ..	1	[{"added": {}}]	19	8
179	2019-04-17 12:07:44.769666+05	40	   	1	[{"added": {}}]	19	8
180	2019-04-17 12:08:03.856282+05	41	 ..	1	[{"added": {}}]	19	8
181	2019-04-17 12:08:25.817325+05	42	 ..	1	[{"added": {}}]	19	8
182	2019-04-17 12:08:46.835311+05	43	 ..	1	[{"added": {}}]	19	8
183	2019-04-17 12:09:06.669947+05	44	 ..	1	[{"added": {}}]	19	8
184	2019-04-17 12:09:21.291514+05	45	 ..	1	[{"added": {}}]	19	8
185	2019-04-17 12:09:25.263758+05	46	 ..	1	[{"added": {}}]	19	8
186	2019-04-17 12:09:55.502502+05	46	 ..	2	[{"changed": {"fields": ["shortname", "fullname"]}}]	19	8
187	2019-04-17 12:10:17.025796+05	47	 ..	1	[{"added": {}}]	19	8
188	2019-04-17 12:10:37.605583+05	48	 ..	1	[{"added": {}}]	19	8
189	2019-04-18 15:56:59.72097+05	39	florinskiy	1	[{"added": {}}]	4	8
190	2019-04-18 15:58:02.553473+05	39	florinskiy	2	[{"changed": {"fields": ["first_name", "last_name", "email"]}}, {"changed": {"name": "profile", "fields": ["gender"], "object": "florinskiy"}}]	4	8
191	2019-04-19 15:09:22.15599+05	40	kozlova	1	[{"added": {}}]	4	8
192	2019-04-19 15:11:23.538522+05	40	kozlova	2	[{"changed": {"fields": ["first_name", "last_name", "email"]}}, {"changed": {"fields": ["gender"], "name": "profile", "object": "kozlova"}}]	4	8
193	2019-04-24 10:35:53.257631+05	39		1	[{"added": {}}]	14	1
194	2019-04-24 10:36:25.59248+05	40		1	[{"added": {}}]	14	1
195	2019-04-24 10:36:59.837439+05	41		1	[{"added": {}}]	14	1
196	2019-04-24 10:38:19.799013+05	42	 	1	[{"added": {}}]	14	1
197	2019-04-24 10:38:52.322873+05	43		1	[{"added": {}}]	14	1
198	2019-04-24 10:39:14.203124+05	44		1	[{"added": {}}]	14	1
199	2019-04-24 11:22:43.105682+05	43		3		14	1
200	2019-04-25 10:10:32.288277+05	39		2	[{"changed": {"fields": ["slug"]}}]	14	1
201	2019-04-25 11:22:35.646794+05	42	 	3		14	1
202	2019-05-08 15:20:03.258863+05	1	 	2	[{"changed": {"fields": ["slug"]}}]	14	1
203	2019-05-30 11:22:20.069555+05	41	pluhov	1	[{"added": {}}]	4	8
204	2019-05-30 11:23:00.608273+05	41	pluhov	2	[{"changed": {"fields": ["first_name", "last_name"]}}]	4	8
205	2019-05-30 14:55:12.994928+05	41	pluhov	2	[]	4	8
206	2019-06-26 17:02:22.433358+05	1		1	[{"added": {}}]	55	1
207	2019-06-26 17:04:18.893019+05	1	  	1	[{"added": {}}]	56	1
208	2019-06-26 17:05:03.369563+05	2		1	[{"added": {}}]	55	1
209	2019-06-26 17:05:27.486942+05	2	  	1	[{"added": {}}]	56	1
210	2019-06-26 17:06:11.596465+05	3	-	1	[{"added": {}}]	55	1
211	2019-06-26 17:06:31.996632+05	3	  	1	[{"added": {}}]	56	1
212	2019-06-26 17:09:43.918609+05	1	bondarenkoav	2	[{"changed": {"name": "profile", "fields": ["location", "birthday", "phone", "gender", "factory", "factory_default", "factory_current"], "object": "bondarenkoav"}}]	4	1
213	2019-07-18 16:05:30.111513+05	8	kovinal	2	[{"changed": {"name": "profile", "object": "\\u041a\\u043e\\u0432\\u0438\\u043d \\u0410\\u043d\\u0434\\u0440\\u0435\\u0439 \\u041b\\u0435\\u043e\\u043d\\u0438\\u0434\\u043e\\u0432\\u0438\\u0447", "fields": ["factory", "factory_default", "factory_current"]}}]	4	8
\.


--
-- Name: django_admin_log_id_seq; Type: SEQUENCE SET; Schema: public; Owner: request
--

SELECT pg_catalog.setval('public.django_admin_log_id_seq', 213, true);


--
-- Data for Name: django_content_type; Type: TABLE DATA; Schema: public; Owner: request
--

COPY public.django_content_type (id, app_label, model) FROM stdin;
1	admin	logentry
2	auth	group
3	auth	permission
4	auth	user
5	contenttypes	contenttype
6	sessions	session
7	schedule	eventrelation
8	schedule	calendar
9	schedule	rule
10	schedule	occurrence
11	schedule	event
12	schedule	calendarrelation
13	account	profile
14	dashboard	menu
15	reference_books	machine_production
16	reference_books	status_task
17	reference_books	coworker
18	reference_books	typenotification_task
19	reference_books	partner
20	reference_books	tare
21	reference_books	status
22	reference_books	products
23	reference_books	magnetic_installations
24	reference_books	cereal_crop
25	reference_books	posts
26	reference_books	bhm
27	reference_books	fixed_assets
28	reference_books	constants
29	reference_books	sil
30	reference_books	area
31	dept_okk	okk_operational_quality_control_flour
32	dept_okk	okk_control_grain_moisture
33	dept_okk	okk_operational_quality_control_semolina
34	dept_okk	okk_wheat_quality_control
35	dept_okk	okk_packproducts_quality_control
36	production_complex	product_line_operator
37	production_complex	product_packing_equipment_adjuster
38	production_complex	product_equipment_breakdown_repair
39	production_complex	product_work_plan
40	mill_complex	mill_grain_waste_accounting
41	mill_complex	mill_control_magnetic_installations
42	mill_complex	mill_technological
43	mill_complex	mill_technological_child_bhm
44	mill_complex	elevator_shipment_wheat_to_mill
45	mill_complex	mill_bagging
46	mill_complex	elevator_grain_intake
47	mill_complex	mill_storage_flour_accounting
48	mill_complex	elevator_shipment_wheat_to_mill_child_sil
49	mill_complex	mill_laboratory_work
50	mill_complex	elevator_grain_waste_accounting
51	tasks	user_task
52	reference_books	month_list
53	reference_books	status_machine
54	reference_books	types_client
55	reference_books	city
56	reference_books	factory
\.


--
-- Name: django_content_type_id_seq; Type: SEQUENCE SET; Schema: public; Owner: request
--

SELECT pg_catalog.setval('public.django_content_type_id_seq', 56, true);


--
-- Data for Name: django_migrations; Type: TABLE DATA; Schema: public; Owner: request
--

COPY public.django_migrations (id, app, name, applied) FROM stdin;
1	contenttypes	0001_initial	2019-03-04 16:12:57.99853+05
2	auth	0001_initial	2019-03-04 16:12:58.107731+05
3	account	0001_initial	2019-03-04 16:12:58.186731+05
4	admin	0001_initial	2019-03-04 16:12:58.264731+05
5	admin	0002_logentry_remove_auto_add	2019-03-04 16:12:58.264731+05
6	contenttypes	0002_remove_content_type_name	2019-03-04 16:12:58.295931+05
7	auth	0002_alter_permission_name_max_length	2019-03-04 16:12:58.311531+05
8	auth	0003_alter_user_email_max_length	2019-03-04 16:12:58.311531+05
9	auth	0004_alter_user_username_opts	2019-03-04 16:12:58.327131+05
10	auth	0005_alter_user_last_login_null	2019-03-04 16:12:58.342731+05
11	auth	0006_require_contenttypes_0002	2019-03-04 16:12:58.342731+05
12	auth	0007_alter_validators_add_error_messages	2019-03-04 16:12:58.358331+05
13	auth	0008_alter_user_username_max_length	2019-03-04 16:12:58.451931+05
14	dashboard	0001_initial	2019-03-04 16:12:58.576732+05
15	reference_books	0001_initial	2019-03-04 16:12:58.607932+05
16	reference_books	0002_provider	2019-03-04 16:12:58.623532+05
17	reference_books	0003_auto_20181009_2232	2019-03-04 16:12:58.639132+05
18	reference_books	0004_auto_20181010_2248	2019-03-04 16:12:58.654732+05
19	reference_books	0005_auto_20181105_0017	2019-03-04 16:12:58.764932+05
20	reference_books	0006_auto_20181105_1247	2019-03-04 16:12:58.764932+05
21	reference_books	0007_machine_production	2019-03-04 16:12:58.796132+05
22	reference_books	0008_auto_20181205_2353	2019-03-04 16:12:58.811732+05
23	dept_okk	0001_initial	2019-03-04 16:12:58.983332+05
24	dept_okk	0002_auto_20190122_0944	2019-03-04 16:12:59.076932+05
25	dept_okk	0003_auto_20190122_1121	2019-03-04 16:12:59.186133+05
26	reference_books	0009_auto_20190122_0944	2019-03-04 16:12:59.218333+05
27	reference_books	0010_auto_20190122_1127	2019-03-04 16:12:59.233933+05
28	reference_books	0011_status_task_typenotification_task	2019-03-04 16:12:59.280733+05
29	reference_books	0012_bhm	2019-03-04 16:12:59.311933+05
30	reference_books	0013_auto_20190201_1608	2019-03-04 16:12:59.311933+05
31	reference_books	0014_sil	2019-03-04 16:12:59.327533+05
32	reference_books	0015_auto_20190218_1647	2019-03-04 16:12:59.374333+05
33	reference_books	0016_tare	2019-03-04 16:12:59.389933+05
34	mill_complex	0001_initial	2019-03-04 16:12:59.749734+05
35	mill_complex	0002_auto_20181117_1834	2019-03-04 16:12:59.780934+05
36	mill_complex	0003_auto_20181117_2131	2019-03-04 16:12:59.968134+05
37	mill_complex	0004_auto_20181117_2146	2019-03-04 16:13:00.108534+05
38	mill_complex	0005_auto_20181117_2159	2019-03-04 16:13:00.828136+05
39	mill_complex	0006_auto_20190122_0944	2019-03-04 16:13:01.030936+05
40	mill_complex	0007_auto_20190122_1121	2019-03-04 16:13:01.155736+05
41	mill_complex	0008_auto_20190129_0045	2019-03-04 16:13:02.312138+05
42	mill_complex	0009_auto_20190130_1033	2019-03-04 16:13:02.343339+05
43	mill_complex	0010_auto_20190131_1522	2019-03-04 16:13:02.484739+05
44	mill_complex	0011_mill_technological	2019-03-04 16:13:02.593939+05
45	mill_complex	0012_auto_20190201_1608	2019-03-04 16:13:02.640739+05
46	mill_complex	0013_auto_20190202_0856	2019-03-04 16:13:02.765539+05
47	mill_complex	0014_auto_20190203_2057	2019-03-04 16:13:02.796739+05
48	mill_complex	0015_auto_20190203_2213	2019-03-04 16:13:02.843539+05
49	mill_complex	0016_auto_20190214_2247	2019-03-04 16:13:02.96934+05
50	mill_complex	0017_auto_20190218_1709	2019-03-04 16:13:03.03174+05
51	mill_complex	0018_auto_20190226_2142	2019-03-04 16:13:03.421741+05
52	mill_complex	0019_elevator_grain_intake_carmodel	2019-03-04 16:13:03.469541+05
53	mill_complex	0020_auto_20190228_0007	2019-03-04 16:13:03.516341+05
54	mill_complex	0021_auto_20190303_2131	2019-03-04 16:13:03.625541+05
55	production_complex	0001_initial	2019-03-04 16:13:03.890741+05
56	production_complex	0002_auto_20181119_2312	2019-03-04 16:13:04.437742+05
57	production_complex	0003_auto_20181206_0011	2019-03-04 16:13:04.563543+05
58	production_complex	0004_auto_20181212_0040	2019-03-04 16:13:04.688343+05
59	production_complex	0005_auto_20181212_0123	2019-03-04 16:13:04.781943+05
60	production_complex	0006_product_work_plan_type_task	2019-03-04 16:13:04.844343+05
61	production_complex	0007_auto_20190122_0944	2019-03-04 16:13:05.079344+05
62	production_complex	0008_auto_20190122_1121	2019-03-04 16:13:05.235344+05
63	schedule	0001_initial	2019-03-04 16:13:05.766745+05
64	schedule	0002_event_color_event	2019-03-04 16:13:05.844745+05
65	schedule	0003_auto_20160715_0028	2019-03-04 16:13:06.126546+05
66	sessions	0001_initial	2019-03-04 16:13:06.142146+05
67	tasks	0001_initial	2019-03-04 16:13:06.235746+05
68	tasks	0002_auto_20181213_2333	2019-03-04 16:13:06.532146+05
69	tasks	0003_user_task_author	2019-03-04 16:13:06.594546+05
70	tasks	0004_auto_20181216_2330	2019-03-04 16:13:06.657947+05
71	tasks	0005_auto_20181216_2354	2019-03-04 16:13:06.782747+05
72	tasks	0006_auto_20190130_1033	2019-03-04 16:13:06.938747+05
73	tasks	0007_auto_20190130_1232	2019-03-04 16:13:07.016747+05
74	tasks	0008_auto_20190130_1246	2019-03-04 16:13:07.047947+05
75	tasks	0009_auto_20190131_1004	2019-03-04 16:13:07.141547+05
76	mill_complex	0022_auto_20190310_2133	2019-03-10 21:33:32.716632+05
77	mill_complex	0023_auto_20190310_2214	2019-03-10 22:14:21.140674+05
78	mill_complex	0024_auto_20190312_1308	2019-03-12 13:08:21.60469+05
79	mill_complex	0025_auto_20190315_1553	2019-03-15 15:53:58.607119+05
80	dept_okk	0004_auto_20190411_1047	2019-04-11 10:47:47.655226+05
81	dept_okk	0005_auto_20190411_1048	2019-04-11 10:49:06.299725+05
82	dept_okk	0006_remove_okk_control_grain_moisture_note	2019-04-11 10:52:47.974171+05
83	reference_books	0017_month_list	2019-04-17 17:14:06.138644+05
84	reference_books	0018_auto_20190418_1613	2019-04-18 16:13:15.619268+05
85	production_complex	0009_auto_20190418_1618	2019-04-18 16:19:29.291641+05
86	production_complex	0010_product_work_plan_status_descript	2019-04-19 22:28:11.065916+05
87	reference_books	0019_status_machine_class_b4_td	2019-04-19 22:52:53.823725+05
88	reference_books	0020_auto_20190424_1450	2019-04-24 14:50:48.258004+05
89	reference_books	0021_auto_20190517_1127	2019-05-17 11:27:37.958212+05
90	reference_books	0022_partner_type	2019-05-17 11:30:31.200121+05
91	dept_okk	0007_auto_20190605_1208	2019-06-19 11:16:23.987447+05
92	dept_okk	0008_auto_20190619_1116	2019-06-19 11:16:25.116511+05
93	reference_books	0023_city	2019-06-25 17:16:21.900097+05
94	reference_books	0024_servicecompanies	2019-06-25 17:16:21.977101+05
95	reference_books	0025_auto_20190625_1739	2019-06-25 17:39:44.444318+05
96	account	0002_auto_20190625_1739	2019-06-25 17:39:44.894344+05
97	reference_books	0026_factory_descript	2019-06-26 13:20:17.985256+05
98	reference_books	0027_auto_20190626_1703	2019-06-26 17:03:45.553112+05
99	dept_okk	0009_auto_20190627_1658	2019-06-27 16:59:15.583701+05
100	mill_complex	0026_auto_20190627_1658	2019-06-27 16:59:16.484753+05
101	production_complex	0011_auto_20190627_1658	2019-06-27 16:59:16.879775+05
102	tasks	0010_user_task_factory	2019-06-27 16:59:17.053785+05
103	tasks	0011_user_task_confirmation	2019-07-05 17:23:42.943606+05
\.


--
-- Name: django_migrations_id_seq; Type: SEQUENCE SET; Schema: public; Owner: request
--

SELECT pg_catalog.setval('public.django_migrations_id_seq', 103, true);


--
-- Data for Name: django_session; Type: TABLE DATA; Schema: public; Owner: request
--

COPY public.django_session (session_key, session_data, expire_date) FROM stdin;
ye74lm9m9rp2o0oyka6orpau3agsugqq	YmU5NzZjYjc0NTRjNzE3NzhlYWUzMjkyMGZlMDI4YzE1MGJlYWU1NDp7fQ==	2019-03-19 12:30:18.475139+05
51p38tsgp01ousvqncd83ktlz5tfq8iz	YmU5NzZjYjc0NTRjNzE3NzhlYWUzMjkyMGZlMDI4YzE1MGJlYWU1NDp7fQ==	2019-03-19 12:30:51.175671+05
1t4awkxxibfu481pzs19ele4wlikdchf	NTljYWJlNmEyZTRlYjRlOTVhYjc5MDBmNmJhZjBhMGEyZGRmNTllZjp7Il9hdXRoX3VzZXJfaWQiOiI4IiwiX2F1dGhfdXNlcl9oYXNoIjoiZTM5N2FhNDY2MjZjMDM1YWJhMjQyM2JhYThjMDRlNjhiZjZhNjAwOCIsIl9hdXRoX3VzZXJfYmFja2VuZCI6ImRqYW5nby5jb250cmliLmF1dGguYmFja2VuZHMuTW9kZWxCYWNrZW5kIn0=	2019-03-19 16:15:59.799674+05
uao90zrdb9j17g81m14t31o2f3ub2gri	MzUzNjg2MjI4ZDU5MWNjZjBjZjEzOWE5OGMxYTBmODI4ZTRmMjc4Zjp7Il9hdXRoX3VzZXJfaWQiOiI4IiwiX2F1dGhfdXNlcl9iYWNrZW5kIjoiZGphbmdvLmNvbnRyaWIuYXV0aC5iYWNrZW5kcy5Nb2RlbEJhY2tlbmQiLCJfYXV0aF91c2VyX2hhc2giOiJlMzk3YWE0NjYyNmMwMzVhYmEyNDIzYmFhOGMwNGU2OGJmNmE2MDA4In0=	2019-03-19 21:34:56.757239+05
48n8oh0fb6stxn48wj4e2ebjjsi4ua8k	MzUzNjg2MjI4ZDU5MWNjZjBjZjEzOWE5OGMxYTBmODI4ZTRmMjc4Zjp7Il9hdXRoX3VzZXJfaWQiOiI4IiwiX2F1dGhfdXNlcl9iYWNrZW5kIjoiZGphbmdvLmNvbnRyaWIuYXV0aC5iYWNrZW5kcy5Nb2RlbEJhY2tlbmQiLCJfYXV0aF91c2VyX2hhc2giOiJlMzk3YWE0NjYyNmMwMzVhYmEyNDIzYmFhOGMwNGU2OGJmNmE2MDA4In0=	2019-03-20 11:00:07.91058+05
vravdynhhawt04ns01ak7cky3u5z5ua0	MzUzNjg2MjI4ZDU5MWNjZjBjZjEzOWE5OGMxYTBmODI4ZTRmMjc4Zjp7Il9hdXRoX3VzZXJfaWQiOiI4IiwiX2F1dGhfdXNlcl9iYWNrZW5kIjoiZGphbmdvLmNvbnRyaWIuYXV0aC5iYWNrZW5kcy5Nb2RlbEJhY2tlbmQiLCJfYXV0aF91c2VyX2hhc2giOiJlMzk3YWE0NjYyNmMwMzVhYmEyNDIzYmFhOGMwNGU2OGJmNmE2MDA4In0=	2019-03-20 11:07:04.611132+05
9w6dw7dhwx3nejgfyh5vj8pg93ntix4o	MDVjMWVhYWM0YjQ1NjE4ZmZkYTkyNGEzMDhhZDk1NzMzODdjNzNjZDp7Il9hdXRoX3VzZXJfaWQiOiIxMCIsIl9hdXRoX3VzZXJfYmFja2VuZCI6ImRqYW5nby5jb250cmliLmF1dGguYmFja2VuZHMuTW9kZWxCYWNrZW5kIiwiX2F1dGhfdXNlcl9oYXNoIjoiNGYxODBmNjcyMjIyMjU5Mjg3NTRkZmRmOTU2MjRmZmRhYmE0MzNjNyJ9	2019-03-20 11:14:15.559298+05
tltf0d7krqq2ttuk590h1jo8mx85re0h	ZTQyOGJiZWNkZmVjYzllYWUxZjBhYjVmOWIyZmRjNWNiMmIwM2I2MDp7Il9hdXRoX3VzZXJfaWQiOiIxIiwiX2F1dGhfdXNlcl9iYWNrZW5kIjoiZGphbmdvLmNvbnRyaWIuYXV0aC5iYWNrZW5kcy5Nb2RlbEJhY2tlbmQiLCJfYXV0aF91c2VyX2hhc2giOiIzMDI1NjRiOTZkNGYxMTE4YTk0MThkNjUyZDA2YmM4NjM1YWE5NmU5In0=	2019-03-21 13:43:11.679639+05
4vn9yu0lokok2grg4js9pm7wd18fevvn	ZTdiODk0MDU0MmQwN2U2YjQ0OTBhMWE2MGQ2ZGZiNGZiOTFhZmY2Yzp7Il9hdXRoX3VzZXJfYmFja2VuZCI6ImRqYW5nby5jb250cmliLmF1dGguYmFja2VuZHMuTW9kZWxCYWNrZW5kIiwiX2F1dGhfdXNlcl9oYXNoIjoiNmQwYzc0ODA5YmNiNTI2NTY1ZTAwMmIzMGNmM2M0ZjNkMzQyZThmNCIsIl9hdXRoX3VzZXJfaWQiOiIxIn0=	2019-03-11 01:47:32.766681+05
tjrt61v1syf56nqlddfdcym4zo0rdm08	YjZmZjRkMmE2NDIwNTJiN2IxZmE4ZjBkMDY1YjgxNmZiODYwODZkZjp7Il9hdXRoX3VzZXJfaGFzaCI6IjZkMGM3NDgwOWJjYjUyNjU2NWUwMDJiMzBjZjNjNGYzZDM0MmU4ZjQiLCJfYXV0aF91c2VyX2lkIjoiMSIsIl9hdXRoX3VzZXJfYmFja2VuZCI6ImRqYW5nby5jb250cmliLmF1dGguYmFja2VuZHMuTW9kZWxCYWNrZW5kIn0=	2019-03-11 12:53:57.971423+05
diqxm76tyj4qdvoltaw8roqc5pcjsuht	ZTQyOGJiZWNkZmVjYzllYWUxZjBhYjVmOWIyZmRjNWNiMmIwM2I2MDp7Il9hdXRoX3VzZXJfaWQiOiIxIiwiX2F1dGhfdXNlcl9iYWNrZW5kIjoiZGphbmdvLmNvbnRyaWIuYXV0aC5iYWNrZW5kcy5Nb2RlbEJhY2tlbmQiLCJfYXV0aF91c2VyX2hhc2giOiIzMDI1NjRiOTZkNGYxMTE4YTk0MThkNjUyZDA2YmM4NjM1YWE5NmU5In0=	2019-03-25 15:42:12.042204+05
cagbbqtigtwr6lzjdfqu8pzyd56pia96	MTM5MmQ2OGM2MDM4NmNlZjI3MTJiNzQ1YzE1ZTc3NzZjNzE0Y2I5NTp7Il9hdXRoX3VzZXJfYmFja2VuZCI6ImRqYW5nby5jb250cmliLmF1dGguYmFja2VuZHMuTW9kZWxCYWNrZW5kIiwiX2F1dGhfdXNlcl9pZCI6IjEiLCJfYXV0aF91c2VyX2hhc2giOiIzMDI1NjRiOTZkNGYxMTE4YTk0MThkNjUyZDA2YmM4NjM1YWE5NmU5In0=	2019-03-26 13:07:42.439118+05
upplbf2p20te0osqm149lwgd15ew8gv7	MTM5MmQ2OGM2MDM4NmNlZjI3MTJiNzQ1YzE1ZTc3NzZjNzE0Y2I5NTp7Il9hdXRoX3VzZXJfYmFja2VuZCI6ImRqYW5nby5jb250cmliLmF1dGguYmFja2VuZHMuTW9kZWxCYWNrZW5kIiwiX2F1dGhfdXNlcl9pZCI6IjEiLCJfYXV0aF91c2VyX2hhc2giOiIzMDI1NjRiOTZkNGYxMTE4YTk0MThkNjUyZDA2YmM4NjM1YWE5NmU5In0=	2019-03-26 14:36:46.592501+05
k7iocx6gdw0142oy7inomvv19w92wh7j	NzZjZjFkODhhYmNmZDVhNzlmMTEzYTAxZjkxNzA1ZmY2N2U4YzFmMzp7Il9hdXRoX3VzZXJfYmFja2VuZCI6ImRqYW5nby5jb250cmliLmF1dGguYmFja2VuZHMuTW9kZWxCYWNrZW5kIiwiX2F1dGhfdXNlcl9pZCI6IjkiLCJfYXV0aF91c2VyX2hhc2giOiIzZTA0MDQ3NDkyMDk5Njc5MWVmNGE0NjU1ZThhZWJkMDQwMWEyNmM3In0=	2019-03-27 11:21:22.892043+05
qeh2cbsgsv62advhu1erq06caxhtkqn9	N2QzZTk3OGE4OWJlN2VjY2NjZmY1YzI2NzYyNjFmY2JkYzM0ZTk1Zjp7Il9hdXRoX3VzZXJfYmFja2VuZCI6ImRqYW5nby5jb250cmliLmF1dGguYmFja2VuZHMuTW9kZWxCYWNrZW5kIiwiX2F1dGhfdXNlcl9oYXNoIjoiMzAyNTY0Yjk2ZDRmMTExOGE5NDE4ZDY1MmQwNmJjODYzNWFhOTZlOSIsIl9hdXRoX3VzZXJfaWQiOiIxIn0=	2019-03-29 09:10:32.805962+05
au7urkoznw0hikqqxft5vh4npg3ewdp2	ZTQyOGJiZWNkZmVjYzllYWUxZjBhYjVmOWIyZmRjNWNiMmIwM2I2MDp7Il9hdXRoX3VzZXJfaWQiOiIxIiwiX2F1dGhfdXNlcl9iYWNrZW5kIjoiZGphbmdvLmNvbnRyaWIuYXV0aC5iYWNrZW5kcy5Nb2RlbEJhY2tlbmQiLCJfYXV0aF91c2VyX2hhc2giOiIzMDI1NjRiOTZkNGYxMTE4YTk0MThkNjUyZDA2YmM4NjM1YWE5NmU5In0=	2019-03-29 16:23:51.557882+05
yq8fk8jyl3fu94565t3kwmp8gk4jefdm	ZTdiODk0MDU0MmQwN2U2YjQ0OTBhMWE2MGQ2ZGZiNGZiOTFhZmY2Yzp7Il9hdXRoX3VzZXJfYmFja2VuZCI6ImRqYW5nby5jb250cmliLmF1dGguYmFja2VuZHMuTW9kZWxCYWNrZW5kIiwiX2F1dGhfdXNlcl9oYXNoIjoiNmQwYzc0ODA5YmNiNTI2NTY1ZTAwMmIzMGNmM2M0ZjNkMzQyZThmNCIsIl9hdXRoX3VzZXJfaWQiOiIxIn0=	2019-03-18 01:51:49.608365+05
w9plufakb6uavrw2j4xrikv8vin5toae	YWI5ZDI4Yzg1Y2NkOWVkYWE0NGMwNjNhOGY4Y2UwZmJhYjlmNDk0YTp7Il9hdXRoX3VzZXJfaGFzaCI6IjZkMGM3NDgwOWJjYjUyNjU2NWUwMDJiMzBjZjNjNGYzZDM0MmU4ZjQiLCJfYXV0aF91c2VyX2JhY2tlbmQiOiJkamFuZ28uY29udHJpYi5hdXRoLmJhY2tlbmRzLk1vZGVsQmFja2VuZCIsIl9hdXRoX3VzZXJfaWQiOiIxIn0=	2019-03-18 14:28:59.964774+05
dm0pel4rdn1zcsbpm845df3vx8rnbr71	MTM5MmQ2OGM2MDM4NmNlZjI3MTJiNzQ1YzE1ZTc3NzZjNzE0Y2I5NTp7Il9hdXRoX3VzZXJfYmFja2VuZCI6ImRqYW5nby5jb250cmliLmF1dGguYmFja2VuZHMuTW9kZWxCYWNrZW5kIiwiX2F1dGhfdXNlcl9pZCI6IjEiLCJfYXV0aF91c2VyX2hhc2giOiIzMDI1NjRiOTZkNGYxMTE4YTk0MThkNjUyZDA2YmM4NjM1YWE5NmU5In0=	2019-04-01 10:55:30.388227+05
89ucjyfzawuo6wh1ilfhfjxw4n03j852	YjZmZjRkMmE2NDIwNTJiN2IxZmE4ZjBkMDY1YjgxNmZiODYwODZkZjp7Il9hdXRoX3VzZXJfaGFzaCI6IjZkMGM3NDgwOWJjYjUyNjU2NWUwMDJiMzBjZjNjNGYzZDM0MmU4ZjQiLCJfYXV0aF91c2VyX2lkIjoiMSIsIl9hdXRoX3VzZXJfYmFja2VuZCI6ImRqYW5nby5jb250cmliLmF1dGguYmFja2VuZHMuTW9kZWxCYWNrZW5kIn0=	2019-03-19 15:05:14.510875+05
l1pjxnpn5a9t2gt10567z4vbohjzl01t	YWRlYTdmOTBlNzNjODhjYjhkNGVlYTM3ZGI3MDcxMmIyMzc0ZGIwNTp7Il9hdXRoX3VzZXJfaWQiOiIxMiIsIl9hdXRoX3VzZXJfaGFzaCI6IjVjMWM2NjJiNmE4Y2ZiOGJjZmRlY2NiOGVjYjk3ZmU1ZjNlOTdkYTkiLCJfYXV0aF91c2VyX2JhY2tlbmQiOiJkamFuZ28uY29udHJpYi5hdXRoLmJhY2tlbmRzLk1vZGVsQmFja2VuZCJ9	2019-04-02 14:43:53.94668+05
2wis2nskeshqxstr35tjg1tru5942f9q	ZTRhNzQ0MDc4NDViYzkxMmFhYTYxN2Y1M2ZkZmZkOWMwNTEzYmJkMzp7Il9hdXRoX3VzZXJfaWQiOiIxIiwiX2F1dGhfdXNlcl9iYWNrZW5kIjoiZGphbmdvLmNvbnRyaWIuYXV0aC5iYWNrZW5kcy5Nb2RlbEJhY2tlbmQiLCJfYXV0aF91c2VyX2hhc2giOiI2ZDBjNzQ4MDliY2I1MjY1NjVlMDAyYjMwY2YzYzRmM2QzNDJlOGY0In0=	2019-03-19 19:47:17.262959+05
fb3wjusf32zh544j7ksmpp28weijluwf	NTljYWJlNmEyZTRlYjRlOTVhYjc5MDBmNmJhZjBhMGEyZGRmNTllZjp7Il9hdXRoX3VzZXJfaWQiOiI4IiwiX2F1dGhfdXNlcl9oYXNoIjoiZTM5N2FhNDY2MjZjMDM1YWJhMjQyM2JhYThjMDRlNjhiZjZhNjAwOCIsIl9hdXRoX3VzZXJfYmFja2VuZCI6ImRqYW5nby5jb250cmliLmF1dGguYmFja2VuZHMuTW9kZWxCYWNrZW5kIn0=	2019-04-02 22:05:07.067037+05
t9398c82ja026eanda80w0sr3uxpgjhk	NzYwMzFhM2MyMDZlMWFiYjY5M2E5MWUwNGNhZTg5MzI3M2I3MDEwNzp7Il9hdXRoX3VzZXJfaWQiOiIxIiwiX2F1dGhfdXNlcl9oYXNoIjoiMzAyNTY0Yjk2ZDRmMTExOGE5NDE4ZDY1MmQwNmJjODYzNWFhOTZlOSIsIl9hdXRoX3VzZXJfYmFja2VuZCI6ImRqYW5nby5jb250cmliLmF1dGguYmFja2VuZHMuTW9kZWxCYWNrZW5kIn0=	2019-04-03 12:06:45.547081+05
of8ig3y446bskd53h3l0yr1o9gzm8gy8	YjZmZjRkMmE2NDIwNTJiN2IxZmE4ZjBkMDY1YjgxNmZiODYwODZkZjp7Il9hdXRoX3VzZXJfaGFzaCI6IjZkMGM3NDgwOWJjYjUyNjU2NWUwMDJiMzBjZjNjNGYzZDM0MmU4ZjQiLCJfYXV0aF91c2VyX2lkIjoiMSIsIl9hdXRoX3VzZXJfYmFja2VuZCI6ImRqYW5nby5jb250cmliLmF1dGguYmFja2VuZHMuTW9kZWxCYWNrZW5kIn0=	2019-03-20 16:49:24.610758+05
nt156x46hojfdopbny89rwrdnersqxvl	NWM1Mzk5NDI4MDFlZWFmYWIxN2RhNGRlZDA3MzE1NTlkYjk4NDBlYjp7Il9hdXRoX3VzZXJfaWQiOiIxIiwiX2F1dGhfdXNlcl9oYXNoIjoiNmQwYzc0ODA5YmNiNTI2NTY1ZTAwMmIzMGNmM2M0ZjNkMzQyZThmNCIsIl9hdXRoX3VzZXJfYmFja2VuZCI6ImRqYW5nby5jb250cmliLmF1dGguYmFja2VuZHMuTW9kZWxCYWNrZW5kIn0=	2019-03-20 20:54:18.814243+05
kk9pk06wf29mdt7t3y7f3xcj1obp4uth	MTFlYjAyYWNiZTNlZTU5MWIxZGZlMmNmODhiNDAwM2MxMjk3YjQ4OTp7Il9hdXRoX3VzZXJfaGFzaCI6IjUyZWVhZDEzNDBkNmU4YTc5OWYzZDVjNjJhOTE2NTk4ZGU0Y2M4YWIiLCJfYXV0aF91c2VyX2JhY2tlbmQiOiJkamFuZ28uY29udHJpYi5hdXRoLmJhY2tlbmRzLk1vZGVsQmFja2VuZCIsIl9hdXRoX3VzZXJfaWQiOiIxOSJ9	2019-04-19 22:30:06.476073+05
dbp6uoi5oysfkmmal9p9vsd1otztzorg	NTM5ZTEzMGY1YWU3YjQ3ZjQxYmUzODU0OGFhNGI3NzBkM2QwZTczOTp7Il9hdXRoX3VzZXJfYmFja2VuZCI6ImRqYW5nby5jb250cmliLmF1dGguYmFja2VuZHMuTW9kZWxCYWNrZW5kIiwiX2F1dGhfdXNlcl9oYXNoIjoiZTM5N2FhNDY2MjZjMDM1YWJhMjQyM2JhYThjMDRlNjhiZjZhNjAwOCIsIl9hdXRoX3VzZXJfaWQiOiI4In0=	2019-04-04 19:01:50.686539+05
jgz15417o0ymhlgsnxm93lpoyvihx7d5	ZTRhNzQ0MDc4NDViYzkxMmFhYTYxN2Y1M2ZkZmZkOWMwNTEzYmJkMzp7Il9hdXRoX3VzZXJfaWQiOiIxIiwiX2F1dGhfdXNlcl9iYWNrZW5kIjoiZGphbmdvLmNvbnRyaWIuYXV0aC5iYWNrZW5kcy5Nb2RlbEJhY2tlbmQiLCJfYXV0aF91c2VyX2hhc2giOiI2ZDBjNzQ4MDliY2I1MjY1NjVlMDAyYjMwY2YzYzRmM2QzNDJlOGY0In0=	2019-03-24 05:13:30.572163+05
jrvsefwgcrnm7dhlonts047k9mn5ydrd	NzIyNjBiZWNmMWNmZTJhZDM0NDkyM2JmODE2Mjk5NmE3N2I5ZGYzOTp7Il9hdXRoX3VzZXJfYmFja2VuZCI6ImRqYW5nby5jb250cmliLmF1dGguYmFja2VuZHMuTW9kZWxCYWNrZW5kIiwiX2F1dGhfdXNlcl9oYXNoIjoiZGQ1ZDY2ZmZlYjYxNTYwZDRkNzZlMzkzYzhkNTFjNTQ5NDU5NzkwYSIsIl9hdXRoX3VzZXJfaWQiOiIxMyJ9	2019-04-09 07:32:33.045006+05
q4k3s9irqp1lqgsieys1hzes65ee8od5	OGEyY2NmNjUzYzA2YTY4YTdkNmFiOTA0ZDYyMmMwNzU0YWM3OGZhMzp7Il9hdXRoX3VzZXJfaGFzaCI6ImUzOTdhYTQ2NjI2YzAzNWFiYTI0MjNiYWE4YzA0ZTY4YmY2YTYwMDgiLCJfYXV0aF91c2VyX2lkIjoiOCIsIl9hdXRoX3VzZXJfYmFja2VuZCI6ImRqYW5nby5jb250cmliLmF1dGguYmFja2VuZHMuTW9kZWxCYWNrZW5kIn0=	2019-04-10 13:12:08.883802+05
fpaex01aqrw1aqjjctoch0l7w8pt5azo	YTJmNDFkMGEyZjI4M2VjOTgzNjg5YTgwMzc3NWMxYThhNzU1NDczNDp7Il9hdXRoX3VzZXJfYmFja2VuZCI6ImRqYW5nby5jb250cmliLmF1dGguYmFja2VuZHMuTW9kZWxCYWNrZW5kIiwiX2F1dGhfdXNlcl9pZCI6IjI4IiwiX2F1dGhfdXNlcl9oYXNoIjoiMTlmYjg4MTMwNDczMmI1ZGViNzA2YzA5MmQ4M2Y0YmQyNmFkNjdhZSJ9	2019-04-17 09:50:22.272321+05
7ee0qmqiwr287a6efyqciat3zr5ad7mo	MTM5MmQ2OGM2MDM4NmNlZjI3MTJiNzQ1YzE1ZTc3NzZjNzE0Y2I5NTp7Il9hdXRoX3VzZXJfYmFja2VuZCI6ImRqYW5nby5jb250cmliLmF1dGguYmFja2VuZHMuTW9kZWxCYWNrZW5kIiwiX2F1dGhfdXNlcl9pZCI6IjEiLCJfYXV0aF91c2VyX2hhc2giOiIzMDI1NjRiOTZkNGYxMTE4YTk0MThkNjUyZDA2YmM4NjM1YWE5NmU5In0=	2019-04-10 17:00:23.435585+05
ozcuwc5y9ijglqivcppqwkm9fjeiagdz	M2M0YzFhNDU5NTE4NjM1NTkwODE5OGEwY2VlNmU1ODQ0MjQzOTZhODp7Il9hdXRoX3VzZXJfYmFja2VuZCI6ImRqYW5nby5jb250cmliLmF1dGguYmFja2VuZHMuTW9kZWxCYWNrZW5kIiwiX2F1dGhfdXNlcl9pZCI6IjEwIiwiX2F1dGhfdXNlcl9oYXNoIjoiNGYxODBmNjcyMjIyMjU5Mjg3NTRkZmRmOTU2MjRmZmRhYmE0MzNjNyJ9	2019-04-11 09:00:45.594145+05
438kptab7acv6d85y6wzhs5pj969uerz	OWFlNGZiOTM2MDE3ODE5MWVlMDYyMGM5MDA3MmVjNGIxODBhZWUwNzp7Il9hdXRoX3VzZXJfYmFja2VuZCI6ImRqYW5nby5jb250cmliLmF1dGguYmFja2VuZHMuTW9kZWxCYWNrZW5kIiwiX2F1dGhfdXNlcl9pZCI6IjIwIiwiX2F1dGhfdXNlcl9oYXNoIjoiODllNGI4OWIyYjljMGEyYjkzY2ZlMzRlMTc3NmFjOWY2Njc2ZDljNCJ9	2019-04-17 10:13:04.591298+05
alckopq76dw55xwe574tng9hvyzjrrjn	N2RhYmY1NjU3ZTY4MTRlZTNlMTBmZmYzYzE3MTZjOTk1ZDE0Y2UwZjp7Il9hdXRoX3VzZXJfYmFja2VuZCI6ImRqYW5nby5jb250cmliLmF1dGguYmFja2VuZHMuTW9kZWxCYWNrZW5kIiwiX2F1dGhfdXNlcl9pZCI6IjI0IiwiX2F1dGhfdXNlcl9oYXNoIjoiYTE0YTFkOGYzNzM2ZTQ3NTAxZDBmOTAwODk3MDQyM2NiOWE0MjYxMyJ9	2019-04-11 10:27:06.244354+05
cfh64tj8kqy00ezkd2j2vawt27qjsu09	NWJiODk1NzZlZGQ3NTIxMzRhMzFiZTg2OWFkMTc1NWRmNzk3YzgwODp7Il9hdXRoX3VzZXJfYmFja2VuZCI6ImRqYW5nby5jb250cmliLmF1dGguYmFja2VuZHMuTW9kZWxCYWNrZW5kIiwiX2F1dGhfdXNlcl9pZCI6IjE5IiwiX2F1dGhfdXNlcl9oYXNoIjoiNTJlZWFkMTM0MGQ2ZThhNzk5ZjNkNWM2MmE5MTY1OThkZTRjYzhhYiJ9	2019-04-18 08:37:16.685981+05
v2yyq0skp167q4eqjr8km08yked69kjp	NWJiODk1NzZlZGQ3NTIxMzRhMzFiZTg2OWFkMTc1NWRmNzk3YzgwODp7Il9hdXRoX3VzZXJfYmFja2VuZCI6ImRqYW5nby5jb250cmliLmF1dGguYmFja2VuZHMuTW9kZWxCYWNrZW5kIiwiX2F1dGhfdXNlcl9pZCI6IjE5IiwiX2F1dGhfdXNlcl9oYXNoIjoiNTJlZWFkMTM0MGQ2ZThhNzk5ZjNkNWM2MmE5MTY1OThkZTRjYzhhYiJ9	2019-04-18 08:42:19.601633+05
9gj3md69g6los25gxw6paazxzua1qu4c	ZTRhNzQ0MDc4NDViYzkxMmFhYTYxN2Y1M2ZkZmZkOWMwNTEzYmJkMzp7Il9hdXRoX3VzZXJfaWQiOiIxIiwiX2F1dGhfdXNlcl9iYWNrZW5kIjoiZGphbmdvLmNvbnRyaWIuYXV0aC5iYWNrZW5kcy5Nb2RlbEJhY2tlbmQiLCJfYXV0aF91c2VyX2hhc2giOiI2ZDBjNzQ4MDliY2I1MjY1NjVlMDAyYjMwY2YzYzRmM2QzNDJlOGY0In0=	2019-04-04 13:29:08.014632+05
mmf46q4oovfxnr2mrc64p5rv8nsfdq8s	NWY1MTllMTRlZmVhNWIyMjAxNTZmNjEzOGVlZGI1YzM0ODJlNDY3OTp7Il9hdXRoX3VzZXJfaGFzaCI6IjIwOTk1NjAyZWNlNDdjM2NjNzkzNjI3NDkyZTE5YTcxMDY1YmQxYTAiLCJfYXV0aF91c2VyX2JhY2tlbmQiOiJkamFuZ28uY29udHJpYi5hdXRoLmJhY2tlbmRzLk1vZGVsQmFja2VuZCIsIl9hdXRoX3VzZXJfaWQiOiIyMSJ9	2019-04-24 16:11:18.258724+05
e03rvk051uocd0kmtlaj4oj793whqfb4	MTFlYjAyYWNiZTNlZTU5MWIxZGZlMmNmODhiNDAwM2MxMjk3YjQ4OTp7Il9hdXRoX3VzZXJfaGFzaCI6IjUyZWVhZDEzNDBkNmU4YTc5OWYzZDVjNjJhOTE2NTk4ZGU0Y2M4YWIiLCJfYXV0aF91c2VyX2JhY2tlbmQiOiJkamFuZ28uY29udHJpYi5hdXRoLmJhY2tlbmRzLk1vZGVsQmFja2VuZCIsIl9hdXRoX3VzZXJfaWQiOiIxOSJ9	2019-04-18 17:17:36.377053+05
k1zvz9jw38mo7wb05rsslco60gbh1fls	ODJmZmExNmIxYTA4MGExNDc4MGU5MWNmMTY3MTU5ZjI2YjEwM2VlNDp7Il9hdXRoX3VzZXJfaGFzaCI6ImUzOTdhYTQ2NjI2YzAzNWFiYTI0MjNiYWE4YzA0ZTY4YmY2YTYwMDgiLCJfYXV0aF91c2VyX2JhY2tlbmQiOiJkamFuZ28uY29udHJpYi5hdXRoLmJhY2tlbmRzLk1vZGVsQmFja2VuZCIsIl9hdXRoX3VzZXJfaWQiOiI4In0=	2019-04-18 22:49:14.318508+05
um72pge2ppgrh195vuvp5meoted1o4qt	NWM1Mzk5NDI4MDFlZWFmYWIxN2RhNGRlZDA3MzE1NTlkYjk4NDBlYjp7Il9hdXRoX3VzZXJfaWQiOiIxIiwiX2F1dGhfdXNlcl9oYXNoIjoiNmQwYzc0ODA5YmNiNTI2NTY1ZTAwMmIzMGNmM2M0ZjNkMzQyZThmNCIsIl9hdXRoX3VzZXJfYmFja2VuZCI6ImRqYW5nby5jb250cmliLmF1dGguYmFja2VuZHMuTW9kZWxCYWNrZW5kIn0=	2019-04-11 14:50:22.043449+05
j0sl1ajvzgj5fi6w2qie95u7yof3pb2n	YjdhYWY2ZmRiN2I3MDg0YjViZjAyNzZiZGNhMDlmOTQ5NTQ3NzEwZjp7Il9hdXRoX3VzZXJfaGFzaCI6IjEzOTEwN2FjZDdlZWIzZGYwMTVkMDQ2NWRhYzg5Zjc5NjMwYTk3ZjMiLCJfYXV0aF91c2VyX2JhY2tlbmQiOiJkamFuZ28uY29udHJpYi5hdXRoLmJhY2tlbmRzLk1vZGVsQmFja2VuZCIsIl9hdXRoX3VzZXJfaWQiOiIxNyJ9	2019-04-19 08:58:51.290604+05
9jnvbkqe6ahgbwqih2aaez7mlflgjajv	NWM1Mzk5NDI4MDFlZWFmYWIxN2RhNGRlZDA3MzE1NTlkYjk4NDBlYjp7Il9hdXRoX3VzZXJfaWQiOiIxIiwiX2F1dGhfdXNlcl9oYXNoIjoiNmQwYzc0ODA5YmNiNTI2NTY1ZTAwMmIzMGNmM2M0ZjNkMzQyZThmNCIsIl9hdXRoX3VzZXJfYmFja2VuZCI6ImRqYW5nby5jb250cmliLmF1dGguYmFja2VuZHMuTW9kZWxCYWNrZW5kIn0=	2019-04-11 20:54:44.352597+05
hv23ultsinbqum3q1ouz780mnim8loz2	YjZmZjRkMmE2NDIwNTJiN2IxZmE4ZjBkMDY1YjgxNmZiODYwODZkZjp7Il9hdXRoX3VzZXJfaGFzaCI6IjZkMGM3NDgwOWJjYjUyNjU2NWUwMDJiMzBjZjNjNGYzZDM0MmU4ZjQiLCJfYXV0aF91c2VyX2lkIjoiMSIsIl9hdXRoX3VzZXJfYmFja2VuZCI6ImRqYW5nby5jb250cmliLmF1dGguYmFja2VuZHMuTW9kZWxCYWNrZW5kIn0=	2019-04-12 15:28:54.775307+05
9gzzrmg3nhgmvsbs5y3iwi08njyy69a2	NGZhYzg0N2I5MTk2MWM1ODIzZGVhOTk4Yjk1OWNhZDljNTJkYmQxZDp7Il9hdXRoX3VzZXJfaGFzaCI6IjE0NzUyYmQxYzQ1ZmY0ODI1OTllOGQxOTQ3N2JkZmEzNzMwNWE5YWYiLCJfYXV0aF91c2VyX2JhY2tlbmQiOiJkamFuZ28uY29udHJpYi5hdXRoLmJhY2tlbmRzLk1vZGVsQmFja2VuZCIsIl9hdXRoX3VzZXJfaWQiOiIyNSJ9	2019-04-26 11:50:18.443463+05
mu2hj2acr2k6twvqeqwrm0e9kpf883dx	ODJmZmExNmIxYTA4MGExNDc4MGU5MWNmMTY3MTU5ZjI2YjEwM2VlNDp7Il9hdXRoX3VzZXJfaGFzaCI6ImUzOTdhYTQ2NjI2YzAzNWFiYTI0MjNiYWE4YzA0ZTY4YmY2YTYwMDgiLCJfYXV0aF91c2VyX2JhY2tlbmQiOiJkamFuZ28uY29udHJpYi5hdXRoLmJhY2tlbmRzLk1vZGVsQmFja2VuZCIsIl9hdXRoX3VzZXJfaWQiOiI4In0=	2019-04-26 12:01:18.02232+05
fca167ti2329oag5ab80gevkwozt1s6q	NzcwNGQyMDhlMzkzMWMwNWIzY2MxY2M3NjBhNWUyZjFhYTc2MmU0Yzp7Il9hdXRoX3VzZXJfaGFzaCI6IjI5NGM1ZTJhNThmMmZiZWYzZjU2YTVkY2Y2ZjIyZmRhZTQwMGNmZTEiLCJfYXV0aF91c2VyX2JhY2tlbmQiOiJkamFuZ28uY29udHJpYi5hdXRoLmJhY2tlbmRzLk1vZGVsQmFja2VuZCIsIl9hdXRoX3VzZXJfaWQiOiIzNyJ9	2019-04-26 11:53:03.244635+05
ah6oexypdrwa3vc7rmoyor2regobzbnv	YzI4Y2M1Njc2MTIwZmQ1NTlmYmYyYTk3ODQzMWVhYWFlYjg4YzUyNjp7Il9hdXRoX3VzZXJfYmFja2VuZCI6ImRqYW5nby5jb250cmliLmF1dGguYmFja2VuZHMuTW9kZWxCYWNrZW5kIiwiX2F1dGhfdXNlcl9oYXNoIjoiOTFkMWY3MTkwNDg4MTE1OTc3MTAwMmM2MmI0M2JlZGNmZTgzYzNmZCIsIl9hdXRoX3VzZXJfaWQiOiIxMSJ9	2019-04-26 12:17:45.571669+05
knfoqahi19ibjebafz1035jvkext2m27	YmVlODY1NzJiMWQ3MDA4N2JiM2ZlNDk1NWU1NDM5ZjIyMmI5MGQ4Yzp7Il9hdXRoX3VzZXJfaGFzaCI6IjE5ZmI4ODEzMDQ3MzJiNWRlYjcwNmMwOTJkODNmNGJkMjZhZDY3YWUiLCJfYXV0aF91c2VyX2JhY2tlbmQiOiJkamFuZ28uY29udHJpYi5hdXRoLmJhY2tlbmRzLk1vZGVsQmFja2VuZCIsIl9hdXRoX3VzZXJfaWQiOiIyOCJ9	2019-04-26 15:42:53.312717+05
yac8llouwdgp3wv9254krq6apt0bb4lf	Y2I1OWZlZDJmZWE1MzZjZDJiYTgwNjA1OTY5MjdmYTI5MmFmNzQ4ZDp7Il9hdXRoX3VzZXJfYmFja2VuZCI6ImRqYW5nby5jb250cmliLmF1dGguYmFja2VuZHMuTW9kZWxCYWNrZW5kIiwiX2F1dGhfdXNlcl9pZCI6IjE1IiwiX2F1dGhfdXNlcl9oYXNoIjoiNDhiM2I1YzhiNGQwZTkwYzNiZmIwNDI2YzMzNjkyM2Y3ZGZmZTY2YyJ9	2019-05-06 10:35:28.214988+05
9jalofjpuwpt1mt7zxaw1soeyhxjz2ns	YWI5ZDI4Yzg1Y2NkOWVkYWE0NGMwNjNhOGY4Y2UwZmJhYjlmNDk0YTp7Il9hdXRoX3VzZXJfaGFzaCI6IjZkMGM3NDgwOWJjYjUyNjU2NWUwMDJiMzBjZjNjNGYzZDM0MmU4ZjQiLCJfYXV0aF91c2VyX2JhY2tlbmQiOiJkamFuZ28uY29udHJpYi5hdXRoLmJhY2tlbmRzLk1vZGVsQmFja2VuZCIsIl9hdXRoX3VzZXJfaWQiOiIxIn0=	2019-04-23 19:56:12.478425+05
unbho1y9rajk4v13pvo3lca801rni8wa	YWI5ZDI4Yzg1Y2NkOWVkYWE0NGMwNjNhOGY4Y2UwZmJhYjlmNDk0YTp7Il9hdXRoX3VzZXJfaGFzaCI6IjZkMGM3NDgwOWJjYjUyNjU2NWUwMDJiMzBjZjNjNGYzZDM0MmU4ZjQiLCJfYXV0aF91c2VyX2JhY2tlbmQiOiJkamFuZ28uY29udHJpYi5hdXRoLmJhY2tlbmRzLk1vZGVsQmFja2VuZCIsIl9hdXRoX3VzZXJfaWQiOiIxIn0=	2019-04-24 00:48:10.604349+05
szidet1uckneyej32dl0ngfn65tcxpnp	NGJmNTViNWMxMjk5NGNiYzlhNmM5MDIzM2ZhNjBiMDZiNDM2NjgwZjp7Il9hdXRoX3VzZXJfaGFzaCI6IjRmMTgwZjY3MjIyMjI1OTI4NzU0ZGZkZjk1NjI0ZmZkYWJhNDMzYzciLCJfYXV0aF91c2VyX2JhY2tlbmQiOiJkamFuZ28uY29udHJpYi5hdXRoLmJhY2tlbmRzLk1vZGVsQmFja2VuZCIsIl9hdXRoX3VzZXJfaWQiOiIxMCJ9	2019-04-29 11:50:09.115612+05
j5x1zug4pxuolzs02hl07jc820xjvdc6	ODJmZmExNmIxYTA4MGExNDc4MGU5MWNmMTY3MTU5ZjI2YjEwM2VlNDp7Il9hdXRoX3VzZXJfaGFzaCI6ImUzOTdhYTQ2NjI2YzAzNWFiYTI0MjNiYWE4YzA0ZTY4YmY2YTYwMDgiLCJfYXV0aF91c2VyX2JhY2tlbmQiOiJkamFuZ28uY29udHJpYi5hdXRoLmJhY2tlbmRzLk1vZGVsQmFja2VuZCIsIl9hdXRoX3VzZXJfaWQiOiI4In0=	2019-04-29 14:47:16.740762+05
wwteci8lsedsbehtslkt6ro0levnp1nl	NDIxNzRmMzQ2OTcxNjdlNmFjMDQ0NDMzYjkwZGFmOGE3NjE1NGI1Mzp7Il9hdXRoX3VzZXJfaGFzaCI6IjZjNmJhYTQ2MDBjY2M3OTY3YWMwZTZmMjJjYjNlZWI4ZDI5MWZkYmMiLCJfYXV0aF91c2VyX2JhY2tlbmQiOiJkamFuZ28uY29udHJpYi5hdXRoLmJhY2tlbmRzLk1vZGVsQmFja2VuZCIsIl9hdXRoX3VzZXJfaWQiOiIxNiJ9	2019-04-29 16:56:58.485815+05
7ipjrkmsrjllxdxwksg0z2mttudjnb2a	MWVkMmExMjc5MzA1YzlhNGI0N2QyYzhiYjQwMjZmOTljMTdmZDgwZjp7Il9hdXRoX3VzZXJfaGFzaCI6ImRkNWQ2NmZmZWI2MTU2MGQ0ZDc2ZTM5M2M4ZDUxYzU0OTQ1OTc5MGEiLCJfYXV0aF91c2VyX2JhY2tlbmQiOiJkamFuZ28uY29udHJpYi5hdXRoLmJhY2tlbmRzLk1vZGVsQmFja2VuZCIsIl9hdXRoX3VzZXJfaWQiOiIxMyJ9	2019-04-29 17:09:51.464511+05
ekm5s532n1ybqtzxvc341oehar4fo4lt	YTI4YzE5ZGU3Y2YwMDgxYzE5ZTYxNDdlZDIxNDQ5ODFjMjJjNzZlZjp7Il9hdXRoX3VzZXJfaGFzaCI6ImFkMzM3MGRkZTA5ZTUzZjA1MzBhOWYzMTFiMmJhNGExMzUzYmE4NzkiLCJfYXV0aF91c2VyX2JhY2tlbmQiOiJkamFuZ28uY29udHJpYi5hdXRoLmJhY2tlbmRzLk1vZGVsQmFja2VuZCIsIl9hdXRoX3VzZXJfaWQiOiIxNCJ9	2019-04-29 17:11:08.431219+05
j6m4cy3ih8zsrkd9kbuvuhe7dou08qad	ZTRhNzQ0MDc4NDViYzkxMmFhYTYxN2Y1M2ZkZmZkOWMwNTEzYmJkMzp7Il9hdXRoX3VzZXJfaWQiOiIxIiwiX2F1dGhfdXNlcl9iYWNrZW5kIjoiZGphbmdvLmNvbnRyaWIuYXV0aC5iYWNrZW5kcy5Nb2RlbEJhY2tlbmQiLCJfYXV0aF91c2VyX2hhc2giOiI2ZDBjNzQ4MDliY2I1MjY1NjVlMDAyYjMwY2YzYzRmM2QzNDJlOGY0In0=	2019-04-24 13:51:04.111381+05
gacr4ynrnhxeox09voy8r2930d5k4yzh	NzYwMzFhM2MyMDZlMWFiYjY5M2E5MWUwNGNhZTg5MzI3M2I3MDEwNzp7Il9hdXRoX3VzZXJfaWQiOiIxIiwiX2F1dGhfdXNlcl9oYXNoIjoiMzAyNTY0Yjk2ZDRmMTExOGE5NDE4ZDY1MmQwNmJjODYzNWFhOTZlOSIsIl9hdXRoX3VzZXJfYmFja2VuZCI6ImRqYW5nby5jb250cmliLmF1dGguYmFja2VuZHMuTW9kZWxCYWNrZW5kIn0=	2019-05-08 10:23:55.469999+05
igmg1561fpu658l2z7656o65uuhky65u	NjQxYjBkN2IyODVmYjRlM2VjMGI4MTU2ZWJlYWM2NmFkNTU3MjI4Mzp7Il9hdXRoX3VzZXJfaGFzaCI6IjMwMjU2NGI5NmQ0ZjExMThhOTQxOGQ2NTJkMDZiYzg2MzVhYTk2ZTkiLCJfYXV0aF91c2VyX2lkIjoiMSIsIl9hdXRoX3VzZXJfYmFja2VuZCI6ImRqYW5nby5jb250cmliLmF1dGguYmFja2VuZHMuTW9kZWxCYWNrZW5kIn0=	2019-04-30 16:26:46.209973+05
twru3lvxc7adipo09bpwxyj6gz6kk1bn	ZTdiODk0MDU0MmQwN2U2YjQ0OTBhMWE2MGQ2ZGZiNGZiOTFhZmY2Yzp7Il9hdXRoX3VzZXJfYmFja2VuZCI6ImRqYW5nby5jb250cmliLmF1dGguYmFja2VuZHMuTW9kZWxCYWNrZW5kIiwiX2F1dGhfdXNlcl9oYXNoIjoiNmQwYzc0ODA5YmNiNTI2NTY1ZTAwMmIzMGNmM2M0ZjNkMzQyZThmNCIsIl9hdXRoX3VzZXJfaWQiOiIxIn0=	2019-04-16 20:53:06.682849+05
moydni0k7cplhxyfg2kvvsrc7kdl4zed	NmIyZTgzOGM3NWVlYmIxZmZmODk4ZDkxZWVmZjY3NDJhNGI3NjhlMzp7Il9hdXRoX3VzZXJfYmFja2VuZCI6ImRqYW5nby5jb250cmliLmF1dGguYmFja2VuZHMuTW9kZWxCYWNrZW5kIiwiX2F1dGhfdXNlcl9pZCI6IjEiLCJfYXV0aF91c2VyX2hhc2giOiI2ZDBjNzQ4MDliY2I1MjY1NjVlMDAyYjMwY2YzYzRmM2QzNDJlOGY0In0=	2019-04-17 16:11:08.780446+05
b7dgcntfoc1u4m17ntcnnxkjdszsklyv	ZTk0MjE2MjhhMjRmMjQ4MmE2NDM1MmI1NjQ2YTI2ZjA0MmVkYjA4MDp7Il9hdXRoX3VzZXJfYmFja2VuZCI6ImRqYW5nby5jb250cmliLmF1dGguYmFja2VuZHMuTW9kZWxCYWNrZW5kIiwiX2F1dGhfdXNlcl9pZCI6IjMyIiwiX2F1dGhfdXNlcl9oYXNoIjoiNmIyMmE0YzRhNzY2ZDBiYTVmMzRkZWIzMzYzNWQ2OGNkNTEzOGQwZCJ9	2019-05-01 14:30:49.660861+05
joyuqgncpm8fcqcdjvktsi78y4buas7p	ZTRhNzQ0MDc4NDViYzkxMmFhYTYxN2Y1M2ZkZmZkOWMwNTEzYmJkMzp7Il9hdXRoX3VzZXJfaWQiOiIxIiwiX2F1dGhfdXNlcl9iYWNrZW5kIjoiZGphbmdvLmNvbnRyaWIuYXV0aC5iYWNrZW5kcy5Nb2RlbEJhY2tlbmQiLCJfYXV0aF91c2VyX2hhc2giOiI2ZDBjNzQ4MDliY2I1MjY1NjVlMDAyYjMwY2YzYzRmM2QzNDJlOGY0In0=	2019-04-18 13:49:48.468168+05
qi25vr6vxp0qbw65ppnn3gb4g9lokjyg	YjZmZjRkMmE2NDIwNTJiN2IxZmE4ZjBkMDY1YjgxNmZiODYwODZkZjp7Il9hdXRoX3VzZXJfaGFzaCI6IjZkMGM3NDgwOWJjYjUyNjU2NWUwMDJiMzBjZjNjNGYzZDM0MmU4ZjQiLCJfYXV0aF91c2VyX2lkIjoiMSIsIl9hdXRoX3VzZXJfYmFja2VuZCI6ImRqYW5nby5jb250cmliLmF1dGguYmFja2VuZHMuTW9kZWxCYWNrZW5kIn0=	2019-04-18 18:16:11.871532+05
x9pcey0o1glrp6qvvdmm6hk7yiqlq44m	MTBkMTIyYWMxNDA2YWI1ZTM5NDI5OTU0MTI5YTk5NTc0ZGZjZWYxODp7Il9hdXRoX3VzZXJfYmFja2VuZCI6ImRqYW5nby5jb250cmliLmF1dGguYmFja2VuZHMuTW9kZWxCYWNrZW5kIiwiX2F1dGhfdXNlcl9pZCI6IjM5IiwiX2F1dGhfdXNlcl9oYXNoIjoiYjk1YzQzN2YyM2ViZDYzMTQ1ZjllYjgyMzY3MjRmMjhjNGRlYWIzYyJ9	2019-05-02 16:29:20.831761+05
1r4s0cqz7bgg8jwhumznkh4upt11nphi	MDgzNmE3OGRjM2U3MzVmMmRkNGMxNjM1NjUwMzMwOTY0MTk5MTUxOTp7Il9hdXRoX3VzZXJfYmFja2VuZCI6ImRqYW5nby5jb250cmliLmF1dGguYmFja2VuZHMuTW9kZWxCYWNrZW5kIiwiX2F1dGhfdXNlcl9oYXNoIjoiMTQ3NTJiZDFjNDVmZjQ4MjU5OWU4ZDE5NDc3YmRmYTM3MzA1YTlhZiIsIl9hdXRoX3VzZXJfaWQiOiIyNSJ9	2019-05-03 12:33:24.991971+05
wyqjbkpxk4818eoc9uwhcqcnvhdxn7yt	MmU4ZDQ4Y2Y5ZDU0ZTdmYjRhOWEyOWI3ZDIzZDY0MmE1YzQ1MzRkNjp7Il9hdXRoX3VzZXJfYmFja2VuZCI6ImRqYW5nby5jb250cmliLmF1dGguYmFja2VuZHMuTW9kZWxCYWNrZW5kIiwiX2F1dGhfdXNlcl9oYXNoIjoiZWFlZDUxZjEzNmJmNTBkZTAxMjQ1ZjM0NWU2YzM4ZWFiNDZhOTcxNCIsIl9hdXRoX3VzZXJfaWQiOiI0MCJ9	2019-05-03 15:16:51.656046+05
eewqgo0uf5si49276331u8lclo129m4h	YWI5ZDI4Yzg1Y2NkOWVkYWE0NGMwNjNhOGY4Y2UwZmJhYjlmNDk0YTp7Il9hdXRoX3VzZXJfaGFzaCI6IjZkMGM3NDgwOWJjYjUyNjU2NWUwMDJiMzBjZjNjNGYzZDM0MmU4ZjQiLCJfYXV0aF91c2VyX2JhY2tlbmQiOiJkamFuZ28uY29udHJpYi5hdXRoLmJhY2tlbmRzLk1vZGVsQmFja2VuZCIsIl9hdXRoX3VzZXJfaWQiOiIxIn0=	2019-04-20 02:25:43.184458+05
yuw17l0l7ad74bb618kbzikipylx0k1z	N2Q3NjhmNGJjZjg4YTY3ZWExOGM2YmE3MDFjOGYzMzAzODY4NmJlMDp7Il9hdXRoX3VzZXJfaWQiOiIxNCIsIl9hdXRoX3VzZXJfaGFzaCI6ImFkMzM3MGRkZTA5ZTUzZjA1MzBhOWYzMTFiMmJhNGExMzUzYmE4NzkiLCJfYXV0aF91c2VyX2JhY2tlbmQiOiJkamFuZ28uY29udHJpYi5hdXRoLmJhY2tlbmRzLk1vZGVsQmFja2VuZCJ9	2019-05-28 16:16:45.753065+05
m5104oo2uar2vrlgpco3mq0qnwdaxvae	NjQxYjBkN2IyODVmYjRlM2VjMGI4MTU2ZWJlYWM2NmFkNTU3MjI4Mzp7Il9hdXRoX3VzZXJfaGFzaCI6IjMwMjU2NGI5NmQ0ZjExMThhOTQxOGQ2NTJkMDZiYzg2MzVhYTk2ZTkiLCJfYXV0aF91c2VyX2lkIjoiMSIsIl9hdXRoX3VzZXJfYmFja2VuZCI6ImRqYW5nby5jb250cmliLmF1dGguYmFja2VuZHMuTW9kZWxCYWNrZW5kIn0=	2019-06-10 11:26:24.626052+05
xomaac2aihenaa7npgczlug7unaqn5ae	NWM1Mzk5NDI4MDFlZWFmYWIxN2RhNGRlZDA3MzE1NTlkYjk4NDBlYjp7Il9hdXRoX3VzZXJfaWQiOiIxIiwiX2F1dGhfdXNlcl9oYXNoIjoiNmQwYzc0ODA5YmNiNTI2NTY1ZTAwMmIzMGNmM2M0ZjNkMzQyZThmNCIsIl9hdXRoX3VzZXJfYmFja2VuZCI6ImRqYW5nby5jb250cmliLmF1dGguYmFja2VuZHMuTW9kZWxCYWNrZW5kIn0=	2019-06-27 20:15:25.970296+05
gf7k5omjh3g132n3sawo4bvh3qfb6ymk	NWM1Mzk5NDI4MDFlZWFmYWIxN2RhNGRlZDA3MzE1NTlkYjk4NDBlYjp7Il9hdXRoX3VzZXJfaWQiOiIxIiwiX2F1dGhfdXNlcl9oYXNoIjoiNmQwYzc0ODA5YmNiNTI2NTY1ZTAwMmIzMGNmM2M0ZjNkMzQyZThmNCIsIl9hdXRoX3VzZXJfYmFja2VuZCI6ImRqYW5nby5jb250cmliLmF1dGguYmFja2VuZHMuTW9kZWxCYWNrZW5kIn0=	2019-06-05 15:43:57.555693+05
les41652yr8nic2n4om8zwy56m2h5mc1	ODY5MzhiYjk1MmRmNzcxOGJmZmYyYmNmZjU3YTEyMjhmYjIxOTI1ODp7Il9hdXRoX3VzZXJfaWQiOiI0MSIsIl9hdXRoX3VzZXJfaGFzaCI6ImI1YmQyMjk3ZDVmNDIxZmVmOTUxN2RlZDBiZDI4Yzg3N2FmMWFkN2UiLCJfYXV0aF91c2VyX2JhY2tlbmQiOiJkamFuZ28uY29udHJpYi5hdXRoLmJhY2tlbmRzLk1vZGVsQmFja2VuZCJ9	2019-07-30 10:11:34.918301+05
goqjpdehpr7pxgne95krbh1tszjlnvn0	OGY4Zjk4NGIwYWRlMjQ4ZWJlNWNjMjc3NjBhZTg2MDliMWFmZGE3NDp7Il9hdXRoX3VzZXJfaWQiOiIxMyIsIl9hdXRoX3VzZXJfaGFzaCI6ImRkNWQ2NmZmZWI2MTU2MGQ0ZDc2ZTM5M2M4ZDUxYzU0OTQ1OTc5MGEiLCJfYXV0aF91c2VyX2JhY2tlbmQiOiJkamFuZ28uY29udHJpYi5hdXRoLmJhY2tlbmRzLk1vZGVsQmFja2VuZCJ9	2019-05-14 07:33:42.213203+05
p0dqfbpzl8hpsowmzcnqhrjklgxh5lly	N2Q3NjhmNGJjZjg4YTY3ZWExOGM2YmE3MDFjOGYzMzAzODY4NmJlMDp7Il9hdXRoX3VzZXJfaWQiOiIxNCIsIl9hdXRoX3VzZXJfaGFzaCI6ImFkMzM3MGRkZTA5ZTUzZjA1MzBhOWYzMTFiMmJhNGExMzUzYmE4NzkiLCJfYXV0aF91c2VyX2JhY2tlbmQiOiJkamFuZ28uY29udHJpYi5hdXRoLmJhY2tlbmRzLk1vZGVsQmFja2VuZCJ9	2019-06-23 21:20:50.683923+05
lent7ukbxc14zxf2fsgk04usivte74lr	OGY4Zjk4NGIwYWRlMjQ4ZWJlNWNjMjc3NjBhZTg2MDliMWFmZGE3NDp7Il9hdXRoX3VzZXJfaWQiOiIxMyIsIl9hdXRoX3VzZXJfaGFzaCI6ImRkNWQ2NmZmZWI2MTU2MGQ0ZDc2ZTM5M2M4ZDUxYzU0OTQ1OTc5MGEiLCJfYXV0aF91c2VyX2JhY2tlbmQiOiJkamFuZ28uY29udHJpYi5hdXRoLmJhY2tlbmRzLk1vZGVsQmFja2VuZCJ9	2019-05-28 16:17:29.877021+05
kv7b416o8m5oj83c51jxpu8jddvjkfjr	M2VmNTE4YTRkZWZiNzVmNzBkY2VmYTJhZWI0Y2IxYWIyM2ZlMWQ5ZDp7Il9hdXRoX3VzZXJfaWQiOiIxMyIsIl9hdXRoX3VzZXJfYmFja2VuZCI6ImRqYW5nby5jb250cmliLmF1dGguYmFja2VuZHMuTW9kZWxCYWNrZW5kIiwiX2F1dGhfdXNlcl9oYXNoIjoiZGQ1ZDY2ZmZlYjYxNTYwZDRkNzZlMzkzYzhkNTFjNTQ5NDU5NzkwYSJ9	2019-07-08 07:31:58.705434+05
hkzy040zq6635hrabdwnqlzpctosivpg	ZmU1ZjVhMjlkNmFkMjAwZmM5NzRjZmYyMzc0NGEyZjQ1OGVjZDg2NDp7Il9hdXRoX3VzZXJfaGFzaCI6IjRmMTgwZjY3MjIyMjI1OTI4NzU0ZGZkZjk1NjI0ZmZkYWJhNDMzYzciLCJfYXV0aF91c2VyX2lkIjoiMTAiLCJfYXV0aF91c2VyX2JhY2tlbmQiOiJkamFuZ28uY29udHJpYi5hdXRoLmJhY2tlbmRzLk1vZGVsQmFja2VuZCJ9	2019-06-10 14:04:33.519026+05
1u1jr5c3fysqlhuvuo0qd9vyefge3t3i	YjA4ZjY4OTk2ODk2NGY1ZDE1MWUyYTFjMTU3ODFmNzI2MjczNTkyNDp7Il9hdXRoX3VzZXJfaWQiOiI0MCIsIl9hdXRoX3VzZXJfaGFzaCI6ImVhZWQ1MWYxMzZiZjUwZGUwMTI0NWYzNDVlNmMzOGVhYjQ2YTk3MTQiLCJfYXV0aF91c2VyX2JhY2tlbmQiOiJkamFuZ28uY29udHJpYi5hdXRoLmJhY2tlbmRzLk1vZGVsQmFja2VuZCJ9	2019-06-20 09:52:45.211127+05
5ntliutu77as3ju9pai4t066dp51g895	NzYwMzFhM2MyMDZlMWFiYjY5M2E5MWUwNGNhZTg5MzI3M2I3MDEwNzp7Il9hdXRoX3VzZXJfaWQiOiIxIiwiX2F1dGhfdXNlcl9oYXNoIjoiMzAyNTY0Yjk2ZDRmMTExOGE5NDE4ZDY1MmQwNmJjODYzNWFhOTZlOSIsIl9hdXRoX3VzZXJfYmFja2VuZCI6ImRqYW5nby5jb250cmliLmF1dGguYmFja2VuZHMuTW9kZWxCYWNrZW5kIn0=	2019-07-31 15:42:13.156165+05
m73m06wfsn907i0fm4zob2zu6p127pga	NWRhMjZjMzA4ZjIzMDkzOTE2OTgwOTU2YzgwOTc1NWRiYjAzMjA2NTp7Il9hdXRoX3VzZXJfaWQiOiIxNSIsIl9hdXRoX3VzZXJfaGFzaCI6IjQ4YjNiNWM4YjRkMGU5MGMzYmZiMDQyNmMzMzY5MjNmN2RmZmU2NmMiLCJfYXV0aF91c2VyX2JhY2tlbmQiOiJkamFuZ28uY29udHJpYi5hdXRoLmJhY2tlbmRzLk1vZGVsQmFja2VuZCJ9	2019-06-04 11:02:14.050009+05
sl9akntyh8fxtoeittowbx4ch0brwfns	MTQ2NTcxZmZlYjdjZjE3MWY5MDE4NGMzYmIxYjFlMDlkODdlYmFiYjp7Il9hdXRoX3VzZXJfaWQiOiIyOCIsIl9hdXRoX3VzZXJfaGFzaCI6IjE5ZmI4ODEzMDQ3MzJiNWRlYjcwNmMwOTJkODNmNGJkMjZhZDY3YWUiLCJfYXV0aF91c2VyX2JhY2tlbmQiOiJkamFuZ28uY29udHJpYi5hdXRoLmJhY2tlbmRzLk1vZGVsQmFja2VuZCJ9	2019-06-24 03:17:25.758679+05
m030lfdzt1q5jua2kar1ayyn3ei00bbo	NjhmZDg5YWMwMmQ1NDc5NmUwM2I1YWVhMjM5ZTZmZTZhYzIzNjc1ZDp7Il9hdXRoX3VzZXJfaWQiOiIyMCIsIl9hdXRoX3VzZXJfYmFja2VuZCI6ImRqYW5nby5jb250cmliLmF1dGguYmFja2VuZHMuTW9kZWxCYWNrZW5kIiwiX2F1dGhfdXNlcl9oYXNoIjoiODllNGI4OWIyYjljMGEyYjkzY2ZlMzRlMTc3NmFjOWY2Njc2ZDljNCJ9	2019-06-11 03:40:19.606666+05
kmy24corvl1rnn0xmuzfa67bbgow5yj9	NWM1Mzk5NDI4MDFlZWFmYWIxN2RhNGRlZDA3MzE1NTlkYjk4NDBlYjp7Il9hdXRoX3VzZXJfaWQiOiIxIiwiX2F1dGhfdXNlcl9oYXNoIjoiNmQwYzc0ODA5YmNiNTI2NTY1ZTAwMmIzMGNmM2M0ZjNkMzQyZThmNCIsIl9hdXRoX3VzZXJfYmFja2VuZCI6ImRqYW5nby5jb250cmliLmF1dGguYmFja2VuZHMuTW9kZWxCYWNrZW5kIn0=	2019-04-25 14:07:35.719178+05
g4ayzr1tq5jzbbov84kx91uws0w17p67	YWUxY2ExOGM5YzI5MWRkYjAwNWJmMzY4Y2UxNWI1N2RmNWViZjkxMzp7Il9hdXRoX3VzZXJfaWQiOiI0MCIsIl9hdXRoX3VzZXJfYmFja2VuZCI6ImRqYW5nby5jb250cmliLmF1dGguYmFja2VuZHMuTW9kZWxCYWNrZW5kIiwiX2F1dGhfdXNlcl9oYXNoIjoiZWFlZDUxZjEzNmJmNTBkZTAxMjQ1ZjM0NWU2YzM4ZWFiNDZhOTcxNCJ9	2019-07-08 16:09:37.272714+05
2t1n7sqtyi1yl5bqrlb5319v8rmannsh	ZGFkMTBjNzhjZTAyZTY2OWQ2MzAzMWM1MmI0Njg5M2NiYjY3YmVjZjp7Il9hdXRoX3VzZXJfaWQiOiIxNSIsIl9hdXRoX3VzZXJfYmFja2VuZCI6ImRqYW5nby5jb250cmliLmF1dGguYmFja2VuZHMuTW9kZWxCYWNrZW5kIiwiX2F1dGhfdXNlcl9oYXNoIjoiNDhiM2I1YzhiNGQwZTkwYzNiZmIwNDI2YzMzNjkyM2Y3ZGZmZTY2YyJ9	2019-07-12 10:50:31.848113+05
g0ar35xz59ssc4zclblyp7knlx8py7q0	ZTE4ZDc4MGIyMDBhYzhhZDNiZTc4N2NjOTQ1OWRmNDM3MmYyNDAyNzp7Il9hdXRoX3VzZXJfaWQiOiIzNyIsIl9hdXRoX3VzZXJfaGFzaCI6IjI5NGM1ZTJhNThmMmZiZWYzZjU2YTVkY2Y2ZjIyZmRhZTQwMGNmZTEiLCJfYXV0aF91c2VyX2JhY2tlbmQiOiJkamFuZ28uY29udHJpYi5hdXRoLmJhY2tlbmRzLk1vZGVsQmFja2VuZCJ9	2019-06-24 08:27:28.598309+05
8daofq5a6m3xpbxh8vthr3x1xr04k3ls	NmIyZTgzOGM3NWVlYmIxZmZmODk4ZDkxZWVmZjY3NDJhNGI3NjhlMzp7Il9hdXRoX3VzZXJfYmFja2VuZCI6ImRqYW5nby5jb250cmliLmF1dGguYmFja2VuZHMuTW9kZWxCYWNrZW5kIiwiX2F1dGhfdXNlcl9pZCI6IjEiLCJfYXV0aF91c2VyX2hhc2giOiI2ZDBjNzQ4MDliY2I1MjY1NjVlMDAyYjMwY2YzYzRmM2QzNDJlOGY0In0=	2019-06-28 15:38:13.519625+05
2uoydz9p1l5vihqcxuvij1oqs6f50pal	NTljYWJlNmEyZTRlYjRlOTVhYjc5MDBmNmJhZjBhMGEyZGRmNTllZjp7Il9hdXRoX3VzZXJfaWQiOiI4IiwiX2F1dGhfdXNlcl9oYXNoIjoiZTM5N2FhNDY2MjZjMDM1YWJhMjQyM2JhYThjMDRlNjhiZjZhNjAwOCIsIl9hdXRoX3VzZXJfYmFja2VuZCI6ImRqYW5nby5jb250cmliLmF1dGguYmFja2VuZHMuTW9kZWxCYWNrZW5kIn0=	2019-06-21 18:31:00.460617+05
3bh380qxo8m24t4xtnrlwzqt0hg7cx6h	YTI4YzE5ZGU3Y2YwMDgxYzE5ZTYxNDdlZDIxNDQ5ODFjMjJjNzZlZjp7Il9hdXRoX3VzZXJfaGFzaCI6ImFkMzM3MGRkZTA5ZTUzZjA1MzBhOWYzMTFiMmJhNGExMzUzYmE4NzkiLCJfYXV0aF91c2VyX2JhY2tlbmQiOiJkamFuZ28uY29udHJpYi5hdXRoLmJhY2tlbmRzLk1vZGVsQmFja2VuZCIsIl9hdXRoX3VzZXJfaWQiOiIxNCJ9	2019-08-01 15:45:54.224315+05
9twm0igmkvqnb1e8frc7tynm0yhc2mbr	YjZmZjRkMmE2NDIwNTJiN2IxZmE4ZjBkMDY1YjgxNmZiODYwODZkZjp7Il9hdXRoX3VzZXJfaGFzaCI6IjZkMGM3NDgwOWJjYjUyNjU2NWUwMDJiMzBjZjNjNGYzZDM0MmU4ZjQiLCJfYXV0aF91c2VyX2lkIjoiMSIsIl9hdXRoX3VzZXJfYmFja2VuZCI6ImRqYW5nby5jb250cmliLmF1dGguYmFja2VuZHMuTW9kZWxCYWNrZW5kIn0=	2019-04-26 18:24:13.413796+05
bfwwe4uubp655oghwpu6v3c4bh9qm5c3	OGEyY2NmNjUzYzA2YTY4YTdkNmFiOTA0ZDYyMmMwNzU0YWM3OGZhMzp7Il9hdXRoX3VzZXJfaGFzaCI6ImUzOTdhYTQ2NjI2YzAzNWFiYTI0MjNiYWE4YzA0ZTY4YmY2YTYwMDgiLCJfYXV0aF91c2VyX2lkIjoiOCIsIl9hdXRoX3VzZXJfYmFja2VuZCI6ImRqYW5nby5jb250cmliLmF1dGguYmFja2VuZHMuTW9kZWxCYWNrZW5kIn0=	2019-06-04 20:27:24.122104+05
9ea4kimbzw6h0srpkwx5wd8s0vno0z49	ZjUwMjFkNjM0ZjQ5YTZkZDA2NjgxMTYyOGU1ZmNlYjBhZmJmYjg4ZDp7Il9hdXRoX3VzZXJfaWQiOiIyNSIsIl9hdXRoX3VzZXJfaGFzaCI6IjE0NzUyYmQxYzQ1ZmY0ODI1OTllOGQxOTQ3N2JkZmEzNzMwNWE5YWYiLCJfYXV0aF91c2VyX2JhY2tlbmQiOiJkamFuZ28uY29udHJpYi5hdXRoLmJhY2tlbmRzLk1vZGVsQmFja2VuZCJ9	2019-06-24 10:24:30.105316+05
ixbx5hl0htjwukyor4xgbl45z4lhvwdm	ZTQyOGJiZWNkZmVjYzllYWUxZjBhYjVmOWIyZmRjNWNiMmIwM2I2MDp7Il9hdXRoX3VzZXJfaWQiOiIxIiwiX2F1dGhfdXNlcl9iYWNrZW5kIjoiZGphbmdvLmNvbnRyaWIuYXV0aC5iYWNrZW5kcy5Nb2RlbEJhY2tlbmQiLCJfYXV0aF91c2VyX2hhc2giOiIzMDI1NjRiOTZkNGYxMTE4YTk0MThkNjUyZDA2YmM4NjM1YWE5NmU5In0=	2019-06-12 11:25:28.682731+05
zrpv4tl9hlrqi3wekuo61rpumvmyrjvi	ZTRhNzQ0MDc4NDViYzkxMmFhYTYxN2Y1M2ZkZmZkOWMwNTEzYmJkMzp7Il9hdXRoX3VzZXJfaWQiOiIxIiwiX2F1dGhfdXNlcl9iYWNrZW5kIjoiZGphbmdvLmNvbnRyaWIuYXV0aC5iYWNrZW5kcy5Nb2RlbEJhY2tlbmQiLCJfYXV0aF91c2VyX2hhc2giOiI2ZDBjNzQ4MDliY2I1MjY1NjVlMDAyYjMwY2YzYzRmM2QzNDJlOGY0In0=	2019-06-25 20:21:33.875033+05
lkrl4qxoqco7ryzvee1oeatjzcgjj3er	NTljYWJlNmEyZTRlYjRlOTVhYjc5MDBmNmJhZjBhMGEyZGRmNTllZjp7Il9hdXRoX3VzZXJfaWQiOiI4IiwiX2F1dGhfdXNlcl9oYXNoIjoiZTM5N2FhNDY2MjZjMDM1YWJhMjQyM2JhYThjMDRlNjhiZjZhNjAwOCIsIl9hdXRoX3VzZXJfYmFja2VuZCI6ImRqYW5nby5jb250cmliLmF1dGguYmFja2VuZHMuTW9kZWxCYWNrZW5kIn0=	2019-06-21 18:30:54.366496+05
nn1qp5c363z6kpiqy2nlsjxlksp09l83	NjQxYjBkN2IyODVmYjRlM2VjMGI4MTU2ZWJlYWM2NmFkNTU3MjI4Mzp7Il9hdXRoX3VzZXJfaGFzaCI6IjMwMjU2NGI5NmQ0ZjExMThhOTQxOGQ2NTJkMDZiYzg2MzVhYTk2ZTkiLCJfYXV0aF91c2VyX2lkIjoiMSIsIl9hdXRoX3VzZXJfYmFja2VuZCI6ImRqYW5nby5jb250cmliLmF1dGguYmFja2VuZHMuTW9kZWxCYWNrZW5kIn0=	2019-07-12 15:55:10.643174+05
cp0uz8tutqqwryu8s4dzs5txyp933ue1	YjZmZjRkMmE2NDIwNTJiN2IxZmE4ZjBkMDY1YjgxNmZiODYwODZkZjp7Il9hdXRoX3VzZXJfaGFzaCI6IjZkMGM3NDgwOWJjYjUyNjU2NWUwMDJiMzBjZjNjNGYzZDM0MmU4ZjQiLCJfYXV0aF91c2VyX2lkIjoiMSIsIl9hdXRoX3VzZXJfYmFja2VuZCI6ImRqYW5nby5jb250cmliLmF1dGguYmFja2VuZHMuTW9kZWxCYWNrZW5kIn0=	2019-05-16 22:01:08.015357+05
haxeffga36tmg1nbpsq5441cbbmipzk6	ZjQxMzA3ZTBhZTVlYjBmYjNhYzc1MmViODc2N2VjNzI0MDNhNTNjYjp7Il9hdXRoX3VzZXJfaGFzaCI6IjE5ZmI4ODEzMDQ3MzJiNWRlYjcwNmMwOTJkODNmNGJkMjZhZDY3YWUiLCJfYXV0aF91c2VyX2lkIjoiMjgiLCJfYXV0aF91c2VyX2JhY2tlbmQiOiJkamFuZ28uY29udHJpYi5hdXRoLmJhY2tlbmRzLk1vZGVsQmFja2VuZCJ9	2019-07-12 15:57:01.55943+05
wg489pbnf0ftebfd54nnwyzpbunvwksw	MzhiOWEwNGZiNWMxNTM1OWJkMjllZTNiZmY4NzkyNzg1YWVlYjk5OTp7Il9hdXRoX3VzZXJfaGFzaCI6ImFkMzM3MGRkZTA5ZTUzZjA1MzBhOWYzMTFiMmJhNGExMzUzYmE4NzkiLCJfYXV0aF91c2VyX2lkIjoiMTQiLCJfYXV0aF91c2VyX2JhY2tlbmQiOiJkamFuZ28uY29udHJpYi5hdXRoLmJhY2tlbmRzLk1vZGVsQmFja2VuZCJ9	2019-06-04 22:39:49.527571+05
juo79y10i7vy7tdy9mexzt38apyddhqt	M2VmNTE4YTRkZWZiNzVmNzBkY2VmYTJhZWI0Y2IxYWIyM2ZlMWQ5ZDp7Il9hdXRoX3VzZXJfaWQiOiIxMyIsIl9hdXRoX3VzZXJfYmFja2VuZCI6ImRqYW5nby5jb250cmliLmF1dGguYmFja2VuZHMuTW9kZWxCYWNrZW5kIiwiX2F1dGhfdXNlcl9oYXNoIjoiZGQ1ZDY2ZmZlYjYxNTYwZDRkNzZlMzkzYzhkNTFjNTQ5NDU5NzkwYSJ9	2019-06-12 12:57:32.577861+05
z9arvsdon86rsbgmfi30lz5u5gm3d2k9	MzUzNjg2MjI4ZDU5MWNjZjBjZjEzOWE5OGMxYTBmODI4ZTRmMjc4Zjp7Il9hdXRoX3VzZXJfaWQiOiI4IiwiX2F1dGhfdXNlcl9iYWNrZW5kIjoiZGphbmdvLmNvbnRyaWIuYXV0aC5iYWNrZW5kcy5Nb2RlbEJhY2tlbmQiLCJfYXV0aF91c2VyX2hhc2giOiJlMzk3YWE0NjYyNmMwMzVhYmEyNDIzYmFhOGMwNGU2OGJmNmE2MDA4In0=	2019-08-01 16:39:49.607309+05
knz8fgm88a5sdzu35b4c84mcf9xjs6js	NTljYWJlNmEyZTRlYjRlOTVhYjc5MDBmNmJhZjBhMGEyZGRmNTllZjp7Il9hdXRoX3VzZXJfaWQiOiI4IiwiX2F1dGhfdXNlcl9oYXNoIjoiZTM5N2FhNDY2MjZjMDM1YWJhMjQyM2JhYThjMDRlNjhiZjZhNjAwOCIsIl9hdXRoX3VzZXJfYmFja2VuZCI6ImRqYW5nby5jb250cmliLmF1dGguYmFja2VuZHMuTW9kZWxCYWNrZW5kIn0=	2019-05-19 19:41:36.9502+05
axru0patndqnah5zc8i1olu900fjf5h9	OGEyY2NmNjUzYzA2YTY4YTdkNmFiOTA0ZDYyMmMwNzU0YWM3OGZhMzp7Il9hdXRoX3VzZXJfaGFzaCI6ImUzOTdhYTQ2NjI2YzAzNWFiYTI0MjNiYWE4YzA0ZTY4YmY2YTYwMDgiLCJfYXV0aF91c2VyX2lkIjoiOCIsIl9hdXRoX3VzZXJfYmFja2VuZCI6ImRqYW5nby5jb250cmliLmF1dGguYmFja2VuZHMuTW9kZWxCYWNrZW5kIn0=	2019-06-05 16:54:07.809604+05
e6e4m7opaxzcpa5spx0dt1m3medv8h4d	NzcwYzQ0MWQ4MGRiYjY3YmEyOTIwZDJiZWU4MzNhNmNhOTg0ZGZkNDp7Il9hdXRoX3VzZXJfaWQiOiIyMCIsIl9hdXRoX3VzZXJfaGFzaCI6Ijg5ZTRiODliMmI5YzBhMmI5M2NmZTM0ZTE3NzZhYzlmNjY3NmQ5YzQiLCJfYXV0aF91c2VyX2JhY2tlbmQiOiJkamFuZ28uY29udHJpYi5hdXRoLmJhY2tlbmRzLk1vZGVsQmFja2VuZCJ9	2019-06-25 09:28:09.069728+05
w180y2qc4w61hdewyqsaiha8dp4xzd0o	NGJmNTViNWMxMjk5NGNiYzlhNmM5MDIzM2ZhNjBiMDZiNDM2NjgwZjp7Il9hdXRoX3VzZXJfaGFzaCI6IjRmMTgwZjY3MjIyMjI1OTI4NzU0ZGZkZjk1NjI0ZmZkYWJhNDMzYzciLCJfYXV0aF91c2VyX2JhY2tlbmQiOiJkamFuZ28uY29udHJpYi5hdXRoLmJhY2tlbmRzLk1vZGVsQmFja2VuZCIsIl9hdXRoX3VzZXJfaWQiOiIxMCJ9	2019-07-02 13:38:10.569806+05
s6q2n9fly7288celqvn0orb376xch16l	YTE0NzgwMGFkMGM2ODI2ZmJkYmU2ZGMzNzE3NjE2YmRjYWU1NjE5ZDp7Il9hdXRoX3VzZXJfaGFzaCI6Ijg5ZTRiODliMmI5YzBhMmI5M2NmZTM0ZTE3NzZhYzlmNjY3NmQ5YzQiLCJfYXV0aF91c2VyX2lkIjoiMjAiLCJfYXV0aF91c2VyX2JhY2tlbmQiOiJkamFuZ28uY29udHJpYi5hdXRoLmJhY2tlbmRzLk1vZGVsQmFja2VuZCJ9	2019-07-13 15:31:36.300797+05
yooowvplowts8djgc8a9ftjt5wrrjsu4	ZDJiMWQ1ZGU2YjY5NDA2MzFhOWE4OTBkMDgwMTRlNWQyZjNlZTlhYTp7Il9hdXRoX3VzZXJfaGFzaCI6ImVhZWQ1MWYxMzZiZjUwZGUwMTI0NWYzNDVlNmMzOGVhYjQ2YTk3MTQiLCJfYXV0aF91c2VyX2lkIjoiNDAiLCJfYXV0aF91c2VyX2JhY2tlbmQiOiJkamFuZ28uY29udHJpYi5hdXRoLmJhY2tlbmRzLk1vZGVsQmFja2VuZCJ9	2019-06-05 16:58:51.617784+05
cv0ayn4eh7u9ytqxhsccvojzjrt86iho	NzcwYzQ0MWQ4MGRiYjY3YmEyOTIwZDJiZWU4MzNhNmNhOTg0ZGZkNDp7Il9hdXRoX3VzZXJfaWQiOiIyMCIsIl9hdXRoX3VzZXJfaGFzaCI6Ijg5ZTRiODliMmI5YzBhMmI5M2NmZTM0ZTE3NzZhYzlmNjY3NmQ5YzQiLCJfYXV0aF91c2VyX2JhY2tlbmQiOiJkamFuZ28uY29udHJpYi5hdXRoLmJhY2tlbmRzLk1vZGVsQmFja2VuZCJ9	2019-05-20 02:19:02.567462+05
xkbl65f2ga9pm4or2qi6t3slmewfsf05	ZTRhNzQ0MDc4NDViYzkxMmFhYTYxN2Y1M2ZkZmZkOWMwNTEzYmJkMzp7Il9hdXRoX3VzZXJfaWQiOiIxIiwiX2F1dGhfdXNlcl9iYWNrZW5kIjoiZGphbmdvLmNvbnRyaWIuYXV0aC5iYWNrZW5kcy5Nb2RlbEJhY2tlbmQiLCJfYXV0aF91c2VyX2hhc2giOiI2ZDBjNzQ4MDliY2I1MjY1NjVlMDAyYjMwY2YzYzRmM2QzNDJlOGY0In0=	2019-06-26 14:17:46.580761+05
qa6jxn04aqyc3d58j56yixynbg3n5f21	ZTdiODk0MDU0MmQwN2U2YjQ0OTBhMWE2MGQ2ZGZiNGZiOTFhZmY2Yzp7Il9hdXRoX3VzZXJfYmFja2VuZCI6ImRqYW5nby5jb250cmliLmF1dGguYmFja2VuZHMuTW9kZWxCYWNrZW5kIiwiX2F1dGhfdXNlcl9oYXNoIjoiNmQwYzc0ODA5YmNiNTI2NTY1ZTAwMmIzMGNmM2M0ZjNkMzQyZThmNCIsIl9hdXRoX3VzZXJfaWQiOiIxIn0=	2019-05-17 13:16:24.39351+05
s490u3e4bk5grc6rx12qv68mnt6jms7y	YzY2ZWJhNDg2ODQzOTZlYTU2YjdiMWRkZjE4ZjYzNGRkZTA3YjE1OTp7Il9hdXRoX3VzZXJfaWQiOiIxMCIsIl9hdXRoX3VzZXJfaGFzaCI6IjRmMTgwZjY3MjIyMjI1OTI4NzU0ZGZkZjk1NjI0ZmZkYWJhNDMzYzciLCJfYXV0aF91c2VyX2JhY2tlbmQiOiJkamFuZ28uY29udHJpYi5hdXRoLmJhY2tlbmRzLk1vZGVsQmFja2VuZCJ9	2019-05-20 11:35:31.123285+05
ifr23wmu2ozr0zwav81mmzt98qpwirtu	ZTQyOGJiZWNkZmVjYzllYWUxZjBhYjVmOWIyZmRjNWNiMmIwM2I2MDp7Il9hdXRoX3VzZXJfaWQiOiIxIiwiX2F1dGhfdXNlcl9iYWNrZW5kIjoiZGphbmdvLmNvbnRyaWIuYXV0aC5iYWNrZW5kcy5Nb2RlbEJhY2tlbmQiLCJfYXV0aF91c2VyX2hhc2giOiIzMDI1NjRiOTZkNGYxMTE4YTk0MThkNjUyZDA2YmM4NjM1YWE5NmU5In0=	2019-07-10 11:06:07.368318+05
haanpj7kmssvywn6kzzo581qj1hrcr3g	NWM1Mzk5NDI4MDFlZWFmYWIxN2RhNGRlZDA3MzE1NTlkYjk4NDBlYjp7Il9hdXRoX3VzZXJfaWQiOiIxIiwiX2F1dGhfdXNlcl9oYXNoIjoiNmQwYzc0ODA5YmNiNTI2NTY1ZTAwMmIzMGNmM2M0ZjNkMzQyZThmNCIsIl9hdXRoX3VzZXJfYmFja2VuZCI6ImRqYW5nby5jb250cmliLmF1dGguYmFja2VuZHMuTW9kZWxCYWNrZW5kIn0=	2019-05-17 18:17:34.099392+05
9e8pqgolm4wdz08nyab5d0dp5oahvrrs	NjBiYTUzNjk0MDFlODYwYTZhZjNmNTA2YjgwMzE2NjYzMDRmMDU0Zjp7Il9hdXRoX3VzZXJfaWQiOiI0MSIsIl9hdXRoX3VzZXJfYmFja2VuZCI6ImRqYW5nby5jb250cmliLmF1dGguYmFja2VuZHMuTW9kZWxCYWNrZW5kIiwiX2F1dGhfdXNlcl9oYXNoIjoiYjViZDIyOTdkNWY0MjFmZWY5NTE3ZGVkMGJkMjhjODc3YWYxYWQ3ZSJ9	2019-06-13 14:03:56.203878+05
qro27v8uhcvsdvn9bm4bgxxq6soj62oq	MzU2NmM2MWNiMTQzOGRkNGZkMjI3NDkwZDM4MWE5YmI4NDNiZmQ5Mzp7Il9hdXRoX3VzZXJfaWQiOiIxOSIsIl9hdXRoX3VzZXJfaGFzaCI6IjUyZWVhZDEzNDBkNmU4YTc5OWYzZDVjNjJhOTE2NTk4ZGU0Y2M4YWIiLCJfYXV0aF91c2VyX2JhY2tlbmQiOiJkamFuZ28uY29udHJpYi5hdXRoLmJhY2tlbmRzLk1vZGVsQmFja2VuZCJ9	2019-07-17 19:04:53.943768+05
doaqs8gu0ga7v3uji0205fstabbzzz1x	NTljYWJlNmEyZTRlYjRlOTVhYjc5MDBmNmJhZjBhMGEyZGRmNTllZjp7Il9hdXRoX3VzZXJfaWQiOiI4IiwiX2F1dGhfdXNlcl9oYXNoIjoiZTM5N2FhNDY2MjZjMDM1YWJhMjQyM2JhYThjMDRlNjhiZjZhNjAwOCIsIl9hdXRoX3VzZXJfYmFja2VuZCI6ImRqYW5nby5jb250cmliLmF1dGguYmFja2VuZHMuTW9kZWxCYWNrZW5kIn0=	2019-05-20 12:33:05.026868+05
ydwwt5tzhtbgt3mnj6r78i1xct2rgx7s	ZTdiODk0MDU0MmQwN2U2YjQ0OTBhMWE2MGQ2ZGZiNGZiOTFhZmY2Yzp7Il9hdXRoX3VzZXJfYmFja2VuZCI6ImRqYW5nby5jb250cmliLmF1dGguYmFja2VuZHMuTW9kZWxCYWNrZW5kIiwiX2F1dGhfdXNlcl9oYXNoIjoiNmQwYzc0ODA5YmNiNTI2NTY1ZTAwMmIzMGNmM2M0ZjNkMzQyZThmNCIsIl9hdXRoX3VzZXJfaWQiOiIxIn0=	2019-06-26 21:00:43.726712+05
sx18h7aimza5dhgwksz8yk9x5o32etlg	YTI4YzE5ZGU3Y2YwMDgxYzE5ZTYxNDdlZDIxNDQ5ODFjMjJjNzZlZjp7Il9hdXRoX3VzZXJfaGFzaCI6ImFkMzM3MGRkZTA5ZTUzZjA1MzBhOWYzMTFiMmJhNGExMzUzYmE4NzkiLCJfYXV0aF91c2VyX2JhY2tlbmQiOiJkamFuZ28uY29udHJpYi5hdXRoLmJhY2tlbmRzLk1vZGVsQmFja2VuZCIsIl9hdXRoX3VzZXJfaWQiOiIxNCJ9	2019-07-03 09:25:09.009361+05
i0yvx63gvsz6ko4ic9gdu4lly5guty20	N2Q3NjhmNGJjZjg4YTY3ZWExOGM2YmE3MDFjOGYzMzAzODY4NmJlMDp7Il9hdXRoX3VzZXJfaWQiOiIxNCIsIl9hdXRoX3VzZXJfaGFzaCI6ImFkMzM3MGRkZTA5ZTUzZjA1MzBhOWYzMTFiMmJhNGExMzUzYmE4NzkiLCJfYXV0aF91c2VyX2JhY2tlbmQiOiJkamFuZ28uY29udHJpYi5hdXRoLmJhY2tlbmRzLk1vZGVsQmFja2VuZCJ9	2019-07-18 11:17:41.902965+05
yzsgax5h67tcvki181abpgxj4fkbojgk	YjA4ZjY4OTk2ODk2NGY1ZDE1MWUyYTFjMTU3ODFmNzI2MjczNTkyNDp7Il9hdXRoX3VzZXJfaWQiOiI0MCIsIl9hdXRoX3VzZXJfaGFzaCI6ImVhZWQ1MWYxMzZiZjUwZGUwMTI0NWYzNDVlNmMzOGVhYjQ2YTk3MTQiLCJfYXV0aF91c2VyX2JhY2tlbmQiOiJkamFuZ28uY29udHJpYi5hdXRoLmJhY2tlbmRzLk1vZGVsQmFja2VuZCJ9	2019-05-20 13:18:14.403346+05
yilwu0pmr6lnr7i4tbtv5vmhw6f7j0oz	MWE0ZTRkMGQ1MWNkNTliYjlhM2ZhOTMwM2IyNjJlM2ZhMjFkOWEyZjp7Il9hdXRoX3VzZXJfaGFzaCI6IjNlMDQwNDc0OTIwOTk2NzkxZWY0YTQ2NTVlOGFlYmQwNDAxYTI2YzciLCJfYXV0aF91c2VyX2lkIjoiOSIsIl9hdXRoX3VzZXJfYmFja2VuZCI6ImRqYW5nby5jb250cmliLmF1dGguYmFja2VuZHMuTW9kZWxCYWNrZW5kIn0=	2019-06-07 10:44:03.013152+05
ajjz19m0e16ocjsi8t6w3cq54qrpk35d	ZGI3ODkyNmI2ZTE5MjI2M2Q1NTRiMTI5NzQ3NzY5N2M4OGJkNjM1Nzp7Il9hdXRoX3VzZXJfYmFja2VuZCI6ImRqYW5nby5jb250cmliLmF1dGguYmFja2VuZHMuTW9kZWxCYWNrZW5kIiwiX2F1dGhfdXNlcl9pZCI6IjQxIiwiX2F1dGhfdXNlcl9oYXNoIjoiYjViZDIyOTdkNWY0MjFmZWY5NTE3ZGVkMGJkMjhjODc3YWYxYWQ3ZSJ9	2019-06-16 23:25:05.349261+05
kdxzgpkgvsw1dz5gxdv0wykjrqjlilps	N2QzZTk3OGE4OWJlN2VjY2NjZmY1YzI2NzYyNjFmY2JkYzM0ZTk1Zjp7Il9hdXRoX3VzZXJfYmFja2VuZCI6ImRqYW5nby5jb250cmliLmF1dGguYmFja2VuZHMuTW9kZWxCYWNrZW5kIiwiX2F1dGhfdXNlcl9oYXNoIjoiMzAyNTY0Yjk2ZDRmMTExOGE5NDE4ZDY1MmQwNmJjODYzNWFhOTZlOSIsIl9hdXRoX3VzZXJfaWQiOiIxIn0=	2019-07-03 16:12:15.571673+05
gwb5mb0qggtzul2mfhi0v754hncdcjc2	ZTRhNzQ0MDc4NDViYzkxMmFhYTYxN2Y1M2ZkZmZkOWMwNTEzYmJkMzp7Il9hdXRoX3VzZXJfaWQiOiIxIiwiX2F1dGhfdXNlcl9iYWNrZW5kIjoiZGphbmdvLmNvbnRyaWIuYXV0aC5iYWNrZW5kcy5Nb2RlbEJhY2tlbmQiLCJfYXV0aF91c2VyX2hhc2giOiI2ZDBjNzQ4MDliY2I1MjY1NjVlMDAyYjMwY2YzYzRmM2QzNDJlOGY0In0=	2019-07-04 20:04:09.039416+05
zuqoh4i7tj8j506hu0cmcybh9yt1zlpo	YjA4ZjY4OTk2ODk2NGY1ZDE1MWUyYTFjMTU3ODFmNzI2MjczNTkyNDp7Il9hdXRoX3VzZXJfaWQiOiI0MCIsIl9hdXRoX3VzZXJfaGFzaCI6ImVhZWQ1MWYxMzZiZjUwZGUwMTI0NWYzNDVlNmMzOGVhYjQ2YTk3MTQiLCJfYXV0aF91c2VyX2JhY2tlbmQiOiJkamFuZ28uY29udHJpYi5hdXRoLmJhY2tlbmRzLk1vZGVsQmFja2VuZCJ9	2019-05-20 13:20:00.945299+05
1olazton5u7sa10dyf8qaus3iuk5wsc7	NzYwMzFhM2MyMDZlMWFiYjY5M2E5MWUwNGNhZTg5MzI3M2I3MDEwNzp7Il9hdXRoX3VzZXJfaWQiOiIxIiwiX2F1dGhfdXNlcl9oYXNoIjoiMzAyNTY0Yjk2ZDRmMTExOGE5NDE4ZDY1MmQwNmJjODYzNWFhOTZlOSIsIl9hdXRoX3VzZXJfYmFja2VuZCI6ImRqYW5nby5jb250cmliLmF1dGguYmFja2VuZHMuTW9kZWxCYWNrZW5kIn0=	2019-07-18 16:20:10.478068+05
a4tbdzytpxxfgr8vjneicymnk1rna3zl	NWRhMjZjMzA4ZjIzMDkzOTE2OTgwOTU2YzgwOTc1NWRiYjAzMjA2NTp7Il9hdXRoX3VzZXJfaWQiOiIxNSIsIl9hdXRoX3VzZXJfaGFzaCI6IjQ4YjNiNWM4YjRkMGU5MGMzYmZiMDQyNmMzMzY5MjNmN2RmZmU2NmMiLCJfYXV0aF91c2VyX2JhY2tlbmQiOiJkamFuZ28uY29udHJpYi5hdXRoLmJhY2tlbmRzLk1vZGVsQmFja2VuZCJ9	2019-05-21 09:23:51.195497+05
u38nug76i0j64yb7gsytpndt1qto68ix	NWRhMjZjMzA4ZjIzMDkzOTE2OTgwOTU2YzgwOTc1NWRiYjAzMjA2NTp7Il9hdXRoX3VzZXJfaWQiOiIxNSIsIl9hdXRoX3VzZXJfaGFzaCI6IjQ4YjNiNWM4YjRkMGU5MGMzYmZiMDQyNmMzMzY5MjNmN2RmZmU2NmMiLCJfYXV0aF91c2VyX2JhY2tlbmQiOiJkamFuZ28uY29udHJpYi5hdXRoLmJhY2tlbmRzLk1vZGVsQmFja2VuZCJ9	2019-06-27 16:11:51.732141+05
oc6ibzs333l4jnbvlckxo47vsxpfujfi	YzJmYjI1YzBjMWY4YTgyZTEzNmFhNTg1Y2M3NWUzMWFmZWFkNTQwODp7Il9hdXRoX3VzZXJfYmFja2VuZCI6ImRqYW5nby5jb250cmliLmF1dGguYmFja2VuZHMuTW9kZWxCYWNrZW5kIiwiX2F1dGhfdXNlcl9pZCI6IjE0IiwiX2F1dGhfdXNlcl9oYXNoIjoiYWQzMzcwZGRlMDllNTNmMDUzMGE5ZjMxMWIyYmE0YTEzNTNiYTg3OSJ9	2019-06-17 09:30:16.822904+05
dva7tvi6k42gtrt8buvrs14ogh6vn9vy	YjA4ZjY4OTk2ODk2NGY1ZDE1MWUyYTFjMTU3ODFmNzI2MjczNTkyNDp7Il9hdXRoX3VzZXJfaWQiOiI0MCIsIl9hdXRoX3VzZXJfaGFzaCI6ImVhZWQ1MWYxMzZiZjUwZGUwMTI0NWYzNDVlNmMzOGVhYjQ2YTk3MTQiLCJfYXV0aF91c2VyX2JhY2tlbmQiOiJkamFuZ28uY29udHJpYi5hdXRoLmJhY2tlbmRzLk1vZGVsQmFja2VuZCJ9	2019-07-23 13:21:17.891553+05
e9tu4tpprjy3v7bollop19so1p1konfx	NWM1Mzk5NDI4MDFlZWFmYWIxN2RhNGRlZDA3MzE1NTlkYjk4NDBlYjp7Il9hdXRoX3VzZXJfaWQiOiIxIiwiX2F1dGhfdXNlcl9oYXNoIjoiNmQwYzc0ODA5YmNiNTI2NTY1ZTAwMmIzMGNmM2M0ZjNkMzQyZThmNCIsIl9hdXRoX3VzZXJfYmFja2VuZCI6ImRqYW5nby5jb250cmliLmF1dGguYmFja2VuZHMuTW9kZWxCYWNrZW5kIn0=	2019-05-08 19:18:35.310834+05
wlk1p9v74ghahp86p1t8kcfspkacna1b	ZTQyOGJiZWNkZmVjYzllYWUxZjBhYjVmOWIyZmRjNWNiMmIwM2I2MDp7Il9hdXRoX3VzZXJfaWQiOiIxIiwiX2F1dGhfdXNlcl9iYWNrZW5kIjoiZGphbmdvLmNvbnRyaWIuYXV0aC5iYWNrZW5kcy5Nb2RlbEJhY2tlbmQiLCJfYXV0aF91c2VyX2hhc2giOiIzMDI1NjRiOTZkNGYxMTE4YTk0MThkNjUyZDA2YmM4NjM1YWE5NmU5In0=	2019-07-11 09:59:14.824499+05
urzwtsyteaule5s7u4xs1kygms1bt752	OGY4Zjk4NGIwYWRlMjQ4ZWJlNWNjMjc3NjBhZTg2MDliMWFmZGE3NDp7Il9hdXRoX3VzZXJfaWQiOiIxMyIsIl9hdXRoX3VzZXJfaGFzaCI6ImRkNWQ2NmZmZWI2MTU2MGQ0ZDc2ZTM5M2M4ZDUxYzU0OTQ1OTc5MGEiLCJfYXV0aF91c2VyX2JhY2tlbmQiOiJkamFuZ28uY29udHJpYi5hdXRoLmJhY2tlbmRzLk1vZGVsQmFja2VuZCJ9	2019-07-24 08:45:26.2925+05
atgs2ou3swz5752p8wm99b2m6c09y1lv	NzYwMzFhM2MyMDZlMWFiYjY5M2E5MWUwNGNhZTg5MzI3M2I3MDEwNzp7Il9hdXRoX3VzZXJfaWQiOiIxIiwiX2F1dGhfdXNlcl9oYXNoIjoiMzAyNTY0Yjk2ZDRmMTExOGE5NDE4ZDY1MmQwNmJjODYzNWFhOTZlOSIsIl9hdXRoX3VzZXJfYmFja2VuZCI6ImRqYW5nby5jb250cmliLmF1dGguYmFja2VuZHMuTW9kZWxCYWNrZW5kIn0=	2019-05-22 15:26:05.069704+05
a9v5lwse6qk3qyyogfmm26c26c5jmloa	MzUzNjg2MjI4ZDU5MWNjZjBjZjEzOWE5OGMxYTBmODI4ZTRmMjc4Zjp7Il9hdXRoX3VzZXJfaWQiOiI4IiwiX2F1dGhfdXNlcl9iYWNrZW5kIjoiZGphbmdvLmNvbnRyaWIuYXV0aC5iYWNrZW5kcy5Nb2RlbEJhY2tlbmQiLCJfYXV0aF91c2VyX2hhc2giOiJlMzk3YWE0NjYyNmMwMzVhYmEyNDIzYmFhOGMwNGU2OGJmNmE2MDA4In0=	2019-07-11 10:03:25.524054+05
wtu2g0jajz95bnp9ey5qty34qnja2e5n	OGFjZTVlNjRlNzhhNTk4MjJlNTVlNWZjZjc2ZGI2NmY2ZTIyOWY4YTp7Il9hdXRoX3VzZXJfaWQiOiIxMSIsIl9hdXRoX3VzZXJfYmFja2VuZCI6ImRqYW5nby5jb250cmliLmF1dGguYmFja2VuZHMuTW9kZWxCYWNrZW5kIiwiX2F1dGhfdXNlcl9oYXNoIjoiOTFkMWY3MTkwNDg4MTE1OTc3MTAwMmM2MmI0M2JlZGNmZTgzYzNmZCJ9	2019-06-03 11:00:21.026965+05
j1h2g4cbcwyynd6j1tvkfh3grlssiqpz	NWRhMjZjMzA4ZjIzMDkzOTE2OTgwOTU2YzgwOTc1NWRiYjAzMjA2NTp7Il9hdXRoX3VzZXJfaWQiOiIxNSIsIl9hdXRoX3VzZXJfaGFzaCI6IjQ4YjNiNWM4YjRkMGU5MGMzYmZiMDQyNmMzMzY5MjNmN2RmZmU2NmMiLCJfYXV0aF91c2VyX2JhY2tlbmQiOiJkamFuZ28uY29udHJpYi5hdXRoLmJhY2tlbmRzLk1vZGVsQmFja2VuZCJ9	2019-07-26 15:18:11.188635+05
xum4pu0jmm1ggyhku7kuzlwnqa0vw40q	ZTdiODk0MDU0MmQwN2U2YjQ0OTBhMWE2MGQ2ZGZiNGZiOTFhZmY2Yzp7Il9hdXRoX3VzZXJfYmFja2VuZCI6ImRqYW5nby5jb250cmliLmF1dGguYmFja2VuZHMuTW9kZWxCYWNrZW5kIiwiX2F1dGhfdXNlcl9oYXNoIjoiNmQwYzc0ODA5YmNiNTI2NTY1ZTAwMmIzMGNmM2M0ZjNkMzQyZThmNCIsIl9hdXRoX3VzZXJfaWQiOiIxIn0=	2019-06-27 16:07:34.281705+05
c1yqdwogj8mxkuhkkp8n921252dvumea	NmIyZTgzOGM3NWVlYmIxZmZmODk4ZDkxZWVmZjY3NDJhNGI3NjhlMzp7Il9hdXRoX3VzZXJfYmFja2VuZCI6ImRqYW5nby5jb250cmliLmF1dGguYmFja2VuZHMuTW9kZWxCYWNrZW5kIiwiX2F1dGhfdXNlcl9pZCI6IjEiLCJfYXV0aF91c2VyX2hhc2giOiI2ZDBjNzQ4MDliY2I1MjY1NjVlMDAyYjMwY2YzYzRmM2QzNDJlOGY0In0=	2019-05-20 21:19:46.257768+05
x8hi4nej71qfnwi0dn8u71085asj05ep	MTkyMGNmZTk4NzVjZThmNTk1YjI5NjY1NWU0M2JmNGI1ZTZhNjVhYjp7Il9hdXRoX3VzZXJfaWQiOiI5IiwiX2F1dGhfdXNlcl9oYXNoIjoiM2UwNDA0NzQ5MjA5OTY3OTFlZjRhNDY1NWU4YWViZDA0MDFhMjZjNyIsIl9hdXRoX3VzZXJfYmFja2VuZCI6ImRqYW5nby5jb250cmliLmF1dGguYmFja2VuZHMuTW9kZWxCYWNrZW5kIn0=	2019-07-29 16:49:38.946935+05
\.


--
-- Data for Name: mill_complex_elevator_grain_intake; Type: TABLE DATA; Schema: public; Owner: request
--

COPY public.mill_complex_elevator_grain_intake (id, "Date_word", "Time_word", "CarNumber", "WeightGross", "WeightTare", "WeightNet", "WeightActual", "WeightCredit", "Comment", "DateTime_add", "DateTime_update", "CerealCrop_id", "Create_user_id", "Provider_id", "Update_user_id", "CarModel", "Factory_id") FROM stdin;
1	2019-03-06	09:16:00	899	44600	14020	30580	30580	30580	 .	2019-03-06 11:46:11.818038+05	2019-03-06 11:46:11.818059+05	\N	8	1	\N		1
2	2019-04-11	19:48:00	470	47620	16580	31040	31040	0	  .	2019-04-12 12:07:54.173186+05	2019-04-12 12:07:54.173206+05	\N	37	2	\N		1
3	2019-04-11	16:30:00	571	40400	14380	26020	26020	0	  .	2019-04-12 12:09:25.696828+05	2019-04-12 12:09:25.696848+05	\N	37	2	\N		1
4	2019-04-12	17:01:00	479	35540	14400	21140	21140	20865		2019-04-18 12:34:38.230482+05	2019-04-18 12:35:54.9551+05	\N	37	4	37		1
5	2019-04-15	17:01:00	470	36660	14280	22380	22380	22335		2019-04-18 12:36:59.684546+05	2019-04-18 12:36:59.684575+05	\N	37	4	\N		1
6	2019-04-15	17:01:00	519	49340	16040	33300	33300	32701		2019-04-18 12:38:14.490009+05	2019-04-18 12:38:14.490035+05	\N	37	18	\N		1
7	2019-04-16	17:01:00	909	46260	14400	31860	31860	0		2019-04-18 12:41:09.698894+05	2019-04-18 12:41:09.698915+05	\N	37	30	\N		1
8	2019-04-16	17:01:00	419	43340	14800	28540	28540	28454		2019-04-18 12:42:30.192741+05	2019-04-18 12:42:30.192774+05	\N	37	30	\N		1
9	2019-04-16	17:01:00	962	46320	13360	32960	32960	32630		2019-04-18 12:45:55.566637+05	2019-04-18 12:45:55.566658+05	\N	37	30	\N		1
10	2019-04-16	17:01:00	520	59840	23080	36760	36760	36006		2019-04-18 12:46:59.471921+05	2019-04-18 12:46:59.471956+05	\N	37	22	\N		1
11	2019-04-17	17:01:00	270	45100	14740	30360	30360	0		2019-04-18 12:48:47.106999+05	2019-04-18 12:48:47.107036+05	\N	37	22	\N		1
12	2019-04-17	17:01:00	718	45780	14360	31420	31420	0		2019-04-18 12:50:11.37111+05	2019-04-18 12:50:11.371146+05	\N	37	22	\N		1
13	2019-04-18	17:01:00	520	59740	23080	36660	36660	36147		2019-04-18 12:51:41.268434+05	2019-04-18 12:51:41.26847+05	\N	37	28	\N		1
14	2019-04-18	17:01:00	419	43180	14540	28640	28640	28067		2019-04-18 12:53:23.294887+05	2019-04-18 12:53:23.294908+05	\N	37	30	\N		1
15	2019-07-03	17:03:00	560	4444	44	4400	4390	4390		2019-07-04 16:30:24.950896+05	2019-07-04 16:30:24.950919+05	\N	1	7	\N	-530	2
\.


--
-- Name: mill_complex_elevator_grain_intake_id_seq; Type: SEQUENCE SET; Schema: public; Owner: request
--

SELECT pg_catalog.setval('public.mill_complex_elevator_grain_intake_id_seq', 15, true);


--
-- Data for Name: mill_complex_elevator_grain_waste_accounting; Type: TABLE DATA; Schema: public; Owner: request
--

COPY public.mill_complex_elevator_grain_waste_accounting (id, "Date_word", "Time_word", "GrainWaste", "GrainWasteSecondGrade", "Comment", "DateTime_add", "DateTime_update", "Create_user_id", "Update_user_id", "GrainWasteTopGrade", "Factory_id") FROM stdin;
1	2019-03-01	11:17:00	21920	0		2019-03-06 11:48:30.1631+05	2019-03-06 11:48:30.163121+05	8	\N	0	1
2	2019-03-06	21:56:00	34	4	fgfdgd	2019-03-10 21:56:50.281569+05	2019-03-17 21:54:00.182834+05	1	1	30	1
3	2019-07-03	19:04:00	55	11		2019-07-04 16:31:18.037816+05	2019-07-04 16:31:18.037838+05	1	\N	44	2
\.


--
-- Name: mill_complex_elevator_grain_waste_accounting_id_seq; Type: SEQUENCE SET; Schema: public; Owner: request
--

SELECT pg_catalog.setval('public.mill_complex_elevator_grain_waste_accounting_id_seq', 3, true);


--
-- Data for Name: mill_complex_elevator_shipment_wheat_to_mill; Type: TABLE DATA; Schema: public; Owner: request
--

COPY public.mill_complex_elevator_shipment_wheat_to_mill (id, "Moisture", "Nature", "Gluten", "Vitreous", "Yellowish", "DateTime_add", "DateTime_update", "Create_user_id", "Update_user_id", "Date_word", "Time_word", "Factory_id") FROM stdin;
1	0.12	9.00	9.33	1.20	0.90	2019-03-10 22:03:22.997031+05	2019-03-10 22:03:22.998031+05	1	\N	2019-03-10	22:01:00	1
3	99.70	99.56	99.56	99.56	99.56	2019-03-15 16:50:35.465531+05	2019-03-15 16:51:01.368454+05	1	1	2019-03-15	16:23:00	1
4	89.00	423.00	23.00	32.00	23.00	2019-03-15 16:54:48.099422+05	2019-03-15 16:55:38.980249+05	1	1	2019-03-15	16:50:00	1
2	99.99	99.99	99.99	99.99	99.99	2019-03-15 16:24:34.917743+05	2019-03-17 21:54:31.365617+05	1	1	2019-03-06	16:23:00	1
5	11.00	23.00	2.00	2.00	3.00	2019-07-04 16:32:29.216175+05	2019-07-04 16:32:29.216197+05	1	\N	2019-07-03	17:03:00	2
\.


--
-- Data for Name: mill_complex_elevator_shipment_wheat_to_mill_child_sil; Type: TABLE DATA; Schema: public; Owner: request
--

COPY public.mill_complex_elevator_shipment_wheat_to_mill_child_sil (id, grain, parent_table_id, sil_num_id, party) FROM stdin;
1	345.00	1	1	56.00
2	346.00	1	2	10.00
3	789.00	1	3	34.00
7	99.56	3	1	99.56
8	99.56	3	2	99.56
9	99.45	3	3	66.00
10	345.00	4	1	34.00
11	34.00	4	2	34.00
12	345.00	4	3	55.00
4	99.99	2	1	99.99
5	99.98	2	2	99.99
6	99.99	2	3	99.99
13	230.00	5	1	50.00
14	450.00	5	2	80.00
15	344.00	5	3	60.00
\.


--
-- Name: mill_complex_elevator_shipment_wheat_to_mill_child_sil_id_seq; Type: SEQUENCE SET; Schema: public; Owner: request
--

SELECT pg_catalog.setval('public.mill_complex_elevator_shipment_wheat_to_mill_child_sil_id_seq', 15, true);


--
-- Name: mill_complex_elevator_shipment_wheat_to_mill_id_seq; Type: SEQUENCE SET; Schema: public; Owner: request
--

SELECT pg_catalog.setval('public.mill_complex_elevator_shipment_wheat_to_mill_id_seq', 5, true);


--
-- Data for Name: mill_complex_mill_bagging; Type: TABLE DATA; Schema: public; Owner: request
--

COPY public.mill_complex_mill_bagging (id, "Gang", "ReceivedBags_flour", "ReceivedBags_zo", "ReceivedBags_zelen", "DateTime_add", "DateTime_update", "Create_user_id", "Update_user_id", "Date_word", "Time_word", "Factory_id") FROM stdin;
2	day_shift	100	20	30	2019-03-11 10:50:32.459052+05	2019-03-11 10:50:32.460053+05	1	\N	2019-03-11	08:53:00	1
1	day_shift	100	100	10	2019-03-07 11:31:11.257837+05	2019-03-17 21:54:55.208981+05	8	1	2019-03-06	17:17:00	1
3	night_shift	12	12	12	2019-04-02 08:50:16.265455+05	2019-04-02 08:50:16.265483+05	18	\N	2019-03-27	17:00:00	1
4	day_shift	339	88	0	2019-04-07 19:48:02.157417+05	2019-04-07 19:48:02.157438+05	16	\N	2019-04-07	19:45:00	1
5	night_shift	447	126	0	2019-04-12 07:44:58.080408+05	2019-04-12 07:44:58.080447+05	16	\N	2019-04-11	07:45:00	1
6	night_shift	436	84	0	2019-04-13 07:53:18.014372+05	2019-04-13 07:53:18.014397+05	16	\N	2019-04-12	07:45:00	1
7	night_shift	370	120	0	2019-04-17 07:41:33.191736+05	2019-04-17 07:41:33.191781+05	16	\N	2019-04-17	07:45:00	1
8	day_shift	10	1	2	2019-07-04 16:16:37.818243+05	2019-07-04 16:16:37.818243+05	1	\N	2019-07-04	15:57:00	2
\.


--
-- Name: mill_complex_mill_bagging_id_seq; Type: SEQUENCE SET; Schema: public; Owner: request
--

SELECT pg_catalog.setval('public.mill_complex_mill_bagging_id_seq', 8, true);


--
-- Data for Name: mill_complex_mill_control_magnetic_installations; Type: TABLE DATA; Schema: public; Owner: request
--

COPY public.mill_complex_mill_control_magnetic_installations (id, "DateTime_add", "DateTime_update", "Create_user_id", "Update_user_id", "Date_word", "Time_word", "Gang", "Factory_id") FROM stdin;
\.


--
-- Name: mill_complex_mill_control_magnetic_installations_CheckFa_id_seq; Type: SEQUENCE SET; Schema: public; Owner: request
--

SELECT pg_catalog.setval('public."mill_complex_mill_control_magnetic_installations_CheckFa_id_seq"', 1, false);


--
-- Data for Name: mill_complex_mill_control_magnetic_installations_CheckFailed; Type: TABLE DATA; Schema: public; Owner: request
--

COPY public."mill_complex_mill_control_magnetic_installations_CheckFailed" (id, mill_control_magnetic_installations_id, magnetic_installations_id) FROM stdin;
\.


--
-- Name: mill_complex_mill_control_magnetic_installations_CheckPa_id_seq; Type: SEQUENCE SET; Schema: public; Owner: request
--

SELECT pg_catalog.setval('public."mill_complex_mill_control_magnetic_installations_CheckPa_id_seq"', 1, false);


--
-- Data for Name: mill_complex_mill_control_magnetic_installations_CheckPassed; Type: TABLE DATA; Schema: public; Owner: request
--

COPY public."mill_complex_mill_control_magnetic_installations_CheckPassed" (id, mill_control_magnetic_installations_id, magnetic_installations_id) FROM stdin;
\.


--
-- Name: mill_complex_mill_control_magnetic_installations_id_seq; Type: SEQUENCE SET; Schema: public; Owner: request
--

SELECT pg_catalog.setval('public.mill_complex_mill_control_magnetic_installations_id_seq', 1, false);


--
-- Data for Name: mill_complex_mill_grain_waste_accounting; Type: TABLE DATA; Schema: public; Owner: request
--

COPY public.mill_complex_mill_grain_waste_accounting (id, "Gang", "DateTime_add", "DateTime_update", "Create_user_id", "Update_user_id", "Date_word", "Time_word", "BranSecondGrade", "GrainWaste", "Bran", "Comment", "Factory_id") FROM stdin;
2	day_shift	2019-03-11 10:51:12.987371+05	2019-03-11 10:51:12.987371+05	1	\N	2019-03-11	08:53:00	20	100	19		1
3	day_shift	2019-03-15 14:07:48.988972+05	2019-03-15 14:07:48.988992+05	8	\N	2019-03-14	16:29:00	575	760	8525		1
4	night_shift	2019-03-15 14:09:36.188043+05	2019-03-15 14:09:36.188062+05	8	\N	2019-03-14	07:10:00	600	1400	13968		1
1	day_shift	2019-03-07 11:34:16.188119+05	2019-03-17 21:55:11.80493+05	8	1	2019-03-06	09:17:00	1225	4600	25695	 .	1
5	night_shift	2019-04-02 08:51:04.736663+05	2019-04-02 08:51:19.427705+05	18	18	2019-03-27	17:00:00	12	32	12		1
6	day_shift	2019-04-04 15:51:01.973988+05	2019-04-04 15:51:01.974009+05	19	\N	2019-04-04	10:23:00	450	2400	10500		1
7	day_shift	2019-04-04 19:51:56.261559+05	2019-04-04 19:51:56.261587+05	19	\N	2019-04-04	19:00:00	500	1960	13450		1
8	day_shift	2019-04-05 19:45:38.185608+05	2019-04-05 19:45:38.185631+05	17	\N	2019-04-05	19:30:00	500	1880	14078		1
9	night_shift	2019-04-06 07:48:59.830433+05	2019-04-06 07:48:59.830454+05	19	\N	2019-04-05	23:00:00	550	1760	13735		1
10	day_shift	2019-04-06 19:41:34.136672+05	2019-04-06 19:41:34.136692+05	17	\N	2019-04-06	19:30:00	700	1240	11310		1
11	night_shift	2019-04-07 07:44:30.87688+05	2019-04-07 07:44:30.876899+05	18	\N	2019-04-06	23:23:00	350	2040	15294		1
12	day_shift	2019-04-07 19:45:12.61757+05	2019-04-07 19:45:12.617593+05	16	\N	2019-04-07	19:45:00	700	2400	16690		1
13	day_shift	2019-04-08 19:59:40.204295+05	2019-04-08 19:59:40.204317+05	16	\N	2019-04-08	19:45:00	1125	3280	12000		1
14	night_shift	2019-04-09 07:44:14.35518+05	2019-04-09 07:44:14.355201+05	19	\N	2019-04-08	07:00:00	700	2400	13071		1
15	day_shift	2019-04-09 19:48:30.396884+05	2019-04-09 19:49:07.825599+05	17	17	2019-04-09	19:30:00	500	1560	8458		1
16	night_shift	2019-04-10 07:41:18.853377+05	2019-04-10 07:41:18.853397+05	19	\N	2019-04-09	07:30:00	125	300	5044		1
17	night_shift	2019-04-11 07:38:57.797003+05	2019-04-11 07:38:57.797036+05	17	\N	2019-04-11	07:41:00	375	960	6995		1
18	night_shift	2019-04-12 07:49:00.494668+05	2019-04-12 07:49:00.494706+05	16	\N	2019-04-11	07:45:00	900	2320	14127		1
19	day_shift	2019-04-12 19:47:33.065773+05	2019-04-12 19:47:33.065796+05	19	\N	2019-04-12	19:00:00	650	2000	13443		1
20	night_shift	2019-04-13 07:55:41.341748+05	2019-04-13 07:55:41.341772+05	16	\N	2019-04-12	07:45:00	500	2560	13932		1
21	day_shift	2019-04-13 19:47:09.421033+05	2019-04-13 19:47:09.421055+05	17	\N	2019-04-13	19:48:00	700	2640	13925		1
22	night_shift	2019-04-14 07:45:53.58833+05	2019-04-14 07:45:53.588358+05	19	\N	2019-04-13	07:00:00	875	1760	10310		1
23	day_shift	2019-04-15 19:54:06.81906+05	2019-04-15 19:54:06.819081+05	16	\N	2019-04-15	19:45:00	625	1440	14945		1
24	day_shift	2019-04-16 19:41:19.490239+05	2019-04-16 19:41:19.49026+05	19	\N	2019-04-16	19:01:00	650	2120	13950		1
25	night_shift	2019-04-17 07:51:43.444079+05	2019-04-17 07:51:43.4441+05	16	\N	2019-04-17	07:45:00	625	1880	14995		1
26	day_shift	2019-04-17 19:42:57.963226+05	2019-04-17 19:42:57.96325+05	17	\N	2019-04-17	19:40:00	850	1960	10185		1
27	night_shift	2019-04-18 07:46:25.841579+05	2019-04-18 07:46:25.841621+05	19	\N	2019-04-17	07:00:00	750	2400	14350		1
28	day_shift	2019-04-20 19:41:06.204437+05	2019-04-20 19:41:06.204457+05	19	\N	2019-04-20	19:00:00	650	1600	16228		1
29	night_shift	2019-04-22 07:02:27.082293+05	2019-04-22 07:02:27.082315+05	19	\N	2019-04-21	07:00:00	150	0	787		1
30	night_shift	2019-04-23 06:35:22.238593+05	2019-04-23 06:35:22.238614+05	17	\N	2019-04-22	07:35:00	150	560	0		1
31	day_shift	2019-04-24 19:44:28.193769+05	2019-04-24 19:44:28.193789+05	19	\N	2019-04-24	19:00:00	850	1120	14352		1
32	day_shift	2019-04-25 19:53:56.256384+05	2019-04-25 19:53:56.256404+05	17	\N	2019-05-25	19:30:00	625	1400	14132		1
33	night_shift	2019-04-26 07:46:50.067543+05	2019-04-26 07:46:50.067564+05	19	\N	2019-04-25	07:00:00	775	1440	15453		1
34	day_shift	2019-05-14 19:45:33.394081+05	2019-05-14 19:45:33.394101+05	19	\N	2019-05-14	19:00:00	600	1520	15134		1
35	day_shift	2019-05-15 19:50:29.616946+05	2019-05-15 19:50:29.61697+05	17	\N	2019-05-15	19:37:00	775	1880	13415		1
36	night_shift	2019-05-16 07:50:14.914923+05	2019-05-16 07:50:14.914968+05	19	\N	2019-05-15	07:00:00	575	1720	11135		1
37	day_shift	2019-05-18 19:33:10.24319+05	2019-05-18 19:33:10.243212+05	19	\N	2019-05-18	19:00:00	900	1120	7743		1
38	day_shift	2019-05-19 19:20:56.189034+05	2019-05-19 19:20:56.189057+05	17	\N	2019-05-19	19:37:00	775	1680	8607		1
39	night_shift	2019-05-20 07:44:38.807179+05	2019-05-20 07:44:38.807199+05	19	\N	2019-05-19	07:00:00	275	1160	6023		1
40	day_shift	2019-05-22 19:50:07.089031+05	2019-05-22 19:50:07.08905+05	19	\N	2019-05-22	19:00:00	325	240	1432		1
41	night_shift	2019-05-25 06:52:15.601567+05	2019-05-25 06:52:15.601589+05	17	\N	2019-05-25	07:35:00	20	40	0		1
42	day_shift	2019-05-26 19:21:18.343891+05	2019-05-26 19:21:18.343915+05	19	\N	2019-05-26	19:00:00	100	80	5921		1
43	night_shift	2019-06-10 07:39:25.912787+05	2019-06-10 07:39:25.912809+05	17	\N	2019-06-09	07:45:00	450	2680	12628		1
44	day_shift	2019-06-12 19:36:47.726705+05	2019-06-12 19:36:47.726727+05	17	\N	2019-06-12	19:45:00	475	1760	13517		1
45	night_shift	2019-06-14 07:37:08.188072+05	2019-06-14 07:37:08.188098+05	17	\N	2019-06-13	07:55:00	475	2000	13417		1
46	day_shift	2019-06-16 19:09:36.8658+05	2019-06-16 19:09:36.86582+05	17	\N	2019-06-16	19:45:00	425	1960	12578		1
47	night_shift	2019-06-18 05:42:41.204629+05	2019-06-18 05:42:41.204662+05	17	\N	2019-06-17	07:45:00	175	720	8459		1
48	day_shift	2019-06-20 19:44:10.860737+05	2019-06-20 19:44:10.860761+05	17	\N	2019-06-20	19:45:00	500	1920	14545		1
49	night_shift	2019-06-22 07:43:30.895885+05	2019-06-22 07:43:30.895906+05	17	\N	2019-06-21	07:45:00	600	2360	14183		1
50	day_shift	2019-06-24 19:42:38.133333+05	2019-06-24 19:42:38.133357+05	17	\N	2019-06-24	19:45:00	500	2000	12095		1
51	night_shift	2019-06-26 07:42:35.502393+05	2019-06-26 07:42:35.502428+05	17	\N	2019-06-25	07:45:00	500	3000	14744		1
52	day_shift	2019-07-04 16:17:16.241441+05	2019-07-04 16:17:16.242441+05	1	\N	2019-07-04	15:57:00	1	1	1		2
\.


--
-- Name: mill_complex_mill_grain_waste_accounting_id_seq; Type: SEQUENCE SET; Schema: public; Owner: request
--

SELECT pg_catalog.setval('public.mill_complex_mill_grain_waste_accounting_id_seq', 52, true);


--
-- Data for Name: mill_complex_mill_laboratory_work; Type: TABLE DATA; Schema: public; Owner: request
--

COPY public.mill_complex_mill_laboratory_work (id, "Postponing_One", "Postponing_Two", "Postponing_Three", "Grade_Top", "Grade_Second", "DateTime_add", "DateTime_update", "Create_user_id", "Update_user_id", "Date_word", "Time_word", "Bran_Nature", "Crunch_TopGrade", "MetalImpurity_TopGrade", "Passage_GradeSecond", "Passage_TopGrade", "Remainder_GradeSecond", "Remainder_TopGrade", "Yellowish_TopGrade", "Gang", "GrainBlack", "GrainBraun", "GrainGreen", "GrainWhite", "Factory_id") FROM stdin;
1	10.0	11.0	12.0	13.0	14.0	2019-03-11 10:55:23.387257+05	2019-03-17 21:55:44.730813+05	1	1	2019-03-06	08:53:00	10	thereis	0.12	10.0	16.0	10.0	15.0	17.0	day_shift	1	2	3	4	1
2	12.0	12.0	12.0	12.0	12.0	2019-07-04 16:18:28.553577+05	2019-07-04 16:18:28.553577+05	1	\N	2019-07-04	15:57:00	12	not_crunch	12.00	12.0	12.0	12.0	12.0	12.0	day_shift	12	12	12	12	2
\.


--
-- Name: mill_complex_mill_laboratory_work_id_seq; Type: SEQUENCE SET; Schema: public; Owner: request
--

SELECT pg_catalog.setval('public.mill_complex_mill_laboratory_work_id_seq', 2, true);


--
-- Data for Name: mill_complex_mill_storage_flour_accounting; Type: TABLE DATA; Schema: public; Owner: request
--

COPY public.mill_complex_mill_storage_flour_accounting (id, "Date_word", "Time_word", "TopGrade", "SecondGrade", "TransportTopGrade", "TransportSecondGrade", "Semolina", "Comment", "DateTime_add", "DateTime_update", "Create_user_id", "Update_user_id", "Factory_id") FROM stdin;
2	2019-03-13	20:30:00	29700	0	0	0	0		2019-03-13 15:40:15.838831+05	2019-03-13 15:40:15.838852+05	8	\N	1
3	2019-03-14	09:10:00	0	0	0	0	0		2019-03-15 14:11:12.057459+05	2019-03-15 14:11:12.057487+05	8	\N	1
1	2019-03-06	17:18:00	29700	100	120	130	125		2019-03-07 11:58:31.985383+05	2019-03-17 22:00:03.004586+05	8	1	1
4	2019-04-08	19:23:00	38280	5360	23460	0	1400		2019-04-08 20:00:50.042026+05	2019-04-08 20:00:50.042053+05	16	\N	1
5	2019-04-11	07:45:00	41572	5388	0	0	1850		2019-04-12 07:47:52.205851+05	2019-04-12 07:47:52.205878+05	16	\N	1
6	2019-04-12	07:45:00	44232	5530	0	0	1850		2019-04-13 08:00:11.691428+05	2019-04-13 08:00:11.691449+05	16	\N	1
7	2019-04-15	19:45:00	41750	7290	0	0	1400		2019-04-15 19:53:02.97776+05	2019-04-15 19:53:02.977782+05	16	\N	1
8	2019-04-17	07:45:00	44509	6467	0	0	1950		2019-04-17 07:52:38.353881+05	2019-04-17 07:52:38.353905+05	16	\N	1
9	2019-07-04	15:57:00	42	234	234	23	234	23423	2019-07-04 16:19:38.568582+05	2019-07-04 16:19:38.568582+05	1	\N	2
10	2019-07-04	16:20:00	432	23	42	234	23	234234	2019-07-04 16:20:49.82521+05	2019-07-04 16:20:49.825234+05	1	\N	2
\.


--
-- Name: mill_complex_mill_storage_flour_accounting_id_seq; Type: SEQUENCE SET; Schema: public; Owner: request
--

SELECT pg_catalog.setval('public.mill_complex_mill_storage_flour_accounting_id_seq', 10, true);


--
-- Data for Name: mill_complex_mill_technological; Type: TABLE DATA; Schema: public; Owner: request
--

COPY public.mill_complex_mill_technological (id, "Date_word", "Time_word", "Gang", "Prod_Semolina", "Prod_TopGrade_enum", "Prod_SecondGrade_enum", "Prod_Bran_enum", "Prod_GrainWaste", "Prod_Bran2Varieties", "KnockedOut_TopGrade_start", "KnockedOut_TopGrade_stop", "KnockedOut_SecondGrade", "KnockedOut_Semolina", "Trans_Workshop", "Description_work", "DateTime_add", "DateTime_update", "Create_user_id", "Update_user_id", "KnockedOut_TopGrade", "Factory_id") FROM stdin;
7	2019-03-11	16:13:00	day_shift	250	65050	17200	38210	1280	400	133	155	0	250	155932		2019-03-13 15:28:26.780242+05	2019-03-13 15:28:26.780271+05	8	\N	\N	1
8	2019-03-14	09:10:00	day_shift	0	681100	93225	233780	760	575	0	0	0	0	482555	  12.00.	2019-03-15 14:00:00.857613+05	2019-03-15 14:00:00.857641+05	8	\N	\N	1
9	2019-03-14	09:10:00	night_shift	200	723474	98106	237748	1400	600	171	189	0	200	498293	   95 -  .	2019-03-15 14:04:18.146376+05	2019-03-15 14:04:18.146398+05	8	\N	\N	1
10	2019-03-15	07:54:00	day_shift	100	745800	100700	244750	960	350	190	200	0	100	507300	   .  18,40	2019-03-18 11:17:19.21579+05	2019-03-18 11:17:19.215811+05	8	\N	\N	1
11	2019-03-18	10:54:00	night_shift	1000	786500	105900	258436	1360	500	201	218	0	1000	524015	 37 .	2019-03-18 11:19:44.89885+05	2019-03-18 11:19:44.898871+05	8	\N	\N	1
12	2019-04-04	19:00:00	day_shift	2400	259160	32689	83061	1960	500	82	94	3	2400	86059	    9:00, 13:30, 16:00, 19:00.	2019-04-04 19:49:55.058711+05	2019-04-04 19:49:55.058733+05	19	\N	\N	1
13	2019-04-05	19:30:00	day_shift	9900	343400	43788	109955	1880	500	95	108	2	2050	111282	    .    23.  -23200.	2019-04-05 19:41:40.475578+05	2019-04-05 19:41:40.475602+05	17	\N	\N	1
14	2019-04-05	23:00:00	night_shift	11850	382933	49708	123690	1760	550	109	130	0	1950	129024	  , .	2019-04-06 07:47:52.618454+05	2019-04-06 07:47:52.618489+05	19	\N	\N	1
15	2019-04-06	19:30:00	day_shift	13100	414700	54431	13500	1240	700	131	152	0	1250	147527	 14.00  16.30   .     27.      .	2019-04-06 19:39:38.127594+05	2019-04-06 19:39:38.127616+05	17	\N	\N	1
16	2019-04-06	23:23:00	night_shift	15100	456737	60878	150294	2040	350	153	174	0	2000	159050	  .	2019-04-07 07:42:35.656175+05	2019-04-07 07:42:35.656199+05	18	\N	\N	1
17	2019-04-07	19:45:00	day_shift	1800	499300	67340	166984	2400	700	175	188	4	16900	176215	 )	2019-04-07 19:54:35.134168+05	2019-04-07 19:54:35.134194+05	16	\N	\N	1
18	2019-04-07	07:00:00	night_shift	18950	540720	73650	182550	1840	475	0	0	15	2050	194035		2019-04-08 07:45:40.948891+05	2019-04-08 07:45:40.948913+05	36	\N	\N	1
19	2019-04-08	19:45:00	day_shift	20350	579000	79010	194550	3280	1125	189	194	11	1400	216051		2019-04-08 19:58:46.931171+05	2019-04-08 19:58:46.931196+05	16	\N	\N	1
20	2019-04-08	07:00:00	night_shift	22800	622436	85152	207621	2400	700	195	214	0	2450	240578	    .  64,      2 .	2019-04-09 07:43:16.493376+05	2019-04-09 07:43:16.493422+05	19	\N	\N	1
21	2019-04-09	19:30:00	day_shift	24200	657100	90317	219076	1560	500	215	235	0	1400	249036	   23620.   17.10  19.20  .   "" ,   ,   52.	2019-04-09 19:46:53.6855+05	2019-04-09 19:46:53.685523+05	17	\N	\N	1
22	2019-04-09	07:30:00	night_shift	24700	676186	93477	224120	300	1250	0	0	14	500	260276	    .   1-2,  21:30.   30, - \\,2    6-1  3:00.    6:30.  " " - 129 .	2019-04-10 07:40:16.582831+05	2019-04-10 07:40:16.582852+05	19	\N	\N	1
23	2019-04-10	19:48:00	day_shift	0	0	0	0	360	600	0	0	15	0	276750	 ,  60 . .	2019-04-10 19:47:53.349553+05	2019-04-10 19:47:53.349576+05	36	\N	\N	1
24	2019-04-11	07:30:00	night_shift	25250	696500	96865	231115	960	375	235	235	1	550	288636	 20.00      42     .   67   .  - .        65.       0.30 .     5.35  6. 30    .     "  110".   .	2019-04-11 07:36:32.751031+05	2019-04-11 07:36:32.751063+05	17	\N	\N	1
25	2019-04-11	19:30:00	day_shift	26450	740428	103262	247268	2040	600	236	255	0	1200	301896	    .    90 .   10 .  3   30    .	2019-04-11 19:44:48.918454+05	2019-04-11 19:44:48.918479+05	36	\N	\N	1
26	2019-04-11	07:45:00	night_shift	28300	782000	108650	261395	2320	900	256	277	0	1850	315475		2019-04-12 07:44:21.541383+05	2019-04-12 07:44:21.541407+05	16	\N	\N	1
27	2019-04-12	19:00:00	day_shift	30000	822068	113660	274838	2000	650	278	297	0	1700	325206	    .    1. ,1..    30    (\\, .)  16:40.  16:45 ,    42.  17:15.   18:40   3 ,   ().  19:00.	2019-04-12 19:46:30.501351+05	2019-04-12 19:46:30.501387+05	19	\N	\N	1
28	2019-04-12	07:45:00	night_shift	31850	866300	119190	288770	2560	500	0	0	22	1850	349458		2019-04-13 07:58:05.666495+05	2019-04-13 07:58:05.666517+05	16	\N	\N	1
29	2019-04-13	19:30:00	day_shift	33600	908000	125310	302695	2640	700	298	303	3	1750	374007	     .     -30 ,    .	2019-04-13 19:43:13.538995+05	2019-04-13 19:43:13.539017+05	17	\N	\N	1
30	2019-04-13	07:00:00	night_shift	35200	941000	130351	313005	1760	875	304	325	0	1600	398650	  20:00     45.   20:20.    .  1:15,   "",  110.       2:45.	2019-04-14 07:44:54.740031+05	2019-04-14 07:44:54.740051+05	19	\N	\N	1
31	2019-04-14	19:30:00	day_shift	36950	981000	136451	325785	1640	425	326	339	3	1750	417311	 3.  ..	2019-04-14 19:35:35.352439+05	2019-04-14 19:43:57.747988+05	36	36	14	1
32	2019-04-14	07:30:00	night_shift	38700	1020000	143000	339160	1680	500	339	0	14	1750	438811	  52.	2019-04-15 07:44:24.798633+05	2019-04-15 07:44:24.798656+05	17	\N	\N	1
33	2019-04-15	19:45:00	day_shift	40100	1061750	150290	354105	1440	625	0	0	12	1400	456831		2019-04-15 19:50:54.382084+05	2019-04-15 19:50:54.382107+05	16	\N	\N	1
34	2019-04-15	07:30:00	night_shift	42000	1104700	156600	368900	1640	425	340	345	7	1900	466665		2019-04-16 07:43:14.921016+05	2019-04-16 07:43:14.92104+05	36	\N	\N	1
35	2019-04-16	19:00:00	day_shift	43850	1145511	162968	382850	2120	650	346	367	0	1850	478686	    .   11:00 ,   \\,  8  .  27  .   11;45.    23440.	2019-04-16 19:40:09.015645+05	2019-04-16 19:40:09.015671+05	19	\N	\N	1
36	2019-04-17	19:30:00	day_shift	46900	1219450	173940	408030	1960	850	374	378	4	1100	506237	C9.50  12.55  .      24,   24, 52.      60.	2019-04-17 19:41:12.587619+05	2019-04-17 19:41:12.587645+05	17	\N	\N	1
37	2019-04-17	07:00:00	night_shift	48150	1261915	179822	422380	2400	750	379	400	0	1250	519074	  ,  .	2019-04-18 07:45:21.770498+05	2019-04-18 07:45:21.770536+05	19	\N	\N	1
38	2019-04-18	17:01:00	day_shift	49000	1304850	185850	436750	2200	550	401	420	0	850	537991		2019-04-18 19:56:50.309587+05	2019-04-18 19:56:50.309609+05	36	\N	\N	1
39	2019-04-18	07:30:00	day_shift	49600	1346000	191855	448875	2080	625	421	431	0	600	551130	 .      2.        14.	2019-04-19 07:41:34.761573+05	2019-04-19 07:41:34.761599+05	17	\N	\N	1
40	2019-04-19	19:45:00	day_shift	50350	1389750	198260	462955	2440	950	432	440	11	750	563619		2019-04-19 19:50:18.460069+05	2019-04-19 19:50:18.460092+05	16	\N	\N	1
41	2019-04-19	07:30:00	night_shift	51150	1435300	204674	476262	2200	650	0	0	14	800	575535		2019-04-20 07:39:46.507335+05	2019-04-20 07:40:28.341966+05	18	18	1	1
42	2019-04-20	19:00:00	day_shift	51900	1482640	211567	492490	1600	650	441	450	8	750	589164	  , .	2019-04-20 19:39:50.627009+05	2019-04-20 19:39:50.627032+05	19	\N	\N	1
43	2019-04-20	07:45:00	night_shift	52200	1518280	216617	504900	1640	700	451	472	0	300	601067	 01:45-05:05 (     61 .     36 (3))	2019-04-21 07:48:23.989417+05	2019-04-21 07:48:23.989439+05	16	\N	\N	1
44	2019-04-20	07:45:00	night_shift	52200	1518280	216617	504900	1640	700	451	472	0	300	601067	 01:45-05:05 (     61 .     36 (3))	2019-04-21 07:48:38.463299+05	2019-04-21 07:48:38.463333+05	16	\N	\N	1
45	2019-04-21	19:30:00	day_shift	52850	1561850	223015	519695	1360	750	473	483	0	650	623173	 52.   17.00    1, 2.	2019-04-21 19:48:00.747282+05	2019-04-21 19:48:00.747302+05	17	\N	\N	1
46	2019-04-21	07:00:00	night_shift	52950	1569592	224283	520482	0	150	484	490	9	100	639423	  ,.   - 138 . -,    .  3:30.   2-3 . .	2019-04-22 07:01:22.962746+05	2019-04-22 07:01:22.962791+05	19	\N	\N	1
47	2019-04-22	07:35:00	night_shift	0	0	0	0	560	150	491	498	5	0	686309	   25.   52  : 15 .      26 : 2 ,    25 :1 .      5.    2.    "".	2019-04-23 06:33:36.420306+05	2019-04-23 06:33:36.420333+05	17	\N	\N	1
48	2019-04-23	19:45:00	day_shift	0	1586466	227402	526586	640	350	499	517	0	0	704314	12:50-  (     .   3)   17:00-19:00 ( 3   26 ,  - )	2019-04-23 19:41:09.108236+05	2019-04-23 19:41:09.108258+05	16	\N	\N	1
49	2019-04-23	07:30:00	night_shift	0	1624000	233897	539020	1040	1050	518	539	0	0	719213	23.50  .   42,      .. 1.20  .     .   52,    3 , 4,    3.	2019-04-24 07:33:14.850577+05	2019-04-24 07:33:14.850604+05	18	\N	\N	1
50	2019-04-24	19:00:00	day_shift	53600	1665480	242145	553372	1120	850	540	561	0	650	724507	 ,  .  18:15   ,  110       .    1 - 2 .   23300	2019-04-24 19:43:40.876791+05	2019-04-24 19:43:40.876816+05	19	\N	\N	1
51	2019-04-25	07:45:00	night_shift	53800	1704830	250668	569976	1380	800	562	571	5	200	744507	   ..	2019-04-25 07:47:56.433957+05	2019-04-25 07:47:56.433978+05	16	\N	\N	1
52	2019-04-25	19:35:00	day_shift	54200	1744300	257285	584108	1400	625	0	0	7	400	763659	     .   52.	2019-04-25 19:52:12.968086+05	2019-04-25 19:52:12.968114+05	17	\N	\N	1
53	2019-04-25	07:00:00	night_shift	55100	1784045	264359	599561	1440	775	0	0	16	900	781632	  , .  0:20, 2    .  0:45.	2019-04-26 07:45:29.029144+05	2019-04-26 07:45:29.029167+05	19	\N	\N	1
54	2019-05-13	19:37:00	day_shift	16800	689650	102040	234880	800	475	256	265	7	950	438040		2019-05-13 19:41:41.157037+05	2019-05-13 19:41:41.157076+05	36	\N	\N	1
55	2019-05-13	07:30:00	night_shift	18900	733937	108793	248538	1480	625	0	0	14	2100	450441	   ,  .	2019-05-14 07:36:25.763329+05	2019-05-14 07:36:25.763349+05	18	\N	\N	1
56	2019-05-14	19:00:00	day_shift	2000	779302	115642	263672	1520	600	266	277	4	20900	462505	    .  10:00,   , 1.      10:10. 	2019-05-14 19:43:52.864683+05	2019-05-14 19:43:52.864707+05	19	\N	\N	1
57	2019-05-14	07:37:00	night_shift	22700	814500	121030	276430	1720	900	278	299	0	1800	485146		2019-05-15 07:47:04.55655+05	2019-05-15 07:47:04.556577+05	36	\N	\N	1
58	2019-05-15	19:37:00	day_shift	24250	856800	127605	289845	1880	775	300	314	0	1550	503614	      15.	2019-05-15 19:48:38.785287+05	2019-05-15 19:48:38.785313+05	17	\N	\N	1
59	2019-05-15	19:00:00	night_shift	25250	890512	133018	300980	1720	575	315	336	0	1000	520772		2019-05-16 07:49:18.832681+05	2019-05-16 07:49:18.832705+05	19	\N	\N	1
60	2019-05-16	19:37:00	day_shift	27000	936670	140189	316173	1960	650	337	344	6	1750	534057	      15.     .	2019-05-16 19:46:41.803242+05	2019-05-16 19:46:41.803271+05	18	\N	\N	1
61	2019-05-16	07:37:00	night_shift	28650	971100	145490	325085	2600	550	0	0	16	1650	548300	 3. 45  6.00   .     1  2 .	2019-05-17 07:43:55.538242+05	2019-05-17 07:43:55.538264+05	17	\N	\N	1
62	2019-05-16	07:37:00	night_shift	28650	971100	145490	325085	2600	550	0	0	16	1650	548300	 3. 45  6.00   .     1  2 .	2019-05-17 07:44:10.36325+05	2019-05-17 07:44:10.363274+05	17	\N	\N	1
63	2019-05-17	19:37:00	day_shift	29650	1012000	151250	336700	1920	675	0	0	16	1000	566056		2019-05-17 19:55:11.246854+05	2019-05-17 19:55:11.246875+05	36	\N	\N	1
65	2019-05-18	19:00:00	day_shift	30100	1079202	161178	357048	1120	900	345	362	0	450	613111	    .  11:00     27,  24,25.26.    .  13:35 .  17:10  15   .  .   1.	2019-05-18 19:32:15.549544+05	2019-05-18 19:32:15.549566+05	19	\N	\N	1
66	2019-05-18	07:37:00	night_shift	0	1115433	166844	370321	2840	950	363	368	0	0	639022		2019-05-19 07:54:20.319811+05	2019-05-19 07:54:20.319835+05	36	\N	\N	1
67	2019-05-19	19:37:00	day_shift	0	1142281	171132	378928	1680	775	0	0	8	0	663625	C 13. 20  15.50  .   ,       27.     1.     60    .    .	2019-05-19 19:19:25.204567+05	2019-05-19 19:19:25.20459+05	17	\N	\N	1
68	2019-05-19	07:00:00	night_shift	30100	1162423	174201	384951	1160	275	369	379	0	0	683096	    .  22:00.  2:30   ,   27.  6:00.	2019-05-20 07:43:26.862602+05	2019-05-20 07:43:26.862624+05	19	\N	\N	1
69	2019-05-21	19:53:00	day_shift	0	1267500	190300	418800	1920	500	407	425	0	0	0		2019-05-21 19:40:44.933109+05	2019-05-21 20:40:53.181443+05	36	18	19	1
64	2019-05-17	07:30:00	night_shift	29650	1054352	157223	349305	1480	300	0	0	15	0	592034	  .         14.	2019-05-18 07:46:57.57575+05	2019-05-22 02:58:17.175141+05	18	18	1	1
70	2019-05-21	07:30:00	night_shift	0	1304948	195855	429556	1360	375	426	436	4	0	0	  . 7.20  .  .	2019-05-22 07:19:52.063691+05	2019-05-22 07:19:52.063715+05	18	\N	\N	1
71	2019-05-22	19:00:00	day_shift	30100	1309307	196574	430988	240	325	0	0	5	0	728855	  1 , 2,3 . 3,4 . ().   14,   (). ().  18:15.	2019-05-22 19:49:22.334216+05	2019-05-22 19:49:22.334246+05	19	\N	\N	1
72	2019-05-22	07:46:00	night_shift	0	1350500	203000	445400	2040	475	237	247	7	0	0		2019-05-23 07:39:50.702751+05	2019-05-23 07:39:50.702773+05	36	\N	\N	1
73	2019-05-24	07:35:00	night_shift	0	0	0	0	40	20	496	499	8	0	0	         ..                   ,      .   2,     4  2      .	2019-05-25 06:50:39.386248+05	2019-05-25 06:50:39.386271+05	17	\N	\N	1
74	2019-05-25	19:45:00	day_shift	0	0	0	0	0	0	500	511	0	0	750890	   12 .	2019-05-25 19:13:16.831179+05	2019-05-25 19:13:16.831202+05	16	\N	\N	1
75	2019-05-25	07:30:00	night_shift	31750	1426400	214740	469755	960	700	512	522	0	650	773500	21.00  .  -30. 3.20  1.   .   .	2019-05-26 07:39:48.92273+05	2019-05-26 07:39:48.922752+05	18	\N	\N	1
76	2019-05-26	19:00:00	day_shift	32150	1441749	217364	475676	80	100	523	532	0	400	797505	    .  2  9:00,  3  11:45.    "" 144 .  19:25.	2019-05-26 19:20:09.650736+05	2019-05-26 19:20:09.650774+05	19	\N	\N	1
77	2019-05-26	07:45:00	night_shift	0	0	0	0	0	475	0	0	13	0	819204	C     2-3 , 	2019-05-27 07:27:51.767968+05	2019-05-27 07:27:51.768004+05	16	\N	\N	1
78	2019-05-27	07:00:00	night_shift	0	0	0	0	0	0	533	550	0	0	868010	    3 .	2019-05-28 07:16:54.404429+05	2019-05-28 07:16:54.404454+05	19	\N	\N	1
79	2019-05-29	19:45:00	day_shift	0	0	0	0	0	475	577	586	0	0	937503	 1-2 .    3 	2019-05-29 19:35:38.018254+05	2019-05-29 19:35:38.018281+05	16	\N	\N	1
80	2019-05-29	07:30:00	night_shift	0	0	0	0	0	0	587	598	0	0	948509	   1 . 1.	2019-05-30 07:45:54.800816+05	2019-05-30 07:45:54.800841+05	18	\N	\N	1
81	2019-05-30	07:45:00	night_shift	0	0	0	0	0	150	0	0	0	0	975400	  ,2  3 .	2019-05-31 07:01:41.428816+05	2019-05-31 07:01:41.428839+05	16	\N	\N	1
82	2019-06-06	19:45:00	day_shift	0	0	0	0	0	0	0	0	0	0	56618	19:15-  	2019-06-06 19:25:29.647354+05	2019-06-06 19:25:29.647372+05	16	\N	\N	1
83	2019-06-07	19:55:00	day_shift	850	26800	4800	9500	1160	500	0	0	0	850	73800	  11:00.   60 	2019-06-07 20:29:30.860243+05	2019-06-07 20:29:30.860264+05	36	\N	\N	1
84	2019-06-07	07:45:00	night_shift	1000	66345	11206	22556	2440	925	1	12	0	1850	89245	 02:00-03:00- 30- .	2019-06-08 07:46:40.689014+05	2019-06-08 07:46:40.689037+05	16	\N	\N	1
85	2019-06-08	19:42:00	day_shift	1050	105493	17150	36057	1800	850	13	24	0	2900	115751		2019-06-08 19:37:44.311099+05	2019-06-08 19:37:44.31112+05	17	\N	\N	1
86	2019-06-08	07:00:00	night_shift	4050	144524	23496	49817	2280	600	25	39	0	1150	139824	    .	2019-06-09 07:32:39.661132+05	2019-06-09 07:32:39.661159+05	19	\N	\N	1
87	2019-06-09	19:30:00	day_shift	5450	187867	29780	63907	1840	500	40	47	7	1400	160837		2019-06-09 19:35:53.445644+05	2019-06-09 19:35:53.44567+05	18	\N	\N	1
88	2019-06-09	07:45:00	night_shift	1300	232400	35915	76535	2680	450	0	0	16	6750	186128		2019-06-10 07:36:57.711246+05	2019-06-10 07:36:57.711271+05	17	\N	\N	1
89	2019-06-10	19:45:00	day_shift	1550	279100	42390	91695	2800	650	48	58	10	8300	202520	 19:35-19:55.   .  110	2019-06-10 20:04:43.114746+05	2019-06-10 20:04:43.114768+05	16	\N	\N	1
90	2019-06-10	07:55:00	night_shift	8800	310205	46747	102882	1640	1027	59	78	0	500	223003		2019-06-11 08:00:30.130216+05	2019-06-11 08:00:30.130248+05	36	\N	\N	1
91	2019-06-11	19:00:00	day_shift	10300	351620	52295	116475	1520	450	79	100	0	1500	243312	    .   3 .	2019-06-11 19:39:08.570181+05	2019-06-11 19:39:08.570206+05	19	\N	\N	1
92	2019-06-11	07:45:00	night_shift	12400	399850	57900	130738	2400	600	101	123	0	2100	264614	   3  65 .   -  3 ()	2019-06-12 07:54:16.452053+05	2019-06-12 07:54:16.452078+05	16	\N	\N	1
93	2019-06-12	19:45:00	day_shift	14550	443650	63057	144255	1760	475	124	126	11	2150	290535		2019-06-12 19:34:38.302149+05	2019-06-12 19:34:38.302171+05	17	\N	\N	1
94	2019-06-13	07:00:00	night_shift	16900	489777	68386	157949	1840	475	127	148	0	2350	325724	    .	2019-06-13 07:41:49.046756+05	2019-06-13 07:41:49.04678+05	19	\N	\N	1
95	2019-06-13	19:30:00	day_shift	19200	536736	73670	171598	2400	500	149	158	8	2300	332945	      3 .  2  (   ).   ,      15.	2019-06-13 19:35:08.512082+05	2019-06-13 19:35:08.512108+05	18	\N	\N	1
96	2019-06-13	07:45:00	night_shift	21500	582550	79070	185015	2000	475	0	0	16	2300	342614		2019-06-14 07:34:58.62416+05	2019-06-14 07:34:58.624184+05	17	\N	\N	1
97	2019-06-14	19:45:00	day_shift	22900	618450	83348	195659	2440	875	159	171	6	1400	356153	 13:00-14:40 (   60 .     )\r\n 15:50-17:00 (  60 .        27 .    3)	2019-06-14 19:54:23.166847+05	2019-06-14 19:54:23.166875+05	16	\N	\N	1
98	2019-06-14	08:30:00	night_shift	25300	662975	88705	209194	2160	625	172	188	0	2400	367875		2019-06-15 07:40:11.999639+05	2019-06-15 07:40:11.999676+05	18	\N	\N	1
99	2019-06-15	10:00:00	day_shift	27550	703622	93348	221110	2550	550	189	222	0	2250	380645	C    .  19:00, 60.	2019-06-15 19:17:30.561356+05	2019-06-15 19:17:30.56139+05	19	\N	\N	1
100	2019-06-15	07:45:00	night_shift	29450	744790	98480	233753	2000	675	223	250	0	1900	393011	 21:00 ( 60 )	2019-06-16 07:51:36.839663+05	2019-06-16 07:51:36.839696+05	16	\N	\N	1
101	2019-06-16	19:45:00	day_shift	2100	783371	103417	246331	1960	425	0	0	16	31550	404774	  23240.  18.00  .    60.	2019-06-16 19:08:34.26139+05	2019-06-16 19:08:34.261416+05	17	\N	\N	1
102	2019-06-16	19:00:00	night_shift	33300	814615	107447	255671	1480	500	251	255	11	1750	416997	  22:30.    .	2019-06-17 07:44:40.835279+05	2019-06-17 07:44:40.835305+05	19	\N	\N	1
103	2019-06-17	19:30:00	day_shift	35550	853100	112349	267559	1480	575	256	277	0	2250	431737	     , 16.05  -      60. 17.20-  .     .	2019-06-17 19:39:12.806108+05	2019-06-17 19:39:12.806131+05	18	\N	\N	1
104	2019-06-17	07:45:00	night_shift	36700	875978	115380	274380	720	175	278	299	0	1150	440196	1.50   .   60    .	2019-06-18 05:40:57.97262+05	2019-06-18 05:40:57.972644+05	17	\N	\N	1
105	2019-06-18	19:45:00	day_shift	0	878130	115710	275210	0	725	300	313	0	0	450688	 19:10	2019-06-18 19:45:02.99986+05	2019-06-18 19:45:02.999886+05	16	\N	\N	1
106	2019-06-18	08:30:00	night_shift	38800	923598	122169	290733	2320	550	314	335	0	2100	465756		2019-06-19 07:38:36.369819+05	2019-06-19 07:38:36.369842+05	18	\N	\N	1
107	2019-06-19	19:00:00	day_shift	41150	969472	128263	306489	1960	450	336	340	12	2350	481290	    .	2019-06-19 19:41:02.860956+05	2019-06-19 19:41:02.861003+05	19	\N	\N	1
108	2019-06-19	07:45:00	night_shift	43500	1015010	133950	321550	2160	650	0	0	23	2350	500749	  3  .\r\n 65 .	2019-06-20 07:48:45.813393+05	2019-06-20 07:48:45.813417+05	16	\N	\N	1
109	2019-06-20	19:45:00	day_shift	45600	1059100	139305	336095	1920	500	341	362	0	2100	520366	  24220.	2019-06-20 19:43:19.373432+05	2019-06-20 19:43:19.373455+05	17	\N	\N	1
110	2019-06-20	19:00:00	night_shift	47250	1102768	144519	349370	2120	500	363	384	0	1650	538867	    .	2019-06-21 07:40:35.768113+05	2019-06-21 07:40:35.768136+05	19	\N	\N	1
111	2019-06-21	19:30:00	day_shift	48500	1138767	149039	361012	1680	775	385	406	0	1250	554768	14.10- .      60.    24 (  ),      23   . 15.20  .  17.00   ,    (  110), 17.50 - , 2       R1,     .	2019-06-21 19:35:33.369474+05	2019-06-21 19:35:33.369496+05	18	\N	\N	1
112	2019-06-21	07:45:00	night_shift	50150	1183000	154535	375195	2360	600	407	418	0	1650	565030		2019-06-22 07:42:34.552025+05	2019-06-22 07:42:34.552063+05	17	\N	\N	1
113	2019-06-22	19:00:00	day_shift	50350	1225229	160102	389343	2440	425	0	0	18	200	581226		2019-06-22 19:43:55.638254+05	2019-06-22 19:43:55.63828+05	18	\N	\N	1
114	2019-06-22	07:45:00	night_shift	0	1262111	165295	402637	2080	800	419	423	17	0	593071	 21:10-21:30 ( 1,   1)\r\n 02:05-03:30 (    ,     3)	2019-06-23 07:42:07.974904+05	2019-06-23 07:42:07.97493+05	16	\N	\N	1
115	2019-06-23	19:00:00	day_shift	50350	1277813	167246	407954	1120	950	424	445	0	0	604701	  8:00,  . 54.  9:00.  13:25   ,   .     .	2019-06-23 18:30:31.353214+05	2019-06-23 18:30:31.353239+05	19	\N	\N	1
116	2019-06-23	07:45:00	night_shift	0	1304450	170885	416615	1550	600	446	457	10	0	609461	00:40 .\r\n  N21,24,25,26.\r\n    27 .	2019-06-24 07:51:45.134965+05	2019-06-24 07:51:45.134989+05	16	\N	\N	1
117	2019-06-24	19:45:00	day_shift	0	1343000	175820	428710	2000	500	458	479	0	0	632460	C 12\r\n\r\n\r\n\r\n\r\n\r\n\r\n\r\n\r\n\r\n\r\n\r\n\r\n\r\n\r\n\r\n\r\n\r\n\r\n\r\n\r\n\r\n\r\n\r\n\r\n\r\n\r\n\r\n\r\n 12, 30  14,40  .       65.	2019-06-24 19:40:59.935387+05	2019-06-24 19:40:59.935411+05	17	\N	\N	1
118	2019-06-24	07:00:00	night_shift	0	1386111	181585	443587	2740	500	480	501	0	0	644887	  , .	2019-06-25 07:37:14.62694+05	2019-06-25 07:37:14.626973+05	19	\N	\N	1
119	2019-06-25	19:30:00	day_shift	50350	1429819	187020	457226	2160	500	502	523	0	0	654695	13.20   .    26, 14.10-  	2019-06-25 19:42:25.036979+05	2019-06-25 19:42:25.037002+05	18	\N	\N	1
120	2019-06-25	07:45:00	night_shift	50350	1477035	193155	471970	3000	500	524	545	0	0	660535		2019-06-26 07:41:44.444716+05	2019-06-26 07:41:44.44474+05	17	\N	\N	1
121	2019-06-26	19:45:00	day_shift	0	1524200	199150	486905	2200	525	546	551	16	0	678429	 .  .	2019-06-26 20:01:47.482183+05	2019-06-26 20:01:47.482209+05	16	\N	\N	1
122	2019-06-26	07:30:00	night_shift	50350	1570654	205028	501757	2240	400	0	0	19	0	692989		2019-06-27 07:34:24.557938+05	2019-06-27 07:34:24.557962+05	18	\N	\N	1
128	2019-07-04	15:57:00	day_shift	323	23	23	23	23	23	23	44	23	3	23	232	2019-07-04 16:19:13.057122+05	2019-07-04 16:19:13.057122+05	1	\N	\N	2
\.


--
-- Data for Name: mill_complex_mill_technological_child_bhm; Type: TABLE DATA; Schema: public; Owner: request
--

COPY public.mill_complex_mill_technological_child_bhm (id, parent_table_id, bhm_num_id, grain) FROM stdin;
5	7	1	50
6	7	2	62
7	7	3	96
8	7	4	99
9	8	1	0
10	8	2	21
11	8	3	98
12	8	4	56
13	9	1	0
14	9	2	12
15	9	3	97
16	9	4	56
156	44	4	0
157	45	1	100
158	45	2	40
159	45	3	98
17	10	1	0
18	10	2	7
19	10	3	98
20	10	4	96
21	11	1	0
22	11	2	7
23	11	3	98
24	11	4	96
25	12	1	23
26	12	2	0
27	12	3	14
28	12	4	11
29	13	1	28
30	13	2	0
31	13	3	18
32	13	4	12
33	14	1	31
34	14	2	0
35	14	3	17
36	14	4	12
37	15	1	33
38	15	2	0
39	15	3	19
40	15	4	7
41	16	1	32
42	16	2	0
43	16	3	17
44	16	4	5
45	17	1	34
46	17	2	0
47	17	3	10
48	17	4	6
49	18	1	39
50	18	2	0
51	18	3	4
52	18	4	6
53	19	1	39
54	19	2	0
55	19	3	0
56	19	4	6
57	20	1	37
58	20	2	0
59	20	3	5
60	20	4	6
61	21	1	38
62	21	2	1
63	21	3	1
64	21	4	6
65	22	1	100
66	22	2	5
67	22	3	0
68	22	4	7
69	23	1	89
70	23	2	5
71	23	3	0
72	23	4	1
73	24	1	87
74	24	2	5
75	24	3	0
76	24	4	0
77	25	1	89
78	25	2	1
79	25	3	0
80	25	4	0
81	26	1	100
82	26	2	1
83	26	3	0
84	26	4	0
85	27	1	100
86	27	2	24
87	27	3	0
88	27	4	0
89	28	1	100
90	28	2	31
91	28	3	0
92	28	4	0
93	29	1	100
94	29	2	39
95	29	3	0
96	29	4	0
97	30	1	100
98	30	2	34
99	30	3	0
100	30	4	0
101	31	1	85
102	31	2	30
103	31	3	0
104	31	4	0
105	32	1	99
106	32	2	41
107	32	3	0
108	32	4	0
109	33	1	100
110	33	2	45
111	33	3	0
112	33	4	0
113	34	1	98
114	34	2	63
115	34	3	0
116	34	4	0
117	35	1	83
118	35	2	87
119	35	3	0
120	35	4	0
121	36	1	99
122	36	2	90
123	36	3	0
124	36	4	0
125	37	1	98
126	37	2	83
127	37	3	5
128	37	4	0
129	38	1	99
130	38	2	75
131	38	3	8
132	38	4	0
133	39	1	98
134	39	2	87
135	39	3	14
136	39	4	0
137	40	1	85
138	40	2	99
139	40	3	26
140	40	4	0
141	41	1	99
142	41	2	83
143	41	3	46
144	41	4	0
145	42	1	100
146	42	2	69
147	42	3	70
148	42	4	0
149	43	1	100
150	43	2	57
151	43	3	81
152	43	4	0
153	44	1	100
154	44	2	57
155	44	3	81
160	45	4	0
161	46	1	100
162	46	2	28
163	46	3	91
164	46	4	0
165	47	1	82
166	47	2	3
167	47	3	91
168	47	4	0
169	48	1	43
170	48	2	34
171	48	3	93
172	48	4	0
173	49	1	29
174	49	2	40
175	49	3	92
176	49	4	0
177	50	1	30
178	50	2	37
179	50	3	93
180	50	4	0
181	51	1	10
182	51	2	71
183	51	3	92
184	51	4	0
185	52	1	11
186	52	2	92
187	52	3	93
188	52	4	0
189	53	1	32
190	53	2	77
191	53	3	91
192	53	4	0
193	54	1	100
194	54	2	71
195	54	3	33
196	54	4	7
197	55	1	99
198	55	2	71
199	55	3	66
200	55	4	1
201	56	1	100
202	56	2	59
203	56	3	89
204	56	4	0
205	57	1	100
206	57	2	69
207	57	3	100
208	57	4	0
209	58	1	99
210	58	2	66
211	58	3	99
212	58	4	0
213	59	1	98
214	59	2	63
215	59	3	98
216	59	4	0
217	60	1	100
218	60	2	86
219	60	3	100
220	60	4	3
221	61	1	99
222	61	2	81
223	61	3	99
224	61	4	20
225	62	1	99
226	62	2	81
227	62	3	99
228	62	4	20
229	63	1	100
230	63	2	90
231	63	3	100
232	63	4	26
237	65	1	99
238	65	2	58
239	65	3	100
240	65	4	57
241	66	1	97
242	66	2	58
243	66	3	98
244	66	4	57
245	67	1	79
246	67	2	59
247	67	3	98
248	67	4	97
249	68	1	70
250	68	2	59
251	68	3	97
252	68	4	100
253	69	1	53
254	69	2	90
255	69	3	97
256	69	4	91
233	64	1	100
234	64	2	65
235	64	3	100
236	64	4	65
257	70	1	75
258	70	2	100
259	70	3	97
260	70	4	93
261	71	1	77
262	71	2	100
263	71	3	99
264	71	4	93
265	72	1	81
266	72	2	99
267	72	3	97
268	72	4	92
269	73	1	97
270	73	2	97
271	73	3	98
272	73	4	95
273	74	1	89
274	74	2	81
275	74	3	100
276	74	4	89
277	75	1	84
278	75	2	77
279	75	3	97
280	75	4	84
281	76	1	90
282	76	2	78
283	76	3	100
284	76	4	84
285	77	1	67
286	77	2	77
287	77	3	98
288	77	4	84
289	78	1	22
290	78	2	54
291	78	3	98
292	78	4	85
293	79	1	3
294	79	2	3
295	79	3	82
296	79	4	84
297	80	1	1
298	80	2	3
299	80	3	66
300	80	4	84
301	81	1	1
302	81	2	5
303	81	3	45
304	81	4	85
305	82	1	2
306	82	2	4
307	82	3	4
308	82	4	84
309	83	1	5
310	83	2	5
311	83	3	1
312	83	4	84
313	84	1	9
314	84	2	3
315	84	3	0
316	84	4	83
317	85	1	10
318	85	2	4
319	85	3	2
320	85	4	83
321	86	1	10
322	86	2	4
323	86	3	1
324	86	4	82
325	87	1	11
326	87	2	4
327	87	3	3
328	87	4	83
329	88	1	9
330	88	2	3
331	88	3	9
332	88	4	82
333	89	1	23
334	89	2	4
335	89	3	6
336	89	4	82
337	90	1	29
338	90	2	4
339	90	3	13
340	90	4	78
341	91	1	36
342	91	2	5
343	91	3	14
344	91	4	74
345	92	1	22
346	92	2	3
347	92	3	32
348	92	4	74
349	93	1	24
350	93	2	4
351	93	3	28
352	93	4	66
353	94	1	22
354	94	2	3
355	94	3	21
356	94	4	65
357	95	1	22
358	95	2	3
359	95	3	55
360	95	4	65
361	96	1	22
362	96	2	4
363	96	3	82
364	96	4	65
365	97	1	24
366	97	2	2
367	97	3	93
368	97	4	67
369	98	1	30
370	98	2	16
371	98	3	100
372	98	4	65
373	99	1	32
374	99	2	17
375	99	3	100
376	99	4	65
377	100	1	31
378	100	2	37
379	100	3	80
380	100	4	65
381	101	1	32
382	101	2	41
383	101	3	72
384	101	4	65
385	102	1	31
386	102	2	100
387	102	3	59
388	102	4	65
389	103	1	32
390	103	2	57
391	103	3	55
392	103	4	66
393	104	1	30
394	104	2	61
395	104	3	35
396	104	4	65
397	105	1	32
398	105	2	26
399	105	3	28
400	105	4	66
401	106	1	30
402	106	2	26
403	106	3	35
404	106	4	66
405	107	1	31
406	107	2	23
407	107	3	45
408	107	4	66
409	108	1	30
410	108	2	100
411	108	3	9
412	108	4	65
413	109	1	31
414	109	2	44
415	109	3	35
416	109	4	66
417	110	1	29
418	110	2	51
419	110	3	33
420	110	4	65
421	111	1	25
422	111	2	51
423	111	3	35
424	111	4	66
425	112	1	23
426	112	2	75
427	112	3	34
428	112	4	65
429	113	1	12
430	113	2	100
431	113	3	36
432	113	4	66
433	114	1	11
434	114	2	70
435	114	3	60
436	114	4	66
437	115	1	9
438	115	2	11
439	115	3	66
440	115	4	66
441	116	1	7
442	116	2	8
443	116	3	64
444	116	4	66
445	117	1	3
446	117	2	33
447	117	3	66
448	117	4	66
449	118	1	2
450	118	2	0
451	118	3	64
452	118	4	66
453	119	1	2
454	119	2	7
455	119	3	62
456	119	4	63
457	120	1	0
458	120	2	43
459	120	3	60
460	120	4	62
461	121	1	1
462	121	2	0
463	121	3	61
464	121	4	63
465	122	1	0
466	122	2	100
467	122	3	60
468	122	4	63
469	128	1	10
470	128	2	34
471	128	3	22
472	128	4	33
\.


--
-- Name: mill_complex_mill_technological_child_bhm_id_seq; Type: SEQUENCE SET; Schema: public; Owner: request
--

SELECT pg_catalog.setval('public.mill_complex_mill_technological_child_bhm_id_seq', 472, true);


--
-- Name: mill_complex_mill_technological_id_seq; Type: SEQUENCE SET; Schema: public; Owner: request
--

SELECT pg_catalog.setval('public.mill_complex_mill_technological_id_seq', 130, true);


--
-- Data for Name: production_complex_product_equipment_breakdown_repair; Type: TABLE DATA; Schema: public; Owner: request
--

COPY public.production_complex_product_equipment_breakdown_repair (id, "Gang", "Event", "Action", "DateTime_add", "DateTime_update", "Create_user_id", "Update_user_id", "Date_word", "Time_word", "Factory_id") FROM stdin;
\.


--
-- Name: production_complex_product_equipment_breakdown_repair_Co_id_seq; Type: SEQUENCE SET; Schema: public; Owner: request
--

SELECT pg_catalog.setval('public."production_complex_product_equipment_breakdown_repair_Co_id_seq"', 1, false);


--
-- Data for Name: production_complex_product_equipment_breakdown_repair_Coworker; Type: TABLE DATA; Schema: public; Owner: request
--

COPY public."production_complex_product_equipment_breakdown_repair_Coworker" (id, product_equipment_breakdown_repair_id, coworker_id) FROM stdin;
\.


--
-- Name: production_complex_product_equipment_breakdown_repair_id_seq; Type: SEQUENCE SET; Schema: public; Owner: request
--

SELECT pg_catalog.setval('public.production_complex_product_equipment_breakdown_repair_id_seq', 1, false);


--
-- Data for Name: production_complex_product_line_operator; Type: TABLE DATA; Schema: public; Owner: request
--

COPY public.production_complex_product_line_operator (id, "Line", "Gang", "Event", "Action", "DateTime_add", "DateTime_update", "Create_user_id", "Update_user_id", "Date_word", "Time_word", "Factory_id") FROM stdin;
\.


--
-- Data for Name: production_complex_product_line_operator_Coworker; Type: TABLE DATA; Schema: public; Owner: request
--

COPY public."production_complex_product_line_operator_Coworker" (id, product_line_operator_id, coworker_id) FROM stdin;
\.


--
-- Name: production_complex_product_line_operator_Coworker_id_seq; Type: SEQUENCE SET; Schema: public; Owner: request
--

SELECT pg_catalog.setval('public."production_complex_product_line_operator_Coworker_id_seq"', 1, false);


--
-- Name: production_complex_product_line_operator_id_seq; Type: SEQUENCE SET; Schema: public; Owner: request
--

SELECT pg_catalog.setval('public.production_complex_product_line_operator_id_seq', 1, false);


--
-- Data for Name: production_complex_product_packing_equipment_adjuster; Type: TABLE DATA; Schema: public; Owner: request
--

COPY public.production_complex_product_packing_equipment_adjuster (id, "Gang", "Event", "Action", "DateTime_add", "DateTime_update", "Create_user_id", "Update_user_id", "Date_word", "Time_word", "Factory_id") FROM stdin;
\.


--
-- Name: production_complex_product_packing_equipment_adjuster_Co_id_seq; Type: SEQUENCE SET; Schema: public; Owner: request
--

SELECT pg_catalog.setval('public."production_complex_product_packing_equipment_adjuster_Co_id_seq"', 1, false);


--
-- Data for Name: production_complex_product_packing_equipment_adjuster_Coworker; Type: TABLE DATA; Schema: public; Owner: request
--

COPY public."production_complex_product_packing_equipment_adjuster_Coworker" (id, product_packing_equipment_adjuster_id, coworker_id) FROM stdin;
\.


--
-- Name: production_complex_product_packing_equipment_adjuster_id_seq; Type: SEQUENCE SET; Schema: public; Owner: request
--

SELECT pg_catalog.setval('public.production_complex_product_packing_equipment_adjuster_id_seq', 1, false);


--
-- Data for Name: production_complex_product_work_plan; Type: TABLE DATA; Schema: public; Owner: request
--

COPY public.production_complex_product_work_plan (id, status_id, volume, "DateTime_add", "DateTime_update", "Create_user_id", "Update_user_id", product_id, date_end, date_start, equipement_id, type_task, status_descript, "Factory_id") FROM stdin;
4	\N	2.00	2019-04-19 22:31:22.701877+05	2019-04-19 22:31:22.701877+05	1	\N	3	\N	2019-04-10	1	tasks	\N	1
5	\N	10.00	2019-04-19 22:38:34.306563+05	2019-04-19 22:38:34.306563+05	1	\N	2	\N	2019-04-11	2	tasks	\N	1
8	\N	12.00	2019-04-20 01:10:13.186989+05	2019-04-20 01:10:13.186989+05	1	\N	4	\N	2019-04-09	1	tasks	\N	1
9	\N	5.00	2019-04-20 01:11:01.495752+05	2019-04-20 01:11:01.495752+05	1	\N	4	\N	2019-04-04	3	tasks	\N	1
6	3	\N	2019-04-20 00:49:51.056087+05	2019-04-20 00:49:51.057088+05	1	\N	\N	2019-04-04	2019-04-02	2	restriction	  	1
7	4	\N	2019-04-20 01:09:33.870741+05	2019-04-20 01:09:33.870741+05	1	\N	\N	2019-04-20	2019-04-15	3	restriction	   	1
10	\N	2.00	2019-05-05 19:43:09.396574+05	2019-05-05 19:43:09.396597+05	8	\N	3	\N	2019-05-06	1	tasks	\N	1
11	4	\N	2019-05-05 19:44:13.249909+05	2019-05-05 19:44:13.24993+05	8	\N	\N	2019-05-07	2019-05-07	1	restriction		1
\.


--
-- Name: production_complex_product_work_plan_id_seq; Type: SEQUENCE SET; Schema: public; Owner: request
--

SELECT pg_catalog.setval('public.production_complex_product_work_plan_id_seq', 11, true);


--
-- Data for Name: reference_books_area; Type: TABLE DATA; Schema: public; Owner: request
--

COPY public.reference_books_area (id, name, slug, lft, rght, tree_id, mptt_level, parent_id) FROM stdin;
\.


--
-- Name: reference_books_area_id_seq; Type: SEQUENCE SET; Schema: public; Owner: request
--

SELECT pg_catalog.setval('public.reference_books_area_id_seq', 1, false);


--
-- Data for Name: reference_books_bhm; Type: TABLE DATA; Schema: public; Owner: request
--

COPY public.reference_books_bhm (id, name, slug) FROM stdin;
1	 1	bhm_1
2	 2	bhm_2
3	 3	bhm_3
4	 4	bhm_4
\.


--
-- Name: reference_books_bhm_id_seq; Type: SEQUENCE SET; Schema: public; Owner: request
--

SELECT pg_catalog.setval('public.reference_books_bhm_id_seq', 6, true);


--
-- Data for Name: reference_books_cereal_crop; Type: TABLE DATA; Schema: public; Owner: request
--

COPY public.reference_books_cereal_crop (id, name) FROM stdin;
1	
2	
3	
4	
5	
6	
7	
8	
\.


--
-- Name: reference_books_cereal_crop_id_seq; Type: SEQUENCE SET; Schema: public; Owner: request
--

SELECT pg_catalog.setval('public.reference_books_cereal_crop_id_seq', 8, true);


--
-- Data for Name: reference_books_city; Type: TABLE DATA; Schema: public; Owner: request
--

COPY public.reference_books_city (id, "Name", slug) FROM stdin;
1		orsk
2		krasnodar
3	-	piter
\.


--
-- Name: reference_books_city_id_seq; Type: SEQUENCE SET; Schema: public; Owner: request
--

SELECT pg_catalog.setval('public.reference_books_city_id_seq', 3, true);


--
-- Data for Name: reference_books_constants; Type: TABLE DATA; Schema: public; Owner: request
--

COPY public.reference_books_constants (id, name, slug, value) FROM stdin;
\.


--
-- Name: reference_books_constants_id_seq; Type: SEQUENCE SET; Schema: public; Owner: request
--

SELECT pg_catalog.setval('public.reference_books_constants_id_seq', 1, false);


--
-- Data for Name: reference_books_coworker; Type: TABLE DATA; Schema: public; Owner: request
--

COPY public.reference_books_coworker (id, fullname, working, post_id, area_id) FROM stdin;
\.


--
-- Name: reference_books_coworker_id_seq; Type: SEQUENCE SET; Schema: public; Owner: request
--

SELECT pg_catalog.setval('public.reference_books_coworker_id_seq', 1, false);


--
-- Data for Name: reference_books_factory; Type: TABLE DATA; Schema: public; Owner: request
--

COPY public.reference_books_factory (id, "Name", "City_id", "Descript") FROM stdin;
1	  	1	  
2	  	2	 
3	  	3	 
\.


--
-- Data for Name: reference_books_fixed_assets; Type: TABLE DATA; Schema: public; Owner: request
--

COPY public.reference_books_fixed_assets (id, name, norm, area_id) FROM stdin;
\.


--
-- Name: reference_books_fixed_assets_id_seq; Type: SEQUENCE SET; Schema: public; Owner: request
--

SELECT pg_catalog.setval('public.reference_books_fixed_assets_id_seq', 1, false);


--
-- Data for Name: reference_books_machine_production; Type: TABLE DATA; Schema: public; Owner: request
--

COPY public.reference_books_machine_production (id, name, slug) FROM stdin;
1	 1 	buller1
3	 	pavan_korot
2	 2 	buller2
\.


--
-- Name: reference_books_machine_production_id_seq; Type: SEQUENCE SET; Schema: public; Owner: request
--

SELECT pg_catalog.setval('public.reference_books_machine_production_id_seq', 3, true);


--
-- Data for Name: reference_books_magnetic_installations; Type: TABLE DATA; Schema: public; Owner: request
--

COPY public.reference_books_magnetic_installations (id, name) FROM stdin;
\.


--
-- Name: reference_books_magnetic_installations_id_seq; Type: SEQUENCE SET; Schema: public; Owner: request
--

SELECT pg_catalog.setval('public.reference_books_magnetic_installations_id_seq', 1, false);


--
-- Data for Name: reference_books_partner; Type: TABLE DATA; Schema: public; Owner: request
--

COPY public.reference_books_partner (id, shortname, fullname, inn, type_id) FROM stdin;
29		 		1
30	-	 -		1
32		 		1
33		 		1
16		 		1
14		 		1
10		 		1
31	 	  		1
6	-	 -		1
43	 ..	 ..		1
5		 		1
19	 	  		1
36		 		1
38	 	  		1
40	  	   		1
24		 		1
34	 	  		1
9	 	   		1
1	 	 " "	5614073384	1
17	 	    		1
22		 		1
18		 		1
35	 	  		1
11	 	 ""		1
23	-3	 -3		1
28	 	  		1
7		 		1
42	 ..	 ..		2
25	 ..	 ..		2
26	 ..	 ..		2
27	 ..	 ..		2
37	 ..	 ..		2
39	 ..	 ..		2
41	 ..	 ..		2
44	 ..	 ..		2
45	 ..	 ..		2
46	 ..	 ..		2
47	 ..	 ..		2
48	 ..	 ..		2
8	 ..	 ..		2
12	 ..	 ..		2
13	 ..	 ..		2
15	 ..	 ..		2
20	 ..	 ..		2
21	 ..	 ..		2
2				2
4	 ..	 ..		2
\.


--
-- Data for Name: reference_books_posts; Type: TABLE DATA; Schema: public; Owner: request
--

COPY public.reference_books_posts (id, name) FROM stdin;
1	 
\.


--
-- Name: reference_books_posts_id_seq; Type: SEQUENCE SET; Schema: public; Owner: request
--

SELECT pg_catalog.setval('public.reference_books_posts_id_seq', 1, true);


--
-- Data for Name: reference_books_products; Type: TABLE DATA; Schema: public; Owner: request
--

COPY public.reference_books_products (id, name) FROM stdin;
2	
3	
4	
5	
6	
7	
8	
9	
1	
10	
\.


--
-- Name: reference_books_products_id_seq; Type: SEQUENCE SET; Schema: public; Owner: request
--

SELECT pg_catalog.setval('public.reference_books_products_id_seq', 10, true);


--
-- Name: reference_books_provider_id_seq; Type: SEQUENCE SET; Schema: public; Owner: request
--

SELECT pg_catalog.setval('public.reference_books_provider_id_seq', 50, true);


--
-- Name: reference_books_servicecompanies_id_seq; Type: SEQUENCE SET; Schema: public; Owner: request
--

SELECT pg_catalog.setval('public.reference_books_servicecompanies_id_seq', 3, true);


--
-- Data for Name: reference_books_sil; Type: TABLE DATA; Schema: public; Owner: request
--

COPY public.reference_books_sil (id, name, slug) FROM stdin;
1	 1	sil_1
2	 2	sil_2
3	 3	sil_3
\.


--
-- Name: reference_books_sil_id_seq; Type: SEQUENCE SET; Schema: public; Owner: request
--

SELECT pg_catalog.setval('public.reference_books_sil_id_seq', 3, true);


--
-- Data for Name: reference_books_status; Type: TABLE DATA; Schema: public; Owner: request
--

COPY public.reference_books_status (id, name, slug, color) FROM stdin;
\.


--
-- Name: reference_books_status_id_seq; Type: SEQUENCE SET; Schema: public; Owner: request
--

SELECT pg_catalog.setval('public.reference_books_status_id_seq', 1, false);


--
-- Data for Name: reference_books_status_machine; Type: TABLE DATA; Schema: public; Owner: request
--

COPY public.reference_books_status_machine (id, name, slug, class_b4_td) FROM stdin;
1		works	table-active
3		maintenance	table-warning
2		lieby	table-light
4		repairs	table-danger
\.


--
-- Name: reference_books_status_machine_id_seq; Type: SEQUENCE SET; Schema: public; Owner: request
--

SELECT pg_catalog.setval('public.reference_books_status_machine_id_seq', 4, true);


--
-- Data for Name: reference_books_status_task; Type: TABLE DATA; Schema: public; Owner: request
--

COPY public.reference_books_status_task (id, name, slug, color) FROM stdin;
1		open	\N
2		work	\N
3		complete	\N
4		confirmation	\N
5		control	\N
7		canceled	\N
\.


--
-- Name: reference_books_status_task_id_seq; Type: SEQUENCE SET; Schema: public; Owner: request
--

SELECT pg_catalog.setval('public.reference_books_status_task_id_seq', 7, true);


--
-- Data for Name: reference_books_tare; Type: TABLE DATA; Schema: public; Owner: request
--

COPY public.reference_books_tare (id, name) FROM stdin;
\.


--
-- Name: reference_books_tare_id_seq; Type: SEQUENCE SET; Schema: public; Owner: request
--

SELECT pg_catalog.setval('public.reference_books_tare_id_seq', 1, false);


--
-- Data for Name: reference_books_typenotification_task; Type: TABLE DATA; Schema: public; Owner: request
--

COPY public.reference_books_typenotification_task (id, name, slug, color) FROM stdin;
1		system	\N
2		sms	\N
3	 .	email	\N
4	 	nonotification	\N
\.


--
-- Name: reference_books_typenotification_task_id_seq; Type: SEQUENCE SET; Schema: public; Owner: request
--

SELECT pg_catalog.setval('public.reference_books_typenotification_task_id_seq', 4, true);


--
-- Data for Name: reference_books_types_client; Type: TABLE DATA; Schema: public; Owner: request
--

COPY public.reference_books_types_client (id, short_name, slug, full_name) FROM stdin;
2		businessman	 
1	.	company	
\.


--
-- Name: reference_books_types_client_id_seq; Type: SEQUENCE SET; Schema: public; Owner: request
--

SELECT pg_catalog.setval('public.reference_books_types_client_id_seq', 2, true);


--
-- Data for Name: schedule_calendar; Type: TABLE DATA; Schema: public; Owner: request
--

COPY public.schedule_calendar (id, name, slug) FROM stdin;
\.


--
-- Name: schedule_calendar_id_seq; Type: SEQUENCE SET; Schema: public; Owner: request
--

SELECT pg_catalog.setval('public.schedule_calendar_id_seq', 1, false);


--
-- Data for Name: schedule_calendarrelation; Type: TABLE DATA; Schema: public; Owner: request
--

COPY public.schedule_calendarrelation (id, object_id, distinction, inheritable, calendar_id, content_type_id) FROM stdin;
\.


--
-- Name: schedule_calendarrelation_id_seq; Type: SEQUENCE SET; Schema: public; Owner: request
--

SELECT pg_catalog.setval('public.schedule_calendarrelation_id_seq', 1, false);


--
-- Data for Name: schedule_event; Type: TABLE DATA; Schema: public; Owner: request
--

COPY public.schedule_event (id, start, "end", title, description, created_on, updated_on, end_recurring_period, calendar_id, creator_id, rule_id, color_event) FROM stdin;
\.


--
-- Name: schedule_event_id_seq; Type: SEQUENCE SET; Schema: public; Owner: request
--

SELECT pg_catalog.setval('public.schedule_event_id_seq', 1, false);


--
-- Data for Name: schedule_eventrelation; Type: TABLE DATA; Schema: public; Owner: request
--

COPY public.schedule_eventrelation (id, object_id, distinction, content_type_id, event_id) FROM stdin;
\.


--
-- Name: schedule_eventrelation_id_seq; Type: SEQUENCE SET; Schema: public; Owner: request
--

SELECT pg_catalog.setval('public.schedule_eventrelation_id_seq', 1, false);


--
-- Data for Name: schedule_occurrence; Type: TABLE DATA; Schema: public; Owner: request
--

COPY public.schedule_occurrence (id, title, description, start, "end", cancelled, original_start, original_end, created_on, updated_on, event_id) FROM stdin;
\.


--
-- Name: schedule_occurrence_id_seq; Type: SEQUENCE SET; Schema: public; Owner: request
--

SELECT pg_catalog.setval('public.schedule_occurrence_id_seq', 1, false);


--
-- Data for Name: schedule_rule; Type: TABLE DATA; Schema: public; Owner: request
--

COPY public.schedule_rule (id, name, description, frequency, params) FROM stdin;
\.


--
-- Name: schedule_rule_id_seq; Type: SEQUENCE SET; Schema: public; Owner: request
--

SELECT pg_catalog.setval('public.schedule_rule_id_seq', 1, false);


--
-- Data for Name: tasks_user_task; Type: TABLE DATA; Schema: public; Owner: request
--

COPY public.tasks_user_task (id, title, description, high_importance, "Create_user_id", "DateTime_add", "DateTime_update", notification_id, "Date_limit", "Time_limit", "Update_user_id", status_id, work_desc, author_id, read, executors_id, "Factory_id", confirmation) FROM stdin;
15		        (  ).	t	17	2019-04-05 09:49:38.516806+05	2019-04-05 09:49:38.516829+05	1	2019-04-05	10:23:00	\N	1		17	t	19	1	f
18	 	  ,     ()\r\n. 89033691867	f	37	2019-04-12 11:41:42.360821+05	2019-04-12 12:12:29.710073+05	3	2019-04-25	16:30:00	37	1		37	f	25	1	f
26	  .	   65  (    ).\r\n    101 .	f	17	2019-06-12 17:08:25.714822+05	2019-06-12 17:08:25.714846+05	1	2019-06-12	17:03:00	\N	1		17	f	19	1	f
17		  . 1	f	28	2019-04-10 11:49:20.340372+05	2019-04-16 09:58:00.858028+05	3	2019-04-09	16:30:00	14	3	.    .	28	t	2	1	f
11		    /     24 .!	f	24	2019-03-28 10:30:29.340411+05	2019-04-12 12:06:11.577034+05	3	2019-03-30	17:00:00	37	3		24	t	13	1	f
9	  	.  ..    	f	8	2019-03-25 15:50:36.338315+05	2019-03-25 15:51:32.169095+05	1	2019-05-31	12:41:00	8	3		8	t	2	1	f
12		      	f	8	2019-03-28 15:04:14.603714+05	2019-03-28 15:04:14.603748+05	3	2019-03-27	17:00:00	\N	1		8	t	2	1	f
24	  	       (,   - )	f	40	2019-06-04 09:50:10.926089+05	2019-06-04 16:46:14.983034+05	4	2019-06-04	17:01:00	40	3		40	f	15	1	f
10			f	11	2019-03-26 12:15:31.6837+05	2019-04-22 10:37:35.12577+05	1	2019-03-31	12:41:00	15	3		11	t	2	1	f
27		   	t	36	2019-06-13 15:00:01.222928+05	2019-06-13 15:00:01.222952+05	1	2019-06-13	14:55:00	\N	1		36	f	25	1	f
19	  	    	f	40	2019-05-22 17:04:55.546703+05	2019-05-29 17:05:18.161037+05	3	2019-05-24	16:46:00	40	3		40	f	21	1	f
13	 	1.        	f	12	2019-04-03 09:48:38.86885+05	2019-05-06 16:37:42.756386+05	1	2019-04-23	17:00:00	40	3	  . 1 - 30 	12	t	20	1	f
20	      12- .	      12- .      1,2,3,4,5,6  .\r\n(      )	f	8	2019-05-23 13:51:10.656083+05	2019-05-23 13:51:10.656106+05	3	2019-05-31	16:46:00	\N	1		8	f	5	1	f
2	 	    	f	8	2019-03-06 09:10:37.201088+05	2019-03-06 09:16:37.171162+05	1	2019-03-31	17:17:00	9	3	 .	8	t	1	1	f
14		  	f	33	2019-04-04 10:34:53.820737+05	2019-04-22 10:34:50.336209+05	3	2019-04-30	10:23:00	13	3		33	t	2	1	f
21	   12   23.05.19	  .. 22.05.19      .    ..       .	f	8	2019-05-24 15:13:38.11192+05	2019-05-24 15:13:38.111942+05	1	2019-05-27	15:10:00	\N	1		8	f	9	1	f
23	  	      /,  	f	40	2019-05-30 12:13:24.568481+05	2019-05-30 12:13:24.568506+05	3	2019-06-25	20:17:00	\N	1		40	f	21	1	f
5	 	        	f	8	2019-03-12 14:34:48.543085+05	2019-03-15 12:14:31.999217+05	3	2019-03-31	16:13:00	9	2		8	t	1	1	f
6	 		f	8	2019-03-12 14:35:27.562631+05	2019-03-13 11:23:36.013013+05	3	2019-03-31	16:13:00	9	2		8	t	1	1	f
22	 	 ,   (   .)	f	40	2019-05-30 11:17:19.271818+05	2019-06-04 16:47:37.011591+05	3	2019-06-08	20:17:00	40	3		40	t	13	1	f
25		     .	t	36	2019-06-10 22:43:50.297607+05	2019-06-10 22:43:50.297637+05	1	2019-06-10	20:55:00	\N	1		36	f	25	1	f
3		  	f	10	2019-03-06 11:16:56.073376+05	2019-06-13 16:21:05.060852+05	3	2019-03-06	16:17:00	14	3		10	t	2	1	f
16		     !!!!!!!!!!!!!!!!!	t	17	2019-04-05 09:51:29.354719+05	2019-06-13 16:20:47.332849+05	1	2019-04-05	10:23:00	14	3	1.      . ( .. . )	17	t	2	1	f
28		  	f	8	2019-06-20 16:57:42.623121+05	2019-06-20 17:00:01.87728+05	2	2019-06-28	16:21:00	8	3	 2  .  	8	t	2	1	f
4		   	f	8	2019-03-06 11:17:01.347911+05	2019-03-12 15:15:29.605865+05	3	2019-03-31	17:18:00	8	1		8	t	3	1	f
7	  GPS-  android   kivy, pyjnius?	Im new  KIVY, pyjnius  python-android.       Android,   GPS-. ,    ,      pyforandroid.   - /  ,       --?  !	f	1	2019-03-12 14:37:47.130109+05	2019-04-26 14:50:55.899453+05	1	2019-03-11	16:13:00	1	3		1	t	3	1	f
8	 	 . .1	f	12	2019-03-19 14:46:30.116837+05	2019-03-19 14:46:30.116857+05	3	2019-03-31	13:33:00	\N	1		12	t	2	1	f
1	 	    1 .	f	9	2019-03-06 09:07:28.611741+05	2019-03-06 09:18:00.92541+05	1	2019-03-07	17:17:00	8	3	  0,5%    	9	t	2	1	f
30	  	       .   "" 1 .	f	1	2019-07-18 15:37:24.811119+05	2019-07-18 16:36:19.019264+05	1	2019-07-18	15:16:00	\N	1	\N	1	t	18	1	f
\.


--
-- Name: tasks_user_task_id_seq; Type: SEQUENCE SET; Schema: public; Owner: request
--

SELECT pg_catalog.setval('public.tasks_user_task_id_seq', 30, true);


--
-- Name: account_profile_factory_pkey; Type: CONSTRAINT; Schema: public; Owner: request; Tablespace: 
--

ALTER TABLE ONLY public.account_profile_factory
    ADD CONSTRAINT account_profile_factory_pkey PRIMARY KEY (id);


--
-- Name: account_profile_factory_profile_id_factory_id_94670695_uniq; Type: CONSTRAINT; Schema: public; Owner: request; Tablespace: 
--

ALTER TABLE ONLY public.account_profile_factory
    ADD CONSTRAINT account_profile_factory_profile_id_factory_id_94670695_uniq UNIQUE (profile_id, factory_id);


--
-- Name: account_profile_pkey; Type: CONSTRAINT; Schema: public; Owner: request; Tablespace: 
--

ALTER TABLE ONLY public.account_profile
    ADD CONSTRAINT account_profile_pkey PRIMARY KEY (id);


--
-- Name: account_profile_user_id_key; Type: CONSTRAINT; Schema: public; Owner: request; Tablespace: 
--

ALTER TABLE ONLY public.account_profile
    ADD CONSTRAINT account_profile_user_id_key UNIQUE (user_id);


--
-- Name: auth_group_name_key; Type: CONSTRAINT; Schema: public; Owner: request; Tablespace: 
--

ALTER TABLE ONLY public.auth_group
    ADD CONSTRAINT auth_group_name_key UNIQUE (name);


--
-- Name: auth_group_permissions_group_id_permission_id_0cd325b0_uniq; Type: CONSTRAINT; Schema: public; Owner: request; Tablespace: 
--

ALTER TABLE ONLY public.auth_group_permissions
    ADD CONSTRAINT auth_group_permissions_group_id_permission_id_0cd325b0_uniq UNIQUE (group_id, permission_id);


--
-- Name: auth_group_permissions_pkey; Type: CONSTRAINT; Schema: public; Owner: request; Tablespace: 
--

ALTER TABLE ONLY public.auth_group_permissions
    ADD CONSTRAINT auth_group_permissions_pkey PRIMARY KEY (id);


--
-- Name: auth_group_pkey; Type: CONSTRAINT; Schema: public; Owner: request; Tablespace: 
--

ALTER TABLE ONLY public.auth_group
    ADD CONSTRAINT auth_group_pkey PRIMARY KEY (id);


--
-- Name: auth_permission_content_type_id_codename_01ab375a_uniq; Type: CONSTRAINT; Schema: public; Owner: request; Tablespace: 
--

ALTER TABLE ONLY public.auth_permission
    ADD CONSTRAINT auth_permission_content_type_id_codename_01ab375a_uniq UNIQUE (content_type_id, codename);


--
-- Name: auth_permission_pkey; Type: CONSTRAINT; Schema: public; Owner: request; Tablespace: 
--

ALTER TABLE ONLY public.auth_permission
    ADD CONSTRAINT auth_permission_pkey PRIMARY KEY (id);


--
-- Name: auth_user_groups_pkey; Type: CONSTRAINT; Schema: public; Owner: request; Tablespace: 
--

ALTER TABLE ONLY public.auth_user_groups
    ADD CONSTRAINT auth_user_groups_pkey PRIMARY KEY (id);


--
-- Name: auth_user_groups_user_id_group_id_94350c0c_uniq; Type: CONSTRAINT; Schema: public; Owner: request; Tablespace: 
--

ALTER TABLE ONLY public.auth_user_groups
    ADD CONSTRAINT auth_user_groups_user_id_group_id_94350c0c_uniq UNIQUE (user_id, group_id);


--
-- Name: auth_user_pkey; Type: CONSTRAINT; Schema: public; Owner: request; Tablespace: 
--

ALTER TABLE ONLY public.auth_user
    ADD CONSTRAINT auth_user_pkey PRIMARY KEY (id);


--
-- Name: auth_user_user_permissions_pkey; Type: CONSTRAINT; Schema: public; Owner: request; Tablespace: 
--

ALTER TABLE ONLY public.auth_user_user_permissions
    ADD CONSTRAINT auth_user_user_permissions_pkey PRIMARY KEY (id);


--
-- Name: auth_user_user_permissions_user_id_permission_id_14a6b632_uniq; Type: CONSTRAINT; Schema: public; Owner: request; Tablespace: 
--

ALTER TABLE ONLY public.auth_user_user_permissions
    ADD CONSTRAINT auth_user_user_permissions_user_id_permission_id_14a6b632_uniq UNIQUE (user_id, permission_id);


--
-- Name: auth_user_username_key; Type: CONSTRAINT; Schema: public; Owner: request; Tablespace: 
--

ALTER TABLE ONLY public.auth_user
    ADD CONSTRAINT auth_user_username_key UNIQUE (username);


--
-- Name: dashboard_menu_pkey; Type: CONSTRAINT; Schema: public; Owner: request; Tablespace: 
--

ALTER TABLE ONLY public.dashboard_menu
    ADD CONSTRAINT dashboard_menu_pkey PRIMARY KEY (id);


--
-- Name: dept_okk_okk_control_grain_moisture_pkey; Type: CONSTRAINT; Schema: public; Owner: request; Tablespace: 
--

ALTER TABLE ONLY public.dept_okk_okk_control_grain_moisture
    ADD CONSTRAINT dept_okk_okk_control_grain_moisture_pkey PRIMARY KEY (id);


--
-- Name: dept_okk_okk_operational_quality_control_flour_pkey; Type: CONSTRAINT; Schema: public; Owner: request; Tablespace: 
--

ALTER TABLE ONLY public.dept_okk_okk_operational_quality_control_flour
    ADD CONSTRAINT dept_okk_okk_operational_quality_control_flour_pkey PRIMARY KEY (id);


--
-- Name: dept_okk_okk_operational_quality_control_semolina_pkey; Type: CONSTRAINT; Schema: public; Owner: request; Tablespace: 
--

ALTER TABLE ONLY public.dept_okk_okk_operational_quality_control_semolina
    ADD CONSTRAINT dept_okk_okk_operational_quality_control_semolina_pkey PRIMARY KEY (id);


--
-- Name: dept_okk_okk_packproducts_quality_control_pkey; Type: CONSTRAINT; Schema: public; Owner: request; Tablespace: 
--

ALTER TABLE ONLY public.dept_okk_okk_packproducts_quality_control
    ADD CONSTRAINT dept_okk_okk_packproducts_quality_control_pkey PRIMARY KEY (id);


--
-- Name: dept_okk_okk_wheat_quality_control_pkey; Type: CONSTRAINT; Schema: public; Owner: request; Tablespace: 
--

ALTER TABLE ONLY public.dept_okk_okk_wheat_quality_control
    ADD CONSTRAINT dept_okk_okk_wheat_quality_control_pkey PRIMARY KEY (id);


--
-- Name: django_admin_log_pkey; Type: CONSTRAINT; Schema: public; Owner: request; Tablespace: 
--

ALTER TABLE ONLY public.django_admin_log
    ADD CONSTRAINT django_admin_log_pkey PRIMARY KEY (id);


--
-- Name: django_content_type_app_label_model_76bd3d3b_uniq; Type: CONSTRAINT; Schema: public; Owner: request; Tablespace: 
--

ALTER TABLE ONLY public.django_content_type
    ADD CONSTRAINT django_content_type_app_label_model_76bd3d3b_uniq UNIQUE (app_label, model);


--
-- Name: django_content_type_pkey; Type: CONSTRAINT; Schema: public; Owner: request; Tablespace: 
--

ALTER TABLE ONLY public.django_content_type
    ADD CONSTRAINT django_content_type_pkey PRIMARY KEY (id);


--
-- Name: django_migrations_pkey; Type: CONSTRAINT; Schema: public; Owner: request; Tablespace: 
--

ALTER TABLE ONLY public.django_migrations
    ADD CONSTRAINT django_migrations_pkey PRIMARY KEY (id);


--
-- Name: django_session_pkey; Type: CONSTRAINT; Schema: public; Owner: request; Tablespace: 
--

ALTER TABLE ONLY public.django_session
    ADD CONSTRAINT django_session_pkey PRIMARY KEY (session_key);


--
-- Name: mill_complex_elevator_grain_intake_pkey; Type: CONSTRAINT; Schema: public; Owner: request; Tablespace: 
--

ALTER TABLE ONLY public.mill_complex_elevator_grain_intake
    ADD CONSTRAINT mill_complex_elevator_grain_intake_pkey PRIMARY KEY (id);


--
-- Name: mill_complex_elevator_grain_waste_accounting_pkey; Type: CONSTRAINT; Schema: public; Owner: request; Tablespace: 
--

ALTER TABLE ONLY public.mill_complex_elevator_grain_waste_accounting
    ADD CONSTRAINT mill_complex_elevator_grain_waste_accounting_pkey PRIMARY KEY (id);


--
-- Name: mill_complex_elevator_shipment_wheat_to_mill_child_sil_pkey; Type: CONSTRAINT; Schema: public; Owner: request; Tablespace: 
--

ALTER TABLE ONLY public.mill_complex_elevator_shipment_wheat_to_mill_child_sil
    ADD CONSTRAINT mill_complex_elevator_shipment_wheat_to_mill_child_sil_pkey PRIMARY KEY (id);


--
-- Name: mill_complex_elevator_shipment_wheat_to_mill_pkey; Type: CONSTRAINT; Schema: public; Owner: request; Tablespace: 
--

ALTER TABLE ONLY public.mill_complex_elevator_shipment_wheat_to_mill
    ADD CONSTRAINT mill_complex_elevator_shipment_wheat_to_mill_pkey PRIMARY KEY (id);


--
-- Name: mill_complex_mill_bagging_pkey; Type: CONSTRAINT; Schema: public; Owner: request; Tablespace: 
--

ALTER TABLE ONLY public.mill_complex_mill_bagging
    ADD CONSTRAINT mill_complex_mill_bagging_pkey PRIMARY KEY (id);


--
-- Name: mill_complex_mill_contro_mill_control_magnetic_in_2dfa90e7_uniq; Type: CONSTRAINT; Schema: public; Owner: request; Tablespace: 
--

ALTER TABLE ONLY public."mill_complex_mill_control_magnetic_installations_CheckPassed"
    ADD CONSTRAINT mill_complex_mill_contro_mill_control_magnetic_in_2dfa90e7_uniq UNIQUE (mill_control_magnetic_installations_id, magnetic_installations_id);


--
-- Name: mill_complex_mill_contro_mill_control_magnetic_in_671920b1_uniq; Type: CONSTRAINT; Schema: public; Owner: request; Tablespace: 
--

ALTER TABLE ONLY public."mill_complex_mill_control_magnetic_installations_CheckFailed"
    ADD CONSTRAINT mill_complex_mill_contro_mill_control_magnetic_in_671920b1_uniq UNIQUE (mill_control_magnetic_installations_id, magnetic_installations_id);


--
-- Name: mill_complex_mill_control_magnetic_installations_CheckFail_pkey; Type: CONSTRAINT; Schema: public; Owner: request; Tablespace: 
--

ALTER TABLE ONLY public."mill_complex_mill_control_magnetic_installations_CheckFailed"
    ADD CONSTRAINT "mill_complex_mill_control_magnetic_installations_CheckFail_pkey" PRIMARY KEY (id);


--
-- Name: mill_complex_mill_control_magnetic_installations_CheckPass_pkey; Type: CONSTRAINT; Schema: public; Owner: request; Tablespace: 
--

ALTER TABLE ONLY public."mill_complex_mill_control_magnetic_installations_CheckPassed"
    ADD CONSTRAINT "mill_complex_mill_control_magnetic_installations_CheckPass_pkey" PRIMARY KEY (id);


--
-- Name: mill_complex_mill_control_magnetic_installations_pkey; Type: CONSTRAINT; Schema: public; Owner: request; Tablespace: 
--

ALTER TABLE ONLY public.mill_complex_mill_control_magnetic_installations
    ADD CONSTRAINT mill_complex_mill_control_magnetic_installations_pkey PRIMARY KEY (id);


--
-- Name: mill_complex_mill_grain_waste_accounting_pkey; Type: CONSTRAINT; Schema: public; Owner: request; Tablespace: 
--

ALTER TABLE ONLY public.mill_complex_mill_grain_waste_accounting
    ADD CONSTRAINT mill_complex_mill_grain_waste_accounting_pkey PRIMARY KEY (id);


--
-- Name: mill_complex_mill_laboratory_work_pkey; Type: CONSTRAINT; Schema: public; Owner: request; Tablespace: 
--

ALTER TABLE ONLY public.mill_complex_mill_laboratory_work
    ADD CONSTRAINT mill_complex_mill_laboratory_work_pkey PRIMARY KEY (id);


--
-- Name: mill_complex_mill_storage_flour_accounting_pkey; Type: CONSTRAINT; Schema: public; Owner: request; Tablespace: 
--

ALTER TABLE ONLY public.mill_complex_mill_storage_flour_accounting
    ADD CONSTRAINT mill_complex_mill_storage_flour_accounting_pkey PRIMARY KEY (id);


--
-- Name: mill_complex_mill_technological_child_bhm_pkey; Type: CONSTRAINT; Schema: public; Owner: request; Tablespace: 
--

ALTER TABLE ONLY public.mill_complex_mill_technological_child_bhm
    ADD CONSTRAINT mill_complex_mill_technological_child_bhm_pkey PRIMARY KEY (id);


--
-- Name: mill_complex_mill_technological_pkey; Type: CONSTRAINT; Schema: public; Owner: request; Tablespace: 
--

ALTER TABLE ONLY public.mill_complex_mill_technological
    ADD CONSTRAINT mill_complex_mill_technological_pkey PRIMARY KEY (id);


--
-- Name: production_complex_produ_product_equipment_breakd_9e73341f_uniq; Type: CONSTRAINT; Schema: public; Owner: request; Tablespace: 
--

ALTER TABLE ONLY public."production_complex_product_equipment_breakdown_repair_Coworker"
    ADD CONSTRAINT production_complex_produ_product_equipment_breakd_9e73341f_uniq UNIQUE (product_equipment_breakdown_repair_id, coworker_id);


--
-- Name: production_complex_produ_product_line_operator_id_3a165ff1_uniq; Type: CONSTRAINT; Schema: public; Owner: request; Tablespace: 
--

ALTER TABLE ONLY public."production_complex_product_line_operator_Coworker"
    ADD CONSTRAINT production_complex_produ_product_line_operator_id_3a165ff1_uniq UNIQUE (product_line_operator_id, coworker_id);


--
-- Name: production_complex_produ_product_packing_equipmen_2738eff9_uniq; Type: CONSTRAINT; Schema: public; Owner: request; Tablespace: 
--

ALTER TABLE ONLY public."production_complex_product_packing_equipment_adjuster_Coworker"
    ADD CONSTRAINT production_complex_produ_product_packing_equipmen_2738eff9_uniq UNIQUE (product_packing_equipment_adjuster_id, coworker_id);


--
-- Name: production_complex_product_equipment_breakdown_repair_Cowo_pkey; Type: CONSTRAINT; Schema: public; Owner: request; Tablespace: 
--

ALTER TABLE ONLY public."production_complex_product_equipment_breakdown_repair_Coworker"
    ADD CONSTRAINT "production_complex_product_equipment_breakdown_repair_Cowo_pkey" PRIMARY KEY (id);


--
-- Name: production_complex_product_equipment_breakdown_repair_pkey; Type: CONSTRAINT; Schema: public; Owner: request; Tablespace: 
--

ALTER TABLE ONLY public.production_complex_product_equipment_breakdown_repair
    ADD CONSTRAINT production_complex_product_equipment_breakdown_repair_pkey PRIMARY KEY (id);


--
-- Name: production_complex_product_line_operator_Coworker_pkey; Type: CONSTRAINT; Schema: public; Owner: request; Tablespace: 
--

ALTER TABLE ONLY public."production_complex_product_line_operator_Coworker"
    ADD CONSTRAINT "production_complex_product_line_operator_Coworker_pkey" PRIMARY KEY (id);


--
-- Name: production_complex_product_line_operator_pkey; Type: CONSTRAINT; Schema: public; Owner: request; Tablespace: 
--

ALTER TABLE ONLY public.production_complex_product_line_operator
    ADD CONSTRAINT production_complex_product_line_operator_pkey PRIMARY KEY (id);


--
-- Name: production_complex_product_packing_equipment_adjuster_Cowo_pkey; Type: CONSTRAINT; Schema: public; Owner: request; Tablespace: 
--

ALTER TABLE ONLY public."production_complex_product_packing_equipment_adjuster_Coworker"
    ADD CONSTRAINT "production_complex_product_packing_equipment_adjuster_Cowo_pkey" PRIMARY KEY (id);


--
-- Name: production_complex_product_packing_equipment_adjuster_pkey; Type: CONSTRAINT; Schema: public; Owner: request; Tablespace: 
--

ALTER TABLE ONLY public.production_complex_product_packing_equipment_adjuster
    ADD CONSTRAINT production_complex_product_packing_equipment_adjuster_pkey PRIMARY KEY (id);


--
-- Name: production_complex_product_work_plan_pkey; Type: CONSTRAINT; Schema: public; Owner: request; Tablespace: 
--

ALTER TABLE ONLY public.production_complex_product_work_plan
    ADD CONSTRAINT production_complex_product_work_plan_pkey PRIMARY KEY (id);


--
-- Name: reference_books_area_pkey; Type: CONSTRAINT; Schema: public; Owner: request; Tablespace: 
--

ALTER TABLE ONLY public.reference_books_area
    ADD CONSTRAINT reference_books_area_pkey PRIMARY KEY (id);


--
-- Name: reference_books_bhm_pkey; Type: CONSTRAINT; Schema: public; Owner: request; Tablespace: 
--

ALTER TABLE ONLY public.reference_books_bhm
    ADD CONSTRAINT reference_books_bhm_pkey PRIMARY KEY (id);


--
-- Name: reference_books_bhm_slug_key; Type: CONSTRAINT; Schema: public; Owner: request; Tablespace: 
--

ALTER TABLE ONLY public.reference_books_bhm
    ADD CONSTRAINT reference_books_bhm_slug_key UNIQUE (slug);


--
-- Name: reference_books_cereal_crop_pkey; Type: CONSTRAINT; Schema: public; Owner: request; Tablespace: 
--

ALTER TABLE ONLY public.reference_books_cereal_crop
    ADD CONSTRAINT reference_books_cereal_crop_pkey PRIMARY KEY (id);


--
-- Name: reference_books_city_pkey; Type: CONSTRAINT; Schema: public; Owner: request; Tablespace: 
--

ALTER TABLE ONLY public.reference_books_city
    ADD CONSTRAINT reference_books_city_pkey PRIMARY KEY (id);


--
-- Name: reference_books_constants_pkey; Type: CONSTRAINT; Schema: public; Owner: request; Tablespace: 
--

ALTER TABLE ONLY public.reference_books_constants
    ADD CONSTRAINT reference_books_constants_pkey PRIMARY KEY (id);


--
-- Name: reference_books_coworker_pkey; Type: CONSTRAINT; Schema: public; Owner: request; Tablespace: 
--

ALTER TABLE ONLY public.reference_books_coworker
    ADD CONSTRAINT reference_books_coworker_pkey PRIMARY KEY (id);


--
-- Name: reference_books_fixed_assets_pkey; Type: CONSTRAINT; Schema: public; Owner: request; Tablespace: 
--

ALTER TABLE ONLY public.reference_books_fixed_assets
    ADD CONSTRAINT reference_books_fixed_assets_pkey PRIMARY KEY (id);


--
-- Name: reference_books_machine_production_pkey; Type: CONSTRAINT; Schema: public; Owner: request; Tablespace: 
--

ALTER TABLE ONLY public.reference_books_machine_production
    ADD CONSTRAINT reference_books_machine_production_pkey PRIMARY KEY (id);


--
-- Name: reference_books_magnetic_installations_pkey; Type: CONSTRAINT; Schema: public; Owner: request; Tablespace: 
--

ALTER TABLE ONLY public.reference_books_magnetic_installations
    ADD CONSTRAINT reference_books_magnetic_installations_pkey PRIMARY KEY (id);


--
-- Name: reference_books_posts_pkey; Type: CONSTRAINT; Schema: public; Owner: request; Tablespace: 
--

ALTER TABLE ONLY public.reference_books_posts
    ADD CONSTRAINT reference_books_posts_pkey PRIMARY KEY (id);


--
-- Name: reference_books_products_pkey; Type: CONSTRAINT; Schema: public; Owner: request; Tablespace: 
--

ALTER TABLE ONLY public.reference_books_products
    ADD CONSTRAINT reference_books_products_pkey PRIMARY KEY (id);


--
-- Name: reference_books_provider_pkey; Type: CONSTRAINT; Schema: public; Owner: request; Tablespace: 
--

ALTER TABLE ONLY public.reference_books_partner
    ADD CONSTRAINT reference_books_provider_pkey PRIMARY KEY (id);


--
-- Name: reference_books_servicecompanies_pkey; Type: CONSTRAINT; Schema: public; Owner: request; Tablespace: 
--

ALTER TABLE ONLY public.reference_books_factory
    ADD CONSTRAINT reference_books_servicecompanies_pkey PRIMARY KEY (id);


--
-- Name: reference_books_sil_pkey; Type: CONSTRAINT; Schema: public; Owner: request; Tablespace: 
--

ALTER TABLE ONLY public.reference_books_sil
    ADD CONSTRAINT reference_books_sil_pkey PRIMARY KEY (id);


--
-- Name: reference_books_sil_slug_key; Type: CONSTRAINT; Schema: public; Owner: request; Tablespace: 
--

ALTER TABLE ONLY public.reference_books_sil
    ADD CONSTRAINT reference_books_sil_slug_key UNIQUE (slug);


--
-- Name: reference_books_status_machine_pkey; Type: CONSTRAINT; Schema: public; Owner: request; Tablespace: 
--

ALTER TABLE ONLY public.reference_books_status_machine
    ADD CONSTRAINT reference_books_status_machine_pkey PRIMARY KEY (id);


--
-- Name: reference_books_status_pkey; Type: CONSTRAINT; Schema: public; Owner: request; Tablespace: 
--

ALTER TABLE ONLY public.reference_books_status
    ADD CONSTRAINT reference_books_status_pkey PRIMARY KEY (id);


--
-- Name: reference_books_status_slug_key; Type: CONSTRAINT; Schema: public; Owner: request; Tablespace: 
--

ALTER TABLE ONLY public.reference_books_status
    ADD CONSTRAINT reference_books_status_slug_key UNIQUE (slug);


--
-- Name: reference_books_status_task_pkey; Type: CONSTRAINT; Schema: public; Owner: request; Tablespace: 
--

ALTER TABLE ONLY public.reference_books_status_task
    ADD CONSTRAINT reference_books_status_task_pkey PRIMARY KEY (id);


--
-- Name: reference_books_status_task_slug_key; Type: CONSTRAINT; Schema: public; Owner: request; Tablespace: 
--

ALTER TABLE ONLY public.reference_books_status_task
    ADD CONSTRAINT reference_books_status_task_slug_key UNIQUE (slug);


--
-- Name: reference_books_tare_pkey; Type: CONSTRAINT; Schema: public; Owner: request; Tablespace: 
--

ALTER TABLE ONLY public.reference_books_tare
    ADD CONSTRAINT reference_books_tare_pkey PRIMARY KEY (id);


--
-- Name: reference_books_typenotification_task_pkey; Type: CONSTRAINT; Schema: public; Owner: request; Tablespace: 
--

ALTER TABLE ONLY public.reference_books_typenotification_task
    ADD CONSTRAINT reference_books_typenotification_task_pkey PRIMARY KEY (id);


--
-- Name: reference_books_typenotification_task_slug_key; Type: CONSTRAINT; Schema: public; Owner: request; Tablespace: 
--

ALTER TABLE ONLY public.reference_books_typenotification_task
    ADD CONSTRAINT reference_books_typenotification_task_slug_key UNIQUE (slug);


--
-- Name: reference_books_types_client_pkey; Type: CONSTRAINT; Schema: public; Owner: request; Tablespace: 
--

ALTER TABLE ONLY public.reference_books_types_client
    ADD CONSTRAINT reference_books_types_client_pkey PRIMARY KEY (id);


--
-- Name: reference_books_types_client_slug_key; Type: CONSTRAINT; Schema: public; Owner: request; Tablespace: 
--

ALTER TABLE ONLY public.reference_books_types_client
    ADD CONSTRAINT reference_books_types_client_slug_key UNIQUE (slug);


--
-- Name: schedule_calendar_pkey; Type: CONSTRAINT; Schema: public; Owner: request; Tablespace: 
--

ALTER TABLE ONLY public.schedule_calendar
    ADD CONSTRAINT schedule_calendar_pkey PRIMARY KEY (id);


--
-- Name: schedule_calendarrelation_pkey; Type: CONSTRAINT; Schema: public; Owner: request; Tablespace: 
--

ALTER TABLE ONLY public.schedule_calendarrelation
    ADD CONSTRAINT schedule_calendarrelation_pkey PRIMARY KEY (id);


--
-- Name: schedule_event_pkey; Type: CONSTRAINT; Schema: public; Owner: request; Tablespace: 
--

ALTER TABLE ONLY public.schedule_event
    ADD CONSTRAINT schedule_event_pkey PRIMARY KEY (id);


--
-- Name: schedule_eventrelation_pkey; Type: CONSTRAINT; Schema: public; Owner: request; Tablespace: 
--

ALTER TABLE ONLY public.schedule_eventrelation
    ADD CONSTRAINT schedule_eventrelation_pkey PRIMARY KEY (id);


--
-- Name: schedule_occurrence_pkey; Type: CONSTRAINT; Schema: public; Owner: request; Tablespace: 
--

ALTER TABLE ONLY public.schedule_occurrence
    ADD CONSTRAINT schedule_occurrence_pkey PRIMARY KEY (id);


--
-- Name: schedule_rule_pkey; Type: CONSTRAINT; Schema: public; Owner: request; Tablespace: 
--

ALTER TABLE ONLY public.schedule_rule
    ADD CONSTRAINT schedule_rule_pkey PRIMARY KEY (id);


--
-- Name: tasks_user_task_pkey; Type: CONSTRAINT; Schema: public; Owner: request; Tablespace: 
--

ALTER TABLE ONLY public.tasks_user_task
    ADD CONSTRAINT tasks_user_task_pkey PRIMARY KEY (id);


--
-- Name: account_profile_factory_current_id_687ca4d5; Type: INDEX; Schema: public; Owner: request; Tablespace: 
--

CREATE INDEX account_profile_factory_current_id_687ca4d5 ON public.account_profile USING btree (factory_current_id);


--
-- Name: account_profile_factory_default_id_1a0c2594; Type: INDEX; Schema: public; Owner: request; Tablespace: 
--

CREATE INDEX account_profile_factory_default_id_1a0c2594 ON public.account_profile USING btree (factory_default_id);


--
-- Name: account_profile_factory_factory_id_d9581ce2; Type: INDEX; Schema: public; Owner: request; Tablespace: 
--

CREATE INDEX account_profile_factory_factory_id_d9581ce2 ON public.account_profile_factory USING btree (factory_id);


--
-- Name: account_profile_factory_profile_id_2e881581; Type: INDEX; Schema: public; Owner: request; Tablespace: 
--

CREATE INDEX account_profile_factory_profile_id_2e881581 ON public.account_profile_factory USING btree (profile_id);


--
-- Name: auth_group_name_a6ea08ec_like; Type: INDEX; Schema: public; Owner: request; Tablespace: 
--

CREATE INDEX auth_group_name_a6ea08ec_like ON public.auth_group USING btree (name varchar_pattern_ops);


--
-- Name: auth_group_permissions_group_id_b120cbf9; Type: INDEX; Schema: public; Owner: request; Tablespace: 
--

CREATE INDEX auth_group_permissions_group_id_b120cbf9 ON public.auth_group_permissions USING btree (group_id);


--
-- Name: auth_group_permissions_permission_id_84c5c92e; Type: INDEX; Schema: public; Owner: request; Tablespace: 
--

CREATE INDEX auth_group_permissions_permission_id_84c5c92e ON public.auth_group_permissions USING btree (permission_id);


--
-- Name: auth_permission_content_type_id_2f476e4b; Type: INDEX; Schema: public; Owner: request; Tablespace: 
--

CREATE INDEX auth_permission_content_type_id_2f476e4b ON public.auth_permission USING btree (content_type_id);


--
-- Name: auth_user_groups_group_id_97559544; Type: INDEX; Schema: public; Owner: request; Tablespace: 
--

CREATE INDEX auth_user_groups_group_id_97559544 ON public.auth_user_groups USING btree (group_id);


--
-- Name: auth_user_groups_user_id_6a12ed8b; Type: INDEX; Schema: public; Owner: request; Tablespace: 
--

CREATE INDEX auth_user_groups_user_id_6a12ed8b ON public.auth_user_groups USING btree (user_id);


--
-- Name: auth_user_user_permissions_permission_id_1fbb5f2c; Type: INDEX; Schema: public; Owner: request; Tablespace: 
--

CREATE INDEX auth_user_user_permissions_permission_id_1fbb5f2c ON public.auth_user_user_permissions USING btree (permission_id);


--
-- Name: auth_user_user_permissions_user_id_a95ead1b; Type: INDEX; Schema: public; Owner: request; Tablespace: 
--

CREATE INDEX auth_user_user_permissions_user_id_a95ead1b ON public.auth_user_user_permissions USING btree (user_id);


--
-- Name: auth_user_username_6821ab7c_like; Type: INDEX; Schema: public; Owner: request; Tablespace: 
--

CREATE INDEX auth_user_username_6821ab7c_like ON public.auth_user USING btree (username varchar_pattern_ops);


--
-- Name: dashboard_menu_lft_ebe402e5; Type: INDEX; Schema: public; Owner: request; Tablespace: 
--

CREATE INDEX dashboard_menu_lft_ebe402e5 ON public.dashboard_menu USING btree (lft);


--
-- Name: dashboard_menu_mptt_level_4c2abae2; Type: INDEX; Schema: public; Owner: request; Tablespace: 
--

CREATE INDEX dashboard_menu_mptt_level_4c2abae2 ON public.dashboard_menu USING btree (mptt_level);


--
-- Name: dashboard_menu_parent_id_03cd772d; Type: INDEX; Schema: public; Owner: request; Tablespace: 
--

CREATE INDEX dashboard_menu_parent_id_03cd772d ON public.dashboard_menu USING btree (parent_id);


--
-- Name: dashboard_menu_rght_7bbd7a7b; Type: INDEX; Schema: public; Owner: request; Tablespace: 
--

CREATE INDEX dashboard_menu_rght_7bbd7a7b ON public.dashboard_menu USING btree (rght);


--
-- Name: dashboard_menu_slug_b637bddb; Type: INDEX; Schema: public; Owner: request; Tablespace: 
--

CREATE INDEX dashboard_menu_slug_b637bddb ON public.dashboard_menu USING btree (slug);


--
-- Name: dashboard_menu_slug_b637bddb_like; Type: INDEX; Schema: public; Owner: request; Tablespace: 
--

CREATE INDEX dashboard_menu_slug_b637bddb_like ON public.dashboard_menu USING btree (slug varchar_pattern_ops);


--
-- Name: dashboard_menu_tree_id_270d04a1; Type: INDEX; Schema: public; Owner: request; Tablespace: 
--

CREATE INDEX dashboard_menu_tree_id_270d04a1 ON public.dashboard_menu USING btree (tree_id);


--
-- Name: dept_okk_okk_control_grain_moisture_Create_user_id_db50d221; Type: INDEX; Schema: public; Owner: request; Tablespace: 
--

CREATE INDEX "dept_okk_okk_control_grain_moisture_Create_user_id_db50d221" ON public.dept_okk_okk_control_grain_moisture USING btree ("Create_user_id");


--
-- Name: dept_okk_okk_control_grain_moisture_Factory_id_3e382919; Type: INDEX; Schema: public; Owner: request; Tablespace: 
--

CREATE INDEX "dept_okk_okk_control_grain_moisture_Factory_id_3e382919" ON public.dept_okk_okk_control_grain_moisture USING btree ("Factory_id");


--
-- Name: dept_okk_okk_control_grain_moisture_Update_user_id_d18d5bf2; Type: INDEX; Schema: public; Owner: request; Tablespace: 
--

CREATE INDEX "dept_okk_okk_control_grain_moisture_Update_user_id_d18d5bf2" ON public.dept_okk_okk_control_grain_moisture USING btree ("Update_user_id");


--
-- Name: dept_okk_okk_operational_q_Create_user_id_10cf2b12; Type: INDEX; Schema: public; Owner: request; Tablespace: 
--

CREATE INDEX "dept_okk_okk_operational_q_Create_user_id_10cf2b12" ON public.dept_okk_okk_operational_quality_control_flour USING btree ("Create_user_id");


--
-- Name: dept_okk_okk_operational_q_Create_user_id_a7ba20c8; Type: INDEX; Schema: public; Owner: request; Tablespace: 
--

CREATE INDEX "dept_okk_okk_operational_q_Create_user_id_a7ba20c8" ON public.dept_okk_okk_operational_quality_control_semolina USING btree ("Create_user_id");


--
-- Name: dept_okk_okk_operational_q_Factory_id_a8b3ca23; Type: INDEX; Schema: public; Owner: request; Tablespace: 
--

CREATE INDEX "dept_okk_okk_operational_q_Factory_id_a8b3ca23" ON public.dept_okk_okk_operational_quality_control_flour USING btree ("Factory_id");


--
-- Name: dept_okk_okk_operational_q_Factory_id_bf1f3f93; Type: INDEX; Schema: public; Owner: request; Tablespace: 
--

CREATE INDEX "dept_okk_okk_operational_q_Factory_id_bf1f3f93" ON public.dept_okk_okk_operational_quality_control_semolina USING btree ("Factory_id");


--
-- Name: dept_okk_okk_operational_q_Update_user_id_8d08ec72; Type: INDEX; Schema: public; Owner: request; Tablespace: 
--

CREATE INDEX "dept_okk_okk_operational_q_Update_user_id_8d08ec72" ON public.dept_okk_okk_operational_quality_control_semolina USING btree ("Update_user_id");


--
-- Name: dept_okk_okk_operational_q_Update_user_id_cb0175c0; Type: INDEX; Schema: public; Owner: request; Tablespace: 
--

CREATE INDEX "dept_okk_okk_operational_q_Update_user_id_cb0175c0" ON public.dept_okk_okk_operational_quality_control_flour USING btree ("Update_user_id");


--
-- Name: dept_okk_okk_packproducts__Create_user_id_f595d4b2; Type: INDEX; Schema: public; Owner: request; Tablespace: 
--

CREATE INDEX "dept_okk_okk_packproducts__Create_user_id_f595d4b2" ON public.dept_okk_okk_packproducts_quality_control USING btree ("Create_user_id");


--
-- Name: dept_okk_okk_packproducts__Update_user_id_9c07c469; Type: INDEX; Schema: public; Owner: request; Tablespace: 
--

CREATE INDEX "dept_okk_okk_packproducts__Update_user_id_9c07c469" ON public.dept_okk_okk_packproducts_quality_control USING btree ("Update_user_id");


--
-- Name: dept_okk_okk_packproducts_quality_control_Factory_id_e1e1b5eb; Type: INDEX; Schema: public; Owner: request; Tablespace: 
--

CREATE INDEX "dept_okk_okk_packproducts_quality_control_Factory_id_e1e1b5eb" ON public.dept_okk_okk_packproducts_quality_control USING btree ("Factory_id");


--
-- Name: dept_okk_okk_packproducts_quality_control_Product_id_2d5f17e8; Type: INDEX; Schema: public; Owner: request; Tablespace: 
--

CREATE INDEX "dept_okk_okk_packproducts_quality_control_Product_id_2d5f17e8" ON public.dept_okk_okk_packproducts_quality_control USING btree ("Product_id");


--
-- Name: dept_okk_okk_wheat_quality_control_CerealCrop_id_6e9ae596; Type: INDEX; Schema: public; Owner: request; Tablespace: 
--

CREATE INDEX "dept_okk_okk_wheat_quality_control_CerealCrop_id_6e9ae596" ON public.dept_okk_okk_wheat_quality_control USING btree ("CerealCrop_id");


--
-- Name: dept_okk_okk_wheat_quality_control_Create_user_id_7dc7a83d; Type: INDEX; Schema: public; Owner: request; Tablespace: 
--

CREATE INDEX "dept_okk_okk_wheat_quality_control_Create_user_id_7dc7a83d" ON public.dept_okk_okk_wheat_quality_control USING btree ("Create_user_id");


--
-- Name: dept_okk_okk_wheat_quality_control_Factory_id_89da6f9b; Type: INDEX; Schema: public; Owner: request; Tablespace: 
--

CREATE INDEX "dept_okk_okk_wheat_quality_control_Factory_id_89da6f9b" ON public.dept_okk_okk_wheat_quality_control USING btree ("Factory_id");


--
-- Name: dept_okk_okk_wheat_quality_control_Provider_id_57507496; Type: INDEX; Schema: public; Owner: request; Tablespace: 
--

CREATE INDEX "dept_okk_okk_wheat_quality_control_Provider_id_57507496" ON public.dept_okk_okk_wheat_quality_control USING btree ("Provider_id");


--
-- Name: dept_okk_okk_wheat_quality_control_Update_user_id_65638934; Type: INDEX; Schema: public; Owner: request; Tablespace: 
--

CREATE INDEX "dept_okk_okk_wheat_quality_control_Update_user_id_65638934" ON public.dept_okk_okk_wheat_quality_control USING btree ("Update_user_id");


--
-- Name: django_admin_log_content_type_id_c4bce8eb; Type: INDEX; Schema: public; Owner: request; Tablespace: 
--

CREATE INDEX django_admin_log_content_type_id_c4bce8eb ON public.django_admin_log USING btree (content_type_id);


--
-- Name: django_admin_log_user_id_c564eba6; Type: INDEX; Schema: public; Owner: request; Tablespace: 
--

CREATE INDEX django_admin_log_user_id_c564eba6 ON public.django_admin_log USING btree (user_id);


--
-- Name: django_session_expire_date_a5c62663; Type: INDEX; Schema: public; Owner: request; Tablespace: 
--

CREATE INDEX django_session_expire_date_a5c62663 ON public.django_session USING btree (expire_date);


--
-- Name: django_session_session_key_c0390e0f_like; Type: INDEX; Schema: public; Owner: request; Tablespace: 
--

CREATE INDEX django_session_session_key_c0390e0f_like ON public.django_session USING btree (session_key varchar_pattern_ops);


--
-- Name: mill_complex_elevator_grai_Create_user_id_1b64db77; Type: INDEX; Schema: public; Owner: request; Tablespace: 
--

CREATE INDEX "mill_complex_elevator_grai_Create_user_id_1b64db77" ON public.mill_complex_elevator_grain_waste_accounting USING btree ("Create_user_id");


--
-- Name: mill_complex_elevator_grai_Factory_id_5c3418b8; Type: INDEX; Schema: public; Owner: request; Tablespace: 
--

CREATE INDEX "mill_complex_elevator_grai_Factory_id_5c3418b8" ON public.mill_complex_elevator_grain_waste_accounting USING btree ("Factory_id");


--
-- Name: mill_complex_elevator_grai_Update_user_id_c416b27e; Type: INDEX; Schema: public; Owner: request; Tablespace: 
--

CREATE INDEX "mill_complex_elevator_grai_Update_user_id_c416b27e" ON public.mill_complex_elevator_grain_waste_accounting USING btree ("Update_user_id");


--
-- Name: mill_complex_elevator_grain_intake_CerealCrop_id_8b33febc; Type: INDEX; Schema: public; Owner: request; Tablespace: 
--

CREATE INDEX "mill_complex_elevator_grain_intake_CerealCrop_id_8b33febc" ON public.mill_complex_elevator_grain_intake USING btree ("CerealCrop_id");


--
-- Name: mill_complex_elevator_grain_intake_Create_user_id_016e91f6; Type: INDEX; Schema: public; Owner: request; Tablespace: 
--

CREATE INDEX "mill_complex_elevator_grain_intake_Create_user_id_016e91f6" ON public.mill_complex_elevator_grain_intake USING btree ("Create_user_id");


--
-- Name: mill_complex_elevator_grain_intake_Factory_id_9a53a829; Type: INDEX; Schema: public; Owner: request; Tablespace: 
--

CREATE INDEX "mill_complex_elevator_grain_intake_Factory_id_9a53a829" ON public.mill_complex_elevator_grain_intake USING btree ("Factory_id");


--
-- Name: mill_complex_elevator_grain_intake_Provider_id_1238cb90; Type: INDEX; Schema: public; Owner: request; Tablespace: 
--

CREATE INDEX "mill_complex_elevator_grain_intake_Provider_id_1238cb90" ON public.mill_complex_elevator_grain_intake USING btree ("Provider_id");


--
-- Name: mill_complex_elevator_grain_intake_Update_user_id_c8140cbc; Type: INDEX; Schema: public; Owner: request; Tablespace: 
--

CREATE INDEX "mill_complex_elevator_grain_intake_Update_user_id_c8140cbc" ON public.mill_complex_elevator_grain_intake USING btree ("Update_user_id");


--
-- Name: mill_complex_elevator_ship_Create_user_id_ad2997b1; Type: INDEX; Schema: public; Owner: request; Tablespace: 
--

CREATE INDEX "mill_complex_elevator_ship_Create_user_id_ad2997b1" ON public.mill_complex_elevator_shipment_wheat_to_mill USING btree ("Create_user_id");


--
-- Name: mill_complex_elevator_ship_Factory_id_2da62134; Type: INDEX; Schema: public; Owner: request; Tablespace: 
--

CREATE INDEX "mill_complex_elevator_ship_Factory_id_2da62134" ON public.mill_complex_elevator_shipment_wheat_to_mill USING btree ("Factory_id");


--
-- Name: mill_complex_elevator_ship_Update_user_id_5161bb6d; Type: INDEX; Schema: public; Owner: request; Tablespace: 
--

CREATE INDEX "mill_complex_elevator_ship_Update_user_id_5161bb6d" ON public.mill_complex_elevator_shipment_wheat_to_mill USING btree ("Update_user_id");


--
-- Name: mill_complex_elevator_ship_parent_table_id_7a573332; Type: INDEX; Schema: public; Owner: request; Tablespace: 
--

CREATE INDEX mill_complex_elevator_ship_parent_table_id_7a573332 ON public.mill_complex_elevator_shipment_wheat_to_mill_child_sil USING btree (parent_table_id);


--
-- Name: mill_complex_elevator_ship_sil_num_id_3a4a491f; Type: INDEX; Schema: public; Owner: request; Tablespace: 
--

CREATE INDEX mill_complex_elevator_ship_sil_num_id_3a4a491f ON public.mill_complex_elevator_shipment_wheat_to_mill_child_sil USING btree (sil_num_id);


--
-- Name: mill_complex_mill_bagging_Create_user_id_a12656c7; Type: INDEX; Schema: public; Owner: request; Tablespace: 
--

CREATE INDEX "mill_complex_mill_bagging_Create_user_id_a12656c7" ON public.mill_complex_mill_bagging USING btree ("Create_user_id");


--
-- Name: mill_complex_mill_bagging_Factory_id_78050eea; Type: INDEX; Schema: public; Owner: request; Tablespace: 
--

CREATE INDEX "mill_complex_mill_bagging_Factory_id_78050eea" ON public.mill_complex_mill_bagging USING btree ("Factory_id");


--
-- Name: mill_complex_mill_bagging_Update_user_id_37344db6; Type: INDEX; Schema: public; Owner: request; Tablespace: 
--

CREATE INDEX "mill_complex_mill_bagging_Update_user_id_37344db6" ON public.mill_complex_mill_bagging USING btree ("Update_user_id");


--
-- Name: mill_complex_mill_control__Create_user_id_16924505; Type: INDEX; Schema: public; Owner: request; Tablespace: 
--

CREATE INDEX "mill_complex_mill_control__Create_user_id_16924505" ON public.mill_complex_mill_control_magnetic_installations USING btree ("Create_user_id");


--
-- Name: mill_complex_mill_control__Factory_id_01bc86d1; Type: INDEX; Schema: public; Owner: request; Tablespace: 
--

CREATE INDEX "mill_complex_mill_control__Factory_id_01bc86d1" ON public.mill_complex_mill_control_magnetic_installations USING btree ("Factory_id");


--
-- Name: mill_complex_mill_control__Update_user_id_8a7142ae; Type: INDEX; Schema: public; Owner: request; Tablespace: 
--

CREATE INDEX "mill_complex_mill_control__Update_user_id_8a7142ae" ON public.mill_complex_mill_control_magnetic_installations USING btree ("Update_user_id");


--
-- Name: mill_complex_mill_control__magnetic_installations_id_1c519251; Type: INDEX; Schema: public; Owner: request; Tablespace: 
--

CREATE INDEX mill_complex_mill_control__magnetic_installations_id_1c519251 ON public."mill_complex_mill_control_magnetic_installations_CheckPassed" USING btree (magnetic_installations_id);


--
-- Name: mill_complex_mill_control__magnetic_installations_id_6c9b4027; Type: INDEX; Schema: public; Owner: request; Tablespace: 
--

CREATE INDEX mill_complex_mill_control__magnetic_installations_id_6c9b4027 ON public."mill_complex_mill_control_magnetic_installations_CheckFailed" USING btree (magnetic_installations_id);


--
-- Name: mill_complex_mill_control__mill_control_magnetic_inst_4884fd8a; Type: INDEX; Schema: public; Owner: request; Tablespace: 
--

CREATE INDEX mill_complex_mill_control__mill_control_magnetic_inst_4884fd8a ON public."mill_complex_mill_control_magnetic_installations_CheckPassed" USING btree (mill_control_magnetic_installations_id);


--
-- Name: mill_complex_mill_control__mill_control_magnetic_inst_d956b266; Type: INDEX; Schema: public; Owner: request; Tablespace: 
--

CREATE INDEX mill_complex_mill_control__mill_control_magnetic_inst_d956b266 ON public."mill_complex_mill_control_magnetic_installations_CheckFailed" USING btree (mill_control_magnetic_installations_id);


--
-- Name: mill_complex_mill_grain_wa_Create_user_id_9fa4aef2; Type: INDEX; Schema: public; Owner: request; Tablespace: 
--

CREATE INDEX "mill_complex_mill_grain_wa_Create_user_id_9fa4aef2" ON public.mill_complex_mill_grain_waste_accounting USING btree ("Create_user_id");


--
-- Name: mill_complex_mill_grain_wa_Update_user_id_cd6766ca; Type: INDEX; Schema: public; Owner: request; Tablespace: 
--

CREATE INDEX "mill_complex_mill_grain_wa_Update_user_id_cd6766ca" ON public.mill_complex_mill_grain_waste_accounting USING btree ("Update_user_id");


--
-- Name: mill_complex_mill_grain_waste_accounting_Factory_id_20f9fbe0; Type: INDEX; Schema: public; Owner: request; Tablespace: 
--

CREATE INDEX "mill_complex_mill_grain_waste_accounting_Factory_id_20f9fbe0" ON public.mill_complex_mill_grain_waste_accounting USING btree ("Factory_id");


--
-- Name: mill_complex_mill_laboratory_work_Create_user_id_8e4e2b3e; Type: INDEX; Schema: public; Owner: request; Tablespace: 
--

CREATE INDEX "mill_complex_mill_laboratory_work_Create_user_id_8e4e2b3e" ON public.mill_complex_mill_laboratory_work USING btree ("Create_user_id");


--
-- Name: mill_complex_mill_laboratory_work_Factory_id_c7f88f9e; Type: INDEX; Schema: public; Owner: request; Tablespace: 
--

CREATE INDEX "mill_complex_mill_laboratory_work_Factory_id_c7f88f9e" ON public.mill_complex_mill_laboratory_work USING btree ("Factory_id");


--
-- Name: mill_complex_mill_laboratory_work_Update_user_id_276e85ef; Type: INDEX; Schema: public; Owner: request; Tablespace: 
--

CREATE INDEX "mill_complex_mill_laboratory_work_Update_user_id_276e85ef" ON public.mill_complex_mill_laboratory_work USING btree ("Update_user_id");


--
-- Name: mill_complex_mill_storage__Create_user_id_00eeb7be; Type: INDEX; Schema: public; Owner: request; Tablespace: 
--

CREATE INDEX "mill_complex_mill_storage__Create_user_id_00eeb7be" ON public.mill_complex_mill_storage_flour_accounting USING btree ("Create_user_id");


--
-- Name: mill_complex_mill_storage__Update_user_id_0713a42a; Type: INDEX; Schema: public; Owner: request; Tablespace: 
--

CREATE INDEX "mill_complex_mill_storage__Update_user_id_0713a42a" ON public.mill_complex_mill_storage_flour_accounting USING btree ("Update_user_id");


--
-- Name: mill_complex_mill_storage_flour_accounting_Factory_id_ae6a87c6; Type: INDEX; Schema: public; Owner: request; Tablespace: 
--

CREATE INDEX "mill_complex_mill_storage_flour_accounting_Factory_id_ae6a87c6" ON public.mill_complex_mill_storage_flour_accounting USING btree ("Factory_id");


--
-- Name: mill_complex_mill_technolo_parent_table_id_ff6ae867; Type: INDEX; Schema: public; Owner: request; Tablespace: 
--

CREATE INDEX mill_complex_mill_technolo_parent_table_id_ff6ae867 ON public.mill_complex_mill_technological_child_bhm USING btree (parent_table_id);


--
-- Name: mill_complex_mill_technological_Create_user_id_305adab0; Type: INDEX; Schema: public; Owner: request; Tablespace: 
--

CREATE INDEX "mill_complex_mill_technological_Create_user_id_305adab0" ON public.mill_complex_mill_technological USING btree ("Create_user_id");


--
-- Name: mill_complex_mill_technological_Factory_id_9919476a; Type: INDEX; Schema: public; Owner: request; Tablespace: 
--

CREATE INDEX "mill_complex_mill_technological_Factory_id_9919476a" ON public.mill_complex_mill_technological USING btree ("Factory_id");


--
-- Name: mill_complex_mill_technological_Update_user_id_9d89f510; Type: INDEX; Schema: public; Owner: request; Tablespace: 
--

CREATE INDEX "mill_complex_mill_technological_Update_user_id_9d89f510" ON public.mill_complex_mill_technological USING btree ("Update_user_id");


--
-- Name: mill_complex_mill_technological_child_bhm_bhm_num_id_f1da8e84; Type: INDEX; Schema: public; Owner: request; Tablespace: 
--

CREATE INDEX mill_complex_mill_technological_child_bhm_bhm_num_id_f1da8e84 ON public.mill_complex_mill_technological_child_bhm USING btree (bhm_num_id);


--
-- Name: production_complex_product_Create_user_id_041e63bd; Type: INDEX; Schema: public; Owner: request; Tablespace: 
--

CREATE INDEX "production_complex_product_Create_user_id_041e63bd" ON public.production_complex_product_equipment_breakdown_repair USING btree ("Create_user_id");


--
-- Name: production_complex_product_Create_user_id_b0d1f5b5; Type: INDEX; Schema: public; Owner: request; Tablespace: 
--

CREATE INDEX "production_complex_product_Create_user_id_b0d1f5b5" ON public.production_complex_product_packing_equipment_adjuster USING btree ("Create_user_id");


--
-- Name: production_complex_product_Create_user_id_e6934864; Type: INDEX; Schema: public; Owner: request; Tablespace: 
--

CREATE INDEX "production_complex_product_Create_user_id_e6934864" ON public.production_complex_product_line_operator USING btree ("Create_user_id");


--
-- Name: production_complex_product_Factory_id_28c473da; Type: INDEX; Schema: public; Owner: request; Tablespace: 
--

CREATE INDEX "production_complex_product_Factory_id_28c473da" ON public.production_complex_product_packing_equipment_adjuster USING btree ("Factory_id");


--
-- Name: production_complex_product_Factory_id_31154cf9; Type: INDEX; Schema: public; Owner: request; Tablespace: 
--

CREATE INDEX "production_complex_product_Factory_id_31154cf9" ON public.production_complex_product_equipment_breakdown_repair USING btree ("Factory_id");


--
-- Name: production_complex_product_Update_user_id_01be7713; Type: INDEX; Schema: public; Owner: request; Tablespace: 
--

CREATE INDEX "production_complex_product_Update_user_id_01be7713" ON public.production_complex_product_packing_equipment_adjuster USING btree ("Update_user_id");


--
-- Name: production_complex_product_Update_user_id_93d98434; Type: INDEX; Schema: public; Owner: request; Tablespace: 
--

CREATE INDEX "production_complex_product_Update_user_id_93d98434" ON public.production_complex_product_line_operator USING btree ("Update_user_id");


--
-- Name: production_complex_product_Update_user_id_ae7ec07b; Type: INDEX; Schema: public; Owner: request; Tablespace: 
--

CREATE INDEX "production_complex_product_Update_user_id_ae7ec07b" ON public.production_complex_product_equipment_breakdown_repair USING btree ("Update_user_id");


--
-- Name: production_complex_product_coworker_id_99aa9fd0; Type: INDEX; Schema: public; Owner: request; Tablespace: 
--

CREATE INDEX production_complex_product_coworker_id_99aa9fd0 ON public."production_complex_product_line_operator_Coworker" USING btree (coworker_id);


--
-- Name: production_complex_product_coworker_id_e0e7bbb7; Type: INDEX; Schema: public; Owner: request; Tablespace: 
--

CREATE INDEX production_complex_product_coworker_id_e0e7bbb7 ON public."production_complex_product_equipment_breakdown_repair_Coworker" USING btree (coworker_id);


--
-- Name: production_complex_product_coworker_id_f7a9d828; Type: INDEX; Schema: public; Owner: request; Tablespace: 
--

CREATE INDEX production_complex_product_coworker_id_f7a9d828 ON public."production_complex_product_packing_equipment_adjuster_Coworker" USING btree (coworker_id);


--
-- Name: production_complex_product_line_operator_Factory_id_98f7826a; Type: INDEX; Schema: public; Owner: request; Tablespace: 
--

CREATE INDEX "production_complex_product_line_operator_Factory_id_98f7826a" ON public.production_complex_product_line_operator USING btree ("Factory_id");


--
-- Name: production_complex_product_product_equipment_breakdow_9401da78; Type: INDEX; Schema: public; Owner: request; Tablespace: 
--

CREATE INDEX production_complex_product_product_equipment_breakdow_9401da78 ON public."production_complex_product_equipment_breakdown_repair_Coworker" USING btree (product_equipment_breakdown_repair_id);


--
-- Name: production_complex_product_product_line_operator_id_c0d6b1a9; Type: INDEX; Schema: public; Owner: request; Tablespace: 
--

CREATE INDEX production_complex_product_product_line_operator_id_c0d6b1a9 ON public."production_complex_product_line_operator_Coworker" USING btree (product_line_operator_id);


--
-- Name: production_complex_product_product_packing_equipment__9a7aa0e6; Type: INDEX; Schema: public; Owner: request; Tablespace: 
--

CREATE INDEX production_complex_product_product_packing_equipment__9a7aa0e6 ON public."production_complex_product_packing_equipment_adjuster_Coworker" USING btree (product_packing_equipment_adjuster_id);


--
-- Name: production_complex_product_work_plan_Create_user_id_d3d426c7; Type: INDEX; Schema: public; Owner: request; Tablespace: 
--

CREATE INDEX "production_complex_product_work_plan_Create_user_id_d3d426c7" ON public.production_complex_product_work_plan USING btree ("Create_user_id");


--
-- Name: production_complex_product_work_plan_Factory_id_376dc54a; Type: INDEX; Schema: public; Owner: request; Tablespace: 
--

CREATE INDEX "production_complex_product_work_plan_Factory_id_376dc54a" ON public.production_complex_product_work_plan USING btree ("Factory_id");


--
-- Name: production_complex_product_work_plan_Update_user_id_f8dfab08; Type: INDEX; Schema: public; Owner: request; Tablespace: 
--

CREATE INDEX "production_complex_product_work_plan_Update_user_id_f8dfab08" ON public.production_complex_product_work_plan USING btree ("Update_user_id");


--
-- Name: production_complex_product_work_plan_equipement_id_38f2cc51; Type: INDEX; Schema: public; Owner: request; Tablespace: 
--

CREATE INDEX production_complex_product_work_plan_equipement_id_38f2cc51 ON public.production_complex_product_work_plan USING btree (equipement_id);


--
-- Name: production_complex_product_work_plan_product_id_e4f44e9e; Type: INDEX; Schema: public; Owner: request; Tablespace: 
--

CREATE INDEX production_complex_product_work_plan_product_id_e4f44e9e ON public.production_complex_product_work_plan USING btree (product_id);


--
-- Name: production_complex_product_work_plan_status_id_4bfc0abf; Type: INDEX; Schema: public; Owner: request; Tablespace: 
--

CREATE INDEX production_complex_product_work_plan_status_id_4bfc0abf ON public.production_complex_product_work_plan USING btree (status_id);


--
-- Name: reference_books_area_lft_2ce37fa8; Type: INDEX; Schema: public; Owner: request; Tablespace: 
--

CREATE INDEX reference_books_area_lft_2ce37fa8 ON public.reference_books_area USING btree (lft);


--
-- Name: reference_books_area_mptt_level_c245e2ca; Type: INDEX; Schema: public; Owner: request; Tablespace: 
--

CREATE INDEX reference_books_area_mptt_level_c245e2ca ON public.reference_books_area USING btree (mptt_level);


--
-- Name: reference_books_area_parent_id_e27eb46d; Type: INDEX; Schema: public; Owner: request; Tablespace: 
--

CREATE INDEX reference_books_area_parent_id_e27eb46d ON public.reference_books_area USING btree (parent_id);


--
-- Name: reference_books_area_rght_653e864e; Type: INDEX; Schema: public; Owner: request; Tablespace: 
--

CREATE INDEX reference_books_area_rght_653e864e ON public.reference_books_area USING btree (rght);


--
-- Name: reference_books_area_slug_5551e98f; Type: INDEX; Schema: public; Owner: request; Tablespace: 
--

CREATE INDEX reference_books_area_slug_5551e98f ON public.reference_books_area USING btree (slug);


--
-- Name: reference_books_area_slug_5551e98f_like; Type: INDEX; Schema: public; Owner: request; Tablespace: 
--

CREATE INDEX reference_books_area_slug_5551e98f_like ON public.reference_books_area USING btree (slug varchar_pattern_ops);


--
-- Name: reference_books_area_tree_id_42491eb6; Type: INDEX; Schema: public; Owner: request; Tablespace: 
--

CREATE INDEX reference_books_area_tree_id_42491eb6 ON public.reference_books_area USING btree (tree_id);


--
-- Name: reference_books_bhm_slug_34689666_like; Type: INDEX; Schema: public; Owner: request; Tablespace: 
--

CREATE INDEX reference_books_bhm_slug_34689666_like ON public.reference_books_bhm USING btree (slug varchar_pattern_ops);


--
-- Name: reference_books_city_slug_3a8ac130; Type: INDEX; Schema: public; Owner: request; Tablespace: 
--

CREATE INDEX reference_books_city_slug_3a8ac130 ON public.reference_books_city USING btree (slug);


--
-- Name: reference_books_city_slug_3a8ac130_like; Type: INDEX; Schema: public; Owner: request; Tablespace: 
--

CREATE INDEX reference_books_city_slug_3a8ac130_like ON public.reference_books_city USING btree (slug varchar_pattern_ops);


--
-- Name: reference_books_constants_slug_425b4308; Type: INDEX; Schema: public; Owner: request; Tablespace: 
--

CREATE INDEX reference_books_constants_slug_425b4308 ON public.reference_books_constants USING btree (slug);


--
-- Name: reference_books_constants_slug_425b4308_like; Type: INDEX; Schema: public; Owner: request; Tablespace: 
--

CREATE INDEX reference_books_constants_slug_425b4308_like ON public.reference_books_constants USING btree (slug varchar_pattern_ops);


--
-- Name: reference_books_coworker_area_id_ef370cb7; Type: INDEX; Schema: public; Owner: request; Tablespace: 
--

CREATE INDEX reference_books_coworker_area_id_ef370cb7 ON public.reference_books_coworker USING btree (area_id);


--
-- Name: reference_books_coworker_post_id_d8b05d88; Type: INDEX; Schema: public; Owner: request; Tablespace: 
--

CREATE INDEX reference_books_coworker_post_id_d8b05d88 ON public.reference_books_coworker USING btree (post_id);


--
-- Name: reference_books_fixed_assets_area_id_fa521dc0; Type: INDEX; Schema: public; Owner: request; Tablespace: 
--

CREATE INDEX reference_books_fixed_assets_area_id_fa521dc0 ON public.reference_books_fixed_assets USING btree (area_id);


--
-- Name: reference_books_machine_production_slug_0423610e; Type: INDEX; Schema: public; Owner: request; Tablespace: 
--

CREATE INDEX reference_books_machine_production_slug_0423610e ON public.reference_books_machine_production USING btree (slug);


--
-- Name: reference_books_machine_production_slug_0423610e_like; Type: INDEX; Schema: public; Owner: request; Tablespace: 
--

CREATE INDEX reference_books_machine_production_slug_0423610e_like ON public.reference_books_machine_production USING btree (slug varchar_pattern_ops);


--
-- Name: reference_books_partner_type_id_3ea8bcd8; Type: INDEX; Schema: public; Owner: request; Tablespace: 
--

CREATE INDEX reference_books_partner_type_id_3ea8bcd8 ON public.reference_books_partner USING btree (type_id);


--
-- Name: reference_books_servicecompanies_City_id_806ccc0a; Type: INDEX; Schema: public; Owner: request; Tablespace: 
--

CREATE INDEX "reference_books_servicecompanies_City_id_806ccc0a" ON public.reference_books_factory USING btree ("City_id");


--
-- Name: reference_books_sil_slug_cdd304ad_like; Type: INDEX; Schema: public; Owner: request; Tablespace: 
--

CREATE INDEX reference_books_sil_slug_cdd304ad_like ON public.reference_books_sil USING btree (slug varchar_pattern_ops);


--
-- Name: reference_books_status_machine_class_b4_td_4be0ac1e; Type: INDEX; Schema: public; Owner: request; Tablespace: 
--

CREATE INDEX reference_books_status_machine_class_b4_td_4be0ac1e ON public.reference_books_status_machine USING btree (class_b4_td);


--
-- Name: reference_books_status_machine_class_b4_td_4be0ac1e_like; Type: INDEX; Schema: public; Owner: request; Tablespace: 
--

CREATE INDEX reference_books_status_machine_class_b4_td_4be0ac1e_like ON public.reference_books_status_machine USING btree (class_b4_td varchar_pattern_ops);


--
-- Name: reference_books_status_machine_slug_df21425d; Type: INDEX; Schema: public; Owner: request; Tablespace: 
--

CREATE INDEX reference_books_status_machine_slug_df21425d ON public.reference_books_status_machine USING btree (slug);


--
-- Name: reference_books_status_machine_slug_df21425d_like; Type: INDEX; Schema: public; Owner: request; Tablespace: 
--

CREATE INDEX reference_books_status_machine_slug_df21425d_like ON public.reference_books_status_machine USING btree (slug varchar_pattern_ops);


--
-- Name: reference_books_status_slug_d0770ea6_like; Type: INDEX; Schema: public; Owner: request; Tablespace: 
--

CREATE INDEX reference_books_status_slug_d0770ea6_like ON public.reference_books_status USING btree (slug varchar_pattern_ops);


--
-- Name: reference_books_status_task_slug_dee02d35_like; Type: INDEX; Schema: public; Owner: request; Tablespace: 
--

CREATE INDEX reference_books_status_task_slug_dee02d35_like ON public.reference_books_status_task USING btree (slug varchar_pattern_ops);


--
-- Name: reference_books_typenotification_task_slug_995e0134_like; Type: INDEX; Schema: public; Owner: request; Tablespace: 
--

CREATE INDEX reference_books_typenotification_task_slug_995e0134_like ON public.reference_books_typenotification_task USING btree (slug varchar_pattern_ops);


--
-- Name: reference_books_types_client_slug_fc798c6c_like; Type: INDEX; Schema: public; Owner: request; Tablespace: 
--

CREATE INDEX reference_books_types_client_slug_fc798c6c_like ON public.reference_books_types_client USING btree (slug varchar_pattern_ops);


--
-- Name: schedule_calendar_slug_ba17e861; Type: INDEX; Schema: public; Owner: request; Tablespace: 
--

CREATE INDEX schedule_calendar_slug_ba17e861 ON public.schedule_calendar USING btree (slug);


--
-- Name: schedule_calendar_slug_ba17e861_like; Type: INDEX; Schema: public; Owner: request; Tablespace: 
--

CREATE INDEX schedule_calendar_slug_ba17e861_like ON public.schedule_calendar USING btree (slug varchar_pattern_ops);


--
-- Name: schedule_calendarrelation_calendar_id_0a50be2e; Type: INDEX; Schema: public; Owner: request; Tablespace: 
--

CREATE INDEX schedule_calendarrelation_calendar_id_0a50be2e ON public.schedule_calendarrelation USING btree (calendar_id);


--
-- Name: schedule_calendarrelation_content_type_id_f2a42f5b; Type: INDEX; Schema: public; Owner: request; Tablespace: 
--

CREATE INDEX schedule_calendarrelation_content_type_id_f2a42f5b ON public.schedule_calendarrelation USING btree (content_type_id);


--
-- Name: schedule_event_calendar_id_eb1c700f; Type: INDEX; Schema: public; Owner: request; Tablespace: 
--

CREATE INDEX schedule_event_calendar_id_eb1c700f ON public.schedule_event USING btree (calendar_id);


--
-- Name: schedule_event_creator_id_d2ffab6e; Type: INDEX; Schema: public; Owner: request; Tablespace: 
--

CREATE INDEX schedule_event_creator_id_d2ffab6e ON public.schedule_event USING btree (creator_id);


--
-- Name: schedule_event_end_674c5848; Type: INDEX; Schema: public; Owner: request; Tablespace: 
--

CREATE INDEX schedule_event_end_674c5848 ON public.schedule_event USING btree ("end");


--
-- Name: schedule_event_end_recurring_period_672addcf; Type: INDEX; Schema: public; Owner: request; Tablespace: 
--

CREATE INDEX schedule_event_end_recurring_period_672addcf ON public.schedule_event USING btree (end_recurring_period);


--
-- Name: schedule_event_rule_id_90b83d31; Type: INDEX; Schema: public; Owner: request; Tablespace: 
--

CREATE INDEX schedule_event_rule_id_90b83d31 ON public.schedule_event USING btree (rule_id);


--
-- Name: schedule_event_start_a11492a7; Type: INDEX; Schema: public; Owner: request; Tablespace: 
--

CREATE INDEX schedule_event_start_a11492a7 ON public.schedule_event USING btree (start);


--
-- Name: schedule_event_start_end_89f30672_idx; Type: INDEX; Schema: public; Owner: request; Tablespace: 
--

CREATE INDEX schedule_event_start_end_89f30672_idx ON public.schedule_event USING btree (start, "end");


--
-- Name: schedule_eventrelation_content_type_id_d4187723; Type: INDEX; Schema: public; Owner: request; Tablespace: 
--

CREATE INDEX schedule_eventrelation_content_type_id_d4187723 ON public.schedule_eventrelation USING btree (content_type_id);


--
-- Name: schedule_eventrelation_event_id_8c57a7b4; Type: INDEX; Schema: public; Owner: request; Tablespace: 
--

CREATE INDEX schedule_eventrelation_event_id_8c57a7b4 ON public.schedule_eventrelation USING btree (event_id);


--
-- Name: schedule_occurrence_end_ae255624; Type: INDEX; Schema: public; Owner: request; Tablespace: 
--

CREATE INDEX schedule_occurrence_end_ae255624 ON public.schedule_occurrence USING btree ("end");


--
-- Name: schedule_occurrence_event_id_ade47cd8; Type: INDEX; Schema: public; Owner: request; Tablespace: 
--

CREATE INDEX schedule_occurrence_event_id_ade47cd8 ON public.schedule_occurrence USING btree (event_id);


--
-- Name: schedule_occurrence_start_b28eeb2f; Type: INDEX; Schema: public; Owner: request; Tablespace: 
--

CREATE INDEX schedule_occurrence_start_b28eeb2f ON public.schedule_occurrence USING btree (start);


--
-- Name: schedule_occurrence_start_end_5fc98870_idx; Type: INDEX; Schema: public; Owner: request; Tablespace: 
--

CREATE INDEX schedule_occurrence_start_end_5fc98870_idx ON public.schedule_occurrence USING btree (start, "end");


--
-- Name: tasks_user_task_Create_user_id_1be8c5dc; Type: INDEX; Schema: public; Owner: request; Tablespace: 
--

CREATE INDEX "tasks_user_task_Create_user_id_1be8c5dc" ON public.tasks_user_task USING btree ("Create_user_id");


--
-- Name: tasks_user_task_Factory_id_5a4cb7ad; Type: INDEX; Schema: public; Owner: request; Tablespace: 
--

CREATE INDEX "tasks_user_task_Factory_id_5a4cb7ad" ON public.tasks_user_task USING btree ("Factory_id");


--
-- Name: tasks_user_task_Update_user_id_2df6a3c3; Type: INDEX; Schema: public; Owner: request; Tablespace: 
--

CREATE INDEX "tasks_user_task_Update_user_id_2df6a3c3" ON public.tasks_user_task USING btree ("Update_user_id");


--
-- Name: tasks_user_task_author_id_1c81ee1f; Type: INDEX; Schema: public; Owner: request; Tablespace: 
--

CREATE INDEX tasks_user_task_author_id_1c81ee1f ON public.tasks_user_task USING btree (author_id);


--
-- Name: tasks_user_task_executors_id_bf78ffca; Type: INDEX; Schema: public; Owner: request; Tablespace: 
--

CREATE INDEX tasks_user_task_executors_id_bf78ffca ON public.tasks_user_task USING btree (executors_id);


--
-- Name: tasks_user_task_notification_id_67ba0bd8; Type: INDEX; Schema: public; Owner: request; Tablespace: 
--

CREATE INDEX tasks_user_task_notification_id_67ba0bd8 ON public.tasks_user_task USING btree (notification_id);


--
-- Name: tasks_user_task_status_id_0f6d1b2c; Type: INDEX; Schema: public; Owner: request; Tablespace: 
--

CREATE INDEX tasks_user_task_status_id_0f6d1b2c ON public.tasks_user_task USING btree (status_id);


--
-- Name: account_profile_fact_factory_id_d9581ce2_fk_reference; Type: FK CONSTRAINT; Schema: public; Owner: request
--

ALTER TABLE ONLY public.account_profile_factory
    ADD CONSTRAINT account_profile_fact_factory_id_d9581ce2_fk_reference FOREIGN KEY (factory_id) REFERENCES public.reference_books_factory(id) DEFERRABLE INITIALLY DEFERRED;


--
-- Name: account_profile_fact_profile_id_2e881581_fk_account_p; Type: FK CONSTRAINT; Schema: public; Owner: request
--

ALTER TABLE ONLY public.account_profile_factory
    ADD CONSTRAINT account_profile_fact_profile_id_2e881581_fk_account_p FOREIGN KEY (profile_id) REFERENCES public.account_profile(id) DEFERRABLE INITIALLY DEFERRED;


--
-- Name: account_profile_factory_current_id_687ca4d5_fk_reference; Type: FK CONSTRAINT; Schema: public; Owner: request
--

ALTER TABLE ONLY public.account_profile
    ADD CONSTRAINT account_profile_factory_current_id_687ca4d5_fk_reference FOREIGN KEY (factory_current_id) REFERENCES public.reference_books_factory(id) DEFERRABLE INITIALLY DEFERRED;


--
-- Name: account_profile_factory_default_id_1a0c2594_fk_reference; Type: FK CONSTRAINT; Schema: public; Owner: request
--

ALTER TABLE ONLY public.account_profile
    ADD CONSTRAINT account_profile_factory_default_id_1a0c2594_fk_reference FOREIGN KEY (factory_default_id) REFERENCES public.reference_books_factory(id) DEFERRABLE INITIALLY DEFERRED;


--
-- Name: account_profile_user_id_bdd52018_fk_auth_user_id; Type: FK CONSTRAINT; Schema: public; Owner: request
--

ALTER TABLE ONLY public.account_profile
    ADD CONSTRAINT account_profile_user_id_bdd52018_fk_auth_user_id FOREIGN KEY (user_id) REFERENCES public.auth_user(id) DEFERRABLE INITIALLY DEFERRED;


--
-- Name: auth_group_permissio_permission_id_84c5c92e_fk_auth_perm; Type: FK CONSTRAINT; Schema: public; Owner: request
--

ALTER TABLE ONLY public.auth_group_permissions
    ADD CONSTRAINT auth_group_permissio_permission_id_84c5c92e_fk_auth_perm FOREIGN KEY (permission_id) REFERENCES public.auth_permission(id) DEFERRABLE INITIALLY DEFERRED;


--
-- Name: auth_group_permissions_group_id_b120cbf9_fk_auth_group_id; Type: FK CONSTRAINT; Schema: public; Owner: request
--

ALTER TABLE ONLY public.auth_group_permissions
    ADD CONSTRAINT auth_group_permissions_group_id_b120cbf9_fk_auth_group_id FOREIGN KEY (group_id) REFERENCES public.auth_group(id) DEFERRABLE INITIALLY DEFERRED;


--
-- Name: auth_permission_content_type_id_2f476e4b_fk_django_co; Type: FK CONSTRAINT; Schema: public; Owner: request
--

ALTER TABLE ONLY public.auth_permission
    ADD CONSTRAINT auth_permission_content_type_id_2f476e4b_fk_django_co FOREIGN KEY (content_type_id) REFERENCES public.django_content_type(id) DEFERRABLE INITIALLY DEFERRED;


--
-- Name: auth_user_groups_group_id_97559544_fk_auth_group_id; Type: FK CONSTRAINT; Schema: public; Owner: request
--

ALTER TABLE ONLY public.auth_user_groups
    ADD CONSTRAINT auth_user_groups_group_id_97559544_fk_auth_group_id FOREIGN KEY (group_id) REFERENCES public.auth_group(id) DEFERRABLE INITIALLY DEFERRED;


--
-- Name: auth_user_groups_user_id_6a12ed8b_fk_auth_user_id; Type: FK CONSTRAINT; Schema: public; Owner: request
--

ALTER TABLE ONLY public.auth_user_groups
    ADD CONSTRAINT auth_user_groups_user_id_6a12ed8b_fk_auth_user_id FOREIGN KEY (user_id) REFERENCES public.auth_user(id) DEFERRABLE INITIALLY DEFERRED;


--
-- Name: auth_user_user_permi_permission_id_1fbb5f2c_fk_auth_perm; Type: FK CONSTRAINT; Schema: public; Owner: request
--

ALTER TABLE ONLY public.auth_user_user_permissions
    ADD CONSTRAINT auth_user_user_permi_permission_id_1fbb5f2c_fk_auth_perm FOREIGN KEY (permission_id) REFERENCES public.auth_permission(id) DEFERRABLE INITIALLY DEFERRED;


--
-- Name: auth_user_user_permissions_user_id_a95ead1b_fk_auth_user_id; Type: FK CONSTRAINT; Schema: public; Owner: request
--

ALTER TABLE ONLY public.auth_user_user_permissions
    ADD CONSTRAINT auth_user_user_permissions_user_id_a95ead1b_fk_auth_user_id FOREIGN KEY (user_id) REFERENCES public.auth_user(id) DEFERRABLE INITIALLY DEFERRED;


--
-- Name: dashboard_menu_parent_id_03cd772d_fk_dashboard_menu_id; Type: FK CONSTRAINT; Schema: public; Owner: request
--

ALTER TABLE ONLY public.dashboard_menu
    ADD CONSTRAINT dashboard_menu_parent_id_03cd772d_fk_dashboard_menu_id FOREIGN KEY (parent_id) REFERENCES public.dashboard_menu(id) DEFERRABLE INITIALLY DEFERRED;


--
-- Name: dept_okk_okk_control_Create_user_id_db50d221_fk_auth_user; Type: FK CONSTRAINT; Schema: public; Owner: request
--

ALTER TABLE ONLY public.dept_okk_okk_control_grain_moisture
    ADD CONSTRAINT "dept_okk_okk_control_Create_user_id_db50d221_fk_auth_user" FOREIGN KEY ("Create_user_id") REFERENCES public.auth_user(id) DEFERRABLE INITIALLY DEFERRED;


--
-- Name: dept_okk_okk_control_Factory_id_3e382919_fk_reference; Type: FK CONSTRAINT; Schema: public; Owner: request
--

ALTER TABLE ONLY public.dept_okk_okk_control_grain_moisture
    ADD CONSTRAINT "dept_okk_okk_control_Factory_id_3e382919_fk_reference" FOREIGN KEY ("Factory_id") REFERENCES public.reference_books_factory(id) DEFERRABLE INITIALLY DEFERRED;


--
-- Name: dept_okk_okk_control_Update_user_id_d18d5bf2_fk_auth_user; Type: FK CONSTRAINT; Schema: public; Owner: request
--

ALTER TABLE ONLY public.dept_okk_okk_control_grain_moisture
    ADD CONSTRAINT "dept_okk_okk_control_Update_user_id_d18d5bf2_fk_auth_user" FOREIGN KEY ("Update_user_id") REFERENCES public.auth_user(id) DEFERRABLE INITIALLY DEFERRED;


--
-- Name: dept_okk_okk_operati_Create_user_id_10cf2b12_fk_auth_user; Type: FK CONSTRAINT; Schema: public; Owner: request
--

ALTER TABLE ONLY public.dept_okk_okk_operational_quality_control_flour
    ADD CONSTRAINT "dept_okk_okk_operati_Create_user_id_10cf2b12_fk_auth_user" FOREIGN KEY ("Create_user_id") REFERENCES public.auth_user(id) DEFERRABLE INITIALLY DEFERRED;


--
-- Name: dept_okk_okk_operati_Create_user_id_a7ba20c8_fk_auth_user; Type: FK CONSTRAINT; Schema: public; Owner: request
--

ALTER TABLE ONLY public.dept_okk_okk_operational_quality_control_semolina
    ADD CONSTRAINT "dept_okk_okk_operati_Create_user_id_a7ba20c8_fk_auth_user" FOREIGN KEY ("Create_user_id") REFERENCES public.auth_user(id) DEFERRABLE INITIALLY DEFERRED;


--
-- Name: dept_okk_okk_operati_Factory_id_a8b3ca23_fk_reference; Type: FK CONSTRAINT; Schema: public; Owner: request
--

ALTER TABLE ONLY public.dept_okk_okk_operational_quality_control_flour
    ADD CONSTRAINT "dept_okk_okk_operati_Factory_id_a8b3ca23_fk_reference" FOREIGN KEY ("Factory_id") REFERENCES public.reference_books_factory(id) DEFERRABLE INITIALLY DEFERRED;


--
-- Name: dept_okk_okk_operati_Factory_id_bf1f3f93_fk_reference; Type: FK CONSTRAINT; Schema: public; Owner: request
--

ALTER TABLE ONLY public.dept_okk_okk_operational_quality_control_semolina
    ADD CONSTRAINT "dept_okk_okk_operati_Factory_id_bf1f3f93_fk_reference" FOREIGN KEY ("Factory_id") REFERENCES public.reference_books_factory(id) DEFERRABLE INITIALLY DEFERRED;


--
-- Name: dept_okk_okk_operati_Update_user_id_8d08ec72_fk_auth_user; Type: FK CONSTRAINT; Schema: public; Owner: request
--

ALTER TABLE ONLY public.dept_okk_okk_operational_quality_control_semolina
    ADD CONSTRAINT "dept_okk_okk_operati_Update_user_id_8d08ec72_fk_auth_user" FOREIGN KEY ("Update_user_id") REFERENCES public.auth_user(id) DEFERRABLE INITIALLY DEFERRED;


--
-- Name: dept_okk_okk_operati_Update_user_id_cb0175c0_fk_auth_user; Type: FK CONSTRAINT; Schema: public; Owner: request
--

ALTER TABLE ONLY public.dept_okk_okk_operational_quality_control_flour
    ADD CONSTRAINT "dept_okk_okk_operati_Update_user_id_cb0175c0_fk_auth_user" FOREIGN KEY ("Update_user_id") REFERENCES public.auth_user(id) DEFERRABLE INITIALLY DEFERRED;


--
-- Name: dept_okk_okk_packpro_Create_user_id_f595d4b2_fk_auth_user; Type: FK CONSTRAINT; Schema: public; Owner: request
--

ALTER TABLE ONLY public.dept_okk_okk_packproducts_quality_control
    ADD CONSTRAINT "dept_okk_okk_packpro_Create_user_id_f595d4b2_fk_auth_user" FOREIGN KEY ("Create_user_id") REFERENCES public.auth_user(id) DEFERRABLE INITIALLY DEFERRED;


--
-- Name: dept_okk_okk_packpro_Factory_id_e1e1b5eb_fk_reference; Type: FK CONSTRAINT; Schema: public; Owner: request
--

ALTER TABLE ONLY public.dept_okk_okk_packproducts_quality_control
    ADD CONSTRAINT "dept_okk_okk_packpro_Factory_id_e1e1b5eb_fk_reference" FOREIGN KEY ("Factory_id") REFERENCES public.reference_books_factory(id) DEFERRABLE INITIALLY DEFERRED;


--
-- Name: dept_okk_okk_packpro_Product_id_2d5f17e8_fk_reference; Type: FK CONSTRAINT; Schema: public; Owner: request
--

ALTER TABLE ONLY public.dept_okk_okk_packproducts_quality_control
    ADD CONSTRAINT "dept_okk_okk_packpro_Product_id_2d5f17e8_fk_reference" FOREIGN KEY ("Product_id") REFERENCES public.reference_books_products(id) DEFERRABLE INITIALLY DEFERRED;


--
-- Name: dept_okk_okk_packpro_Update_user_id_9c07c469_fk_auth_user; Type: FK CONSTRAINT; Schema: public; Owner: request
--

ALTER TABLE ONLY public.dept_okk_okk_packproducts_quality_control
    ADD CONSTRAINT "dept_okk_okk_packpro_Update_user_id_9c07c469_fk_auth_user" FOREIGN KEY ("Update_user_id") REFERENCES public.auth_user(id) DEFERRABLE INITIALLY DEFERRED;


--
-- Name: dept_okk_okk_wheat_q_CerealCrop_id_6e9ae596_fk_reference; Type: FK CONSTRAINT; Schema: public; Owner: request
--

ALTER TABLE ONLY public.dept_okk_okk_wheat_quality_control
    ADD CONSTRAINT "dept_okk_okk_wheat_q_CerealCrop_id_6e9ae596_fk_reference" FOREIGN KEY ("CerealCrop_id") REFERENCES public.reference_books_cereal_crop(id) DEFERRABLE INITIALLY DEFERRED;


--
-- Name: dept_okk_okk_wheat_q_Create_user_id_7dc7a83d_fk_auth_user; Type: FK CONSTRAINT; Schema: public; Owner: request
--

ALTER TABLE ONLY public.dept_okk_okk_wheat_quality_control
    ADD CONSTRAINT "dept_okk_okk_wheat_q_Create_user_id_7dc7a83d_fk_auth_user" FOREIGN KEY ("Create_user_id") REFERENCES public.auth_user(id) DEFERRABLE INITIALLY DEFERRED;


--
-- Name: dept_okk_okk_wheat_q_Factory_id_89da6f9b_fk_reference; Type: FK CONSTRAINT; Schema: public; Owner: request
--

ALTER TABLE ONLY public.dept_okk_okk_wheat_quality_control
    ADD CONSTRAINT "dept_okk_okk_wheat_q_Factory_id_89da6f9b_fk_reference" FOREIGN KEY ("Factory_id") REFERENCES public.reference_books_factory(id) DEFERRABLE INITIALLY DEFERRED;


--
-- Name: dept_okk_okk_wheat_q_Provider_id_57507496_fk_reference; Type: FK CONSTRAINT; Schema: public; Owner: request
--

ALTER TABLE ONLY public.dept_okk_okk_wheat_quality_control
    ADD CONSTRAINT "dept_okk_okk_wheat_q_Provider_id_57507496_fk_reference" FOREIGN KEY ("Provider_id") REFERENCES public.reference_books_partner(id) DEFERRABLE INITIALLY DEFERRED;


--
-- Name: dept_okk_okk_wheat_q_Update_user_id_65638934_fk_auth_user; Type: FK CONSTRAINT; Schema: public; Owner: request
--

ALTER TABLE ONLY public.dept_okk_okk_wheat_quality_control
    ADD CONSTRAINT "dept_okk_okk_wheat_q_Update_user_id_65638934_fk_auth_user" FOREIGN KEY ("Update_user_id") REFERENCES public.auth_user(id) DEFERRABLE INITIALLY DEFERRED;


--
-- Name: django_admin_log_content_type_id_c4bce8eb_fk_django_co; Type: FK CONSTRAINT; Schema: public; Owner: request
--

ALTER TABLE ONLY public.django_admin_log
    ADD CONSTRAINT django_admin_log_content_type_id_c4bce8eb_fk_django_co FOREIGN KEY (content_type_id) REFERENCES public.django_content_type(id) DEFERRABLE INITIALLY DEFERRED;


--
-- Name: django_admin_log_user_id_c564eba6_fk_auth_user_id; Type: FK CONSTRAINT; Schema: public; Owner: request
--

ALTER TABLE ONLY public.django_admin_log
    ADD CONSTRAINT django_admin_log_user_id_c564eba6_fk_auth_user_id FOREIGN KEY (user_id) REFERENCES public.auth_user(id) DEFERRABLE INITIALLY DEFERRED;


--
-- Name: mill_complex_elevato_CerealCrop_id_8b33febc_fk_reference; Type: FK CONSTRAINT; Schema: public; Owner: request
--

ALTER TABLE ONLY public.mill_complex_elevator_grain_intake
    ADD CONSTRAINT "mill_complex_elevato_CerealCrop_id_8b33febc_fk_reference" FOREIGN KEY ("CerealCrop_id") REFERENCES public.reference_books_cereal_crop(id) DEFERRABLE INITIALLY DEFERRED;


--
-- Name: mill_complex_elevato_Create_user_id_016e91f6_fk_auth_user; Type: FK CONSTRAINT; Schema: public; Owner: request
--

ALTER TABLE ONLY public.mill_complex_elevator_grain_intake
    ADD CONSTRAINT "mill_complex_elevato_Create_user_id_016e91f6_fk_auth_user" FOREIGN KEY ("Create_user_id") REFERENCES public.auth_user(id) DEFERRABLE INITIALLY DEFERRED;


--
-- Name: mill_complex_elevato_Create_user_id_1b64db77_fk_auth_user; Type: FK CONSTRAINT; Schema: public; Owner: request
--

ALTER TABLE ONLY public.mill_complex_elevator_grain_waste_accounting
    ADD CONSTRAINT "mill_complex_elevato_Create_user_id_1b64db77_fk_auth_user" FOREIGN KEY ("Create_user_id") REFERENCES public.auth_user(id) DEFERRABLE INITIALLY DEFERRED;


--
-- Name: mill_complex_elevato_Create_user_id_ad2997b1_fk_auth_user; Type: FK CONSTRAINT; Schema: public; Owner: request
--

ALTER TABLE ONLY public.mill_complex_elevator_shipment_wheat_to_mill
    ADD CONSTRAINT "mill_complex_elevato_Create_user_id_ad2997b1_fk_auth_user" FOREIGN KEY ("Create_user_id") REFERENCES public.auth_user(id) DEFERRABLE INITIALLY DEFERRED;


--
-- Name: mill_complex_elevato_Factory_id_2da62134_fk_reference; Type: FK CONSTRAINT; Schema: public; Owner: request
--

ALTER TABLE ONLY public.mill_complex_elevator_shipment_wheat_to_mill
    ADD CONSTRAINT "mill_complex_elevato_Factory_id_2da62134_fk_reference" FOREIGN KEY ("Factory_id") REFERENCES public.reference_books_factory(id) DEFERRABLE INITIALLY DEFERRED;


--
-- Name: mill_complex_elevato_Factory_id_5c3418b8_fk_reference; Type: FK CONSTRAINT; Schema: public; Owner: request
--

ALTER TABLE ONLY public.mill_complex_elevator_grain_waste_accounting
    ADD CONSTRAINT "mill_complex_elevato_Factory_id_5c3418b8_fk_reference" FOREIGN KEY ("Factory_id") REFERENCES public.reference_books_factory(id) DEFERRABLE INITIALLY DEFERRED;


--
-- Name: mill_complex_elevato_Factory_id_9a53a829_fk_reference; Type: FK CONSTRAINT; Schema: public; Owner: request
--

ALTER TABLE ONLY public.mill_complex_elevator_grain_intake
    ADD CONSTRAINT "mill_complex_elevato_Factory_id_9a53a829_fk_reference" FOREIGN KEY ("Factory_id") REFERENCES public.reference_books_factory(id) DEFERRABLE INITIALLY DEFERRED;


--
-- Name: mill_complex_elevato_Provider_id_1238cb90_fk_reference; Type: FK CONSTRAINT; Schema: public; Owner: request
--

ALTER TABLE ONLY public.mill_complex_elevator_grain_intake
    ADD CONSTRAINT "mill_complex_elevato_Provider_id_1238cb90_fk_reference" FOREIGN KEY ("Provider_id") REFERENCES public.reference_books_partner(id) DEFERRABLE INITIALLY DEFERRED;


--
-- Name: mill_complex_elevato_Update_user_id_5161bb6d_fk_auth_user; Type: FK CONSTRAINT; Schema: public; Owner: request
--

ALTER TABLE ONLY public.mill_complex_elevator_shipment_wheat_to_mill
    ADD CONSTRAINT "mill_complex_elevato_Update_user_id_5161bb6d_fk_auth_user" FOREIGN KEY ("Update_user_id") REFERENCES public.auth_user(id) DEFERRABLE INITIALLY DEFERRED;


--
-- Name: mill_complex_elevato_Update_user_id_c416b27e_fk_auth_user; Type: FK CONSTRAINT; Schema: public; Owner: request
--

ALTER TABLE ONLY public.mill_complex_elevator_grain_waste_accounting
    ADD CONSTRAINT "mill_complex_elevato_Update_user_id_c416b27e_fk_auth_user" FOREIGN KEY ("Update_user_id") REFERENCES public.auth_user(id) DEFERRABLE INITIALLY DEFERRED;


--
-- Name: mill_complex_elevato_Update_user_id_c8140cbc_fk_auth_user; Type: FK CONSTRAINT; Schema: public; Owner: request
--

ALTER TABLE ONLY public.mill_complex_elevator_grain_intake
    ADD CONSTRAINT "mill_complex_elevato_Update_user_id_c8140cbc_fk_auth_user" FOREIGN KEY ("Update_user_id") REFERENCES public.auth_user(id) DEFERRABLE INITIALLY DEFERRED;


--
-- Name: mill_complex_elevato_parent_table_id_7a573332_fk_mill_comp; Type: FK CONSTRAINT; Schema: public; Owner: request
--

ALTER TABLE ONLY public.mill_complex_elevator_shipment_wheat_to_mill_child_sil
    ADD CONSTRAINT mill_complex_elevato_parent_table_id_7a573332_fk_mill_comp FOREIGN KEY (parent_table_id) REFERENCES public.mill_complex_elevator_shipment_wheat_to_mill(id) DEFERRABLE INITIALLY DEFERRED;


--
-- Name: mill_complex_elevato_sil_num_id_3a4a491f_fk_reference; Type: FK CONSTRAINT; Schema: public; Owner: request
--

ALTER TABLE ONLY public.mill_complex_elevator_shipment_wheat_to_mill_child_sil
    ADD CONSTRAINT mill_complex_elevato_sil_num_id_3a4a491f_fk_reference FOREIGN KEY (sil_num_id) REFERENCES public.reference_books_sil(id) DEFERRABLE INITIALLY DEFERRED;


--
-- Name: mill_complex_mill_ba_Create_user_id_a12656c7_fk_auth_user; Type: FK CONSTRAINT; Schema: public; Owner: request
--

ALTER TABLE ONLY public.mill_complex_mill_bagging
    ADD CONSTRAINT "mill_complex_mill_ba_Create_user_id_a12656c7_fk_auth_user" FOREIGN KEY ("Create_user_id") REFERENCES public.auth_user(id) DEFERRABLE INITIALLY DEFERRED;


--
-- Name: mill_complex_mill_ba_Factory_id_78050eea_fk_reference; Type: FK CONSTRAINT; Schema: public; Owner: request
--

ALTER TABLE ONLY public.mill_complex_mill_bagging
    ADD CONSTRAINT "mill_complex_mill_ba_Factory_id_78050eea_fk_reference" FOREIGN KEY ("Factory_id") REFERENCES public.reference_books_factory(id) DEFERRABLE INITIALLY DEFERRED;


--
-- Name: mill_complex_mill_ba_Update_user_id_37344db6_fk_auth_user; Type: FK CONSTRAINT; Schema: public; Owner: request
--

ALTER TABLE ONLY public.mill_complex_mill_bagging
    ADD CONSTRAINT "mill_complex_mill_ba_Update_user_id_37344db6_fk_auth_user" FOREIGN KEY ("Update_user_id") REFERENCES public.auth_user(id) DEFERRABLE INITIALLY DEFERRED;


--
-- Name: mill_complex_mill_co_Create_user_id_16924505_fk_auth_user; Type: FK CONSTRAINT; Schema: public; Owner: request
--

ALTER TABLE ONLY public.mill_complex_mill_control_magnetic_installations
    ADD CONSTRAINT "mill_complex_mill_co_Create_user_id_16924505_fk_auth_user" FOREIGN KEY ("Create_user_id") REFERENCES public.auth_user(id) DEFERRABLE INITIALLY DEFERRED;


--
-- Name: mill_complex_mill_co_Factory_id_01bc86d1_fk_reference; Type: FK CONSTRAINT; Schema: public; Owner: request
--

ALTER TABLE ONLY public.mill_complex_mill_control_magnetic_installations
    ADD CONSTRAINT "mill_complex_mill_co_Factory_id_01bc86d1_fk_reference" FOREIGN KEY ("Factory_id") REFERENCES public.reference_books_factory(id) DEFERRABLE INITIALLY DEFERRED;


--
-- Name: mill_complex_mill_co_Update_user_id_8a7142ae_fk_auth_user; Type: FK CONSTRAINT; Schema: public; Owner: request
--

ALTER TABLE ONLY public.mill_complex_mill_control_magnetic_installations
    ADD CONSTRAINT "mill_complex_mill_co_Update_user_id_8a7142ae_fk_auth_user" FOREIGN KEY ("Update_user_id") REFERENCES public.auth_user(id) DEFERRABLE INITIALLY DEFERRED;


--
-- Name: mill_complex_mill_co_magnetic_installatio_1c519251_fk_reference; Type: FK CONSTRAINT; Schema: public; Owner: request
--

ALTER TABLE ONLY public."mill_complex_mill_control_magnetic_installations_CheckPassed"
    ADD CONSTRAINT mill_complex_mill_co_magnetic_installatio_1c519251_fk_reference FOREIGN KEY (magnetic_installations_id) REFERENCES public.reference_books_magnetic_installations(id) DEFERRABLE INITIALLY DEFERRED;


--
-- Name: mill_complex_mill_co_magnetic_installatio_6c9b4027_fk_reference; Type: FK CONSTRAINT; Schema: public; Owner: request
--

ALTER TABLE ONLY public."mill_complex_mill_control_magnetic_installations_CheckFailed"
    ADD CONSTRAINT mill_complex_mill_co_magnetic_installatio_6c9b4027_fk_reference FOREIGN KEY (magnetic_installations_id) REFERENCES public.reference_books_magnetic_installations(id) DEFERRABLE INITIALLY DEFERRED;


--
-- Name: mill_complex_mill_co_mill_control_magneti_4884fd8a_fk_mill_comp; Type: FK CONSTRAINT; Schema: public; Owner: request
--

ALTER TABLE ONLY public."mill_complex_mill_control_magnetic_installations_CheckPassed"
    ADD CONSTRAINT mill_complex_mill_co_mill_control_magneti_4884fd8a_fk_mill_comp FOREIGN KEY (mill_control_magnetic_installations_id) REFERENCES public.mill_complex_mill_control_magnetic_installations(id) DEFERRABLE INITIALLY DEFERRED;


--
-- Name: mill_complex_mill_co_mill_control_magneti_d956b266_fk_mill_comp; Type: FK CONSTRAINT; Schema: public; Owner: request
--

ALTER TABLE ONLY public."mill_complex_mill_control_magnetic_installations_CheckFailed"
    ADD CONSTRAINT mill_complex_mill_co_mill_control_magneti_d956b266_fk_mill_comp FOREIGN KEY (mill_control_magnetic_installations_id) REFERENCES public.mill_complex_mill_control_magnetic_installations(id) DEFERRABLE INITIALLY DEFERRED;


--
-- Name: mill_complex_mill_gr_Create_user_id_9fa4aef2_fk_auth_user; Type: FK CONSTRAINT; Schema: public; Owner: request
--

ALTER TABLE ONLY public.mill_complex_mill_grain_waste_accounting
    ADD CONSTRAINT "mill_complex_mill_gr_Create_user_id_9fa4aef2_fk_auth_user" FOREIGN KEY ("Create_user_id") REFERENCES public.auth_user(id) DEFERRABLE INITIALLY DEFERRED;


--
-- Name: mill_complex_mill_gr_Factory_id_20f9fbe0_fk_reference; Type: FK CONSTRAINT; Schema: public; Owner: request
--

ALTER TABLE ONLY public.mill_complex_mill_grain_waste_accounting
    ADD CONSTRAINT "mill_complex_mill_gr_Factory_id_20f9fbe0_fk_reference" FOREIGN KEY ("Factory_id") REFERENCES public.reference_books_factory(id) DEFERRABLE INITIALLY DEFERRED;


--
-- Name: mill_complex_mill_gr_Update_user_id_cd6766ca_fk_auth_user; Type: FK CONSTRAINT; Schema: public; Owner: request
--

ALTER TABLE ONLY public.mill_complex_mill_grain_waste_accounting
    ADD CONSTRAINT "mill_complex_mill_gr_Update_user_id_cd6766ca_fk_auth_user" FOREIGN KEY ("Update_user_id") REFERENCES public.auth_user(id) DEFERRABLE INITIALLY DEFERRED;


--
-- Name: mill_complex_mill_la_Create_user_id_8e4e2b3e_fk_auth_user; Type: FK CONSTRAINT; Schema: public; Owner: request
--

ALTER TABLE ONLY public.mill_complex_mill_laboratory_work
    ADD CONSTRAINT "mill_complex_mill_la_Create_user_id_8e4e2b3e_fk_auth_user" FOREIGN KEY ("Create_user_id") REFERENCES public.auth_user(id) DEFERRABLE INITIALLY DEFERRED;


--
-- Name: mill_complex_mill_la_Factory_id_c7f88f9e_fk_reference; Type: FK CONSTRAINT; Schema: public; Owner: request
--

ALTER TABLE ONLY public.mill_complex_mill_laboratory_work
    ADD CONSTRAINT "mill_complex_mill_la_Factory_id_c7f88f9e_fk_reference" FOREIGN KEY ("Factory_id") REFERENCES public.reference_books_factory(id) DEFERRABLE INITIALLY DEFERRED;


--
-- Name: mill_complex_mill_la_Update_user_id_276e85ef_fk_auth_user; Type: FK CONSTRAINT; Schema: public; Owner: request
--

ALTER TABLE ONLY public.mill_complex_mill_laboratory_work
    ADD CONSTRAINT "mill_complex_mill_la_Update_user_id_276e85ef_fk_auth_user" FOREIGN KEY ("Update_user_id") REFERENCES public.auth_user(id) DEFERRABLE INITIALLY DEFERRED;


--
-- Name: mill_complex_mill_st_Create_user_id_00eeb7be_fk_auth_user; Type: FK CONSTRAINT; Schema: public; Owner: request
--

ALTER TABLE ONLY public.mill_complex_mill_storage_flour_accounting
    ADD CONSTRAINT "mill_complex_mill_st_Create_user_id_00eeb7be_fk_auth_user" FOREIGN KEY ("Create_user_id") REFERENCES public.auth_user(id) DEFERRABLE INITIALLY DEFERRED;


--
-- Name: mill_complex_mill_st_Factory_id_ae6a87c6_fk_reference; Type: FK CONSTRAINT; Schema: public; Owner: request
--

ALTER TABLE ONLY public.mill_complex_mill_storage_flour_accounting
    ADD CONSTRAINT "mill_complex_mill_st_Factory_id_ae6a87c6_fk_reference" FOREIGN KEY ("Factory_id") REFERENCES public.reference_books_factory(id) DEFERRABLE INITIALLY DEFERRED;


--
-- Name: mill_complex_mill_st_Update_user_id_0713a42a_fk_auth_user; Type: FK CONSTRAINT; Schema: public; Owner: request
--

ALTER TABLE ONLY public.mill_complex_mill_storage_flour_accounting
    ADD CONSTRAINT "mill_complex_mill_st_Update_user_id_0713a42a_fk_auth_user" FOREIGN KEY ("Update_user_id") REFERENCES public.auth_user(id) DEFERRABLE INITIALLY DEFERRED;


--
-- Name: mill_complex_mill_te_Create_user_id_305adab0_fk_auth_user; Type: FK CONSTRAINT; Schema: public; Owner: request
--

ALTER TABLE ONLY public.mill_complex_mill_technological
    ADD CONSTRAINT "mill_complex_mill_te_Create_user_id_305adab0_fk_auth_user" FOREIGN KEY ("Create_user_id") REFERENCES public.auth_user(id) DEFERRABLE INITIALLY DEFERRED;


--
-- Name: mill_complex_mill_te_Factory_id_9919476a_fk_reference; Type: FK CONSTRAINT; Schema: public; Owner: request
--

ALTER TABLE ONLY public.mill_complex_mill_technological
    ADD CONSTRAINT "mill_complex_mill_te_Factory_id_9919476a_fk_reference" FOREIGN KEY ("Factory_id") REFERENCES public.reference_books_factory(id) DEFERRABLE INITIALLY DEFERRED;


--
-- Name: mill_complex_mill_te_Update_user_id_9d89f510_fk_auth_user; Type: FK CONSTRAINT; Schema: public; Owner: request
--

ALTER TABLE ONLY public.mill_complex_mill_technological
    ADD CONSTRAINT "mill_complex_mill_te_Update_user_id_9d89f510_fk_auth_user" FOREIGN KEY ("Update_user_id") REFERENCES public.auth_user(id) DEFERRABLE INITIALLY DEFERRED;


--
-- Name: mill_complex_mill_te_bhm_num_id_f1da8e84_fk_reference; Type: FK CONSTRAINT; Schema: public; Owner: request
--

ALTER TABLE ONLY public.mill_complex_mill_technological_child_bhm
    ADD CONSTRAINT mill_complex_mill_te_bhm_num_id_f1da8e84_fk_reference FOREIGN KEY (bhm_num_id) REFERENCES public.reference_books_bhm(id) DEFERRABLE INITIALLY DEFERRED;


--
-- Name: mill_complex_mill_te_parent_table_id_ff6ae867_fk_mill_comp; Type: FK CONSTRAINT; Schema: public; Owner: request
--

ALTER TABLE ONLY public.mill_complex_mill_technological_child_bhm
    ADD CONSTRAINT mill_complex_mill_te_parent_table_id_ff6ae867_fk_mill_comp FOREIGN KEY (parent_table_id) REFERENCES public.mill_complex_mill_technological(id) DEFERRABLE INITIALLY DEFERRED;


--
-- Name: production_complex_p_Create_user_id_041e63bd_fk_auth_user; Type: FK CONSTRAINT; Schema: public; Owner: request
--

ALTER TABLE ONLY public.production_complex_product_equipment_breakdown_repair
    ADD CONSTRAINT "production_complex_p_Create_user_id_041e63bd_fk_auth_user" FOREIGN KEY ("Create_user_id") REFERENCES public.auth_user(id) DEFERRABLE INITIALLY DEFERRED;


--
-- Name: production_complex_p_Create_user_id_b0d1f5b5_fk_auth_user; Type: FK CONSTRAINT; Schema: public; Owner: request
--

ALTER TABLE ONLY public.production_complex_product_packing_equipment_adjuster
    ADD CONSTRAINT "production_complex_p_Create_user_id_b0d1f5b5_fk_auth_user" FOREIGN KEY ("Create_user_id") REFERENCES public.auth_user(id) DEFERRABLE INITIALLY DEFERRED;


--
-- Name: production_complex_p_Create_user_id_d3d426c7_fk_auth_user; Type: FK CONSTRAINT; Schema: public; Owner: request
--

ALTER TABLE ONLY public.production_complex_product_work_plan
    ADD CONSTRAINT "production_complex_p_Create_user_id_d3d426c7_fk_auth_user" FOREIGN KEY ("Create_user_id") REFERENCES public.auth_user(id) DEFERRABLE INITIALLY DEFERRED;


--
-- Name: production_complex_p_Create_user_id_e6934864_fk_auth_user; Type: FK CONSTRAINT; Schema: public; Owner: request
--

ALTER TABLE ONLY public.production_complex_product_line_operator
    ADD CONSTRAINT "production_complex_p_Create_user_id_e6934864_fk_auth_user" FOREIGN KEY ("Create_user_id") REFERENCES public.auth_user(id) DEFERRABLE INITIALLY DEFERRED;


--
-- Name: production_complex_p_Factory_id_28c473da_fk_reference; Type: FK CONSTRAINT; Schema: public; Owner: request
--

ALTER TABLE ONLY public.production_complex_product_packing_equipment_adjuster
    ADD CONSTRAINT "production_complex_p_Factory_id_28c473da_fk_reference" FOREIGN KEY ("Factory_id") REFERENCES public.reference_books_factory(id) DEFERRABLE INITIALLY DEFERRED;


--
-- Name: production_complex_p_Factory_id_31154cf9_fk_reference; Type: FK CONSTRAINT; Schema: public; Owner: request
--

ALTER TABLE ONLY public.production_complex_product_equipment_breakdown_repair
    ADD CONSTRAINT "production_complex_p_Factory_id_31154cf9_fk_reference" FOREIGN KEY ("Factory_id") REFERENCES public.reference_books_factory(id) DEFERRABLE INITIALLY DEFERRED;


--
-- Name: production_complex_p_Factory_id_376dc54a_fk_reference; Type: FK CONSTRAINT; Schema: public; Owner: request
--

ALTER TABLE ONLY public.production_complex_product_work_plan
    ADD CONSTRAINT "production_complex_p_Factory_id_376dc54a_fk_reference" FOREIGN KEY ("Factory_id") REFERENCES public.reference_books_factory(id) DEFERRABLE INITIALLY DEFERRED;


--
-- Name: production_complex_p_Factory_id_98f7826a_fk_reference; Type: FK CONSTRAINT; Schema: public; Owner: request
--

ALTER TABLE ONLY public.production_complex_product_line_operator
    ADD CONSTRAINT "production_complex_p_Factory_id_98f7826a_fk_reference" FOREIGN KEY ("Factory_id") REFERENCES public.reference_books_factory(id) DEFERRABLE INITIALLY DEFERRED;


--
-- Name: production_complex_p_Update_user_id_01be7713_fk_auth_user; Type: FK CONSTRAINT; Schema: public; Owner: request
--

ALTER TABLE ONLY public.production_complex_product_packing_equipment_adjuster
    ADD CONSTRAINT "production_complex_p_Update_user_id_01be7713_fk_auth_user" FOREIGN KEY ("Update_user_id") REFERENCES public.auth_user(id) DEFERRABLE INITIALLY DEFERRED;


--
-- Name: production_complex_p_Update_user_id_93d98434_fk_auth_user; Type: FK CONSTRAINT; Schema: public; Owner: request
--

ALTER TABLE ONLY public.production_complex_product_line_operator
    ADD CONSTRAINT "production_complex_p_Update_user_id_93d98434_fk_auth_user" FOREIGN KEY ("Update_user_id") REFERENCES public.auth_user(id) DEFERRABLE INITIALLY DEFERRED;


--
-- Name: production_complex_p_Update_user_id_ae7ec07b_fk_auth_user; Type: FK CONSTRAINT; Schema: public; Owner: request
--

ALTER TABLE ONLY public.production_complex_product_equipment_breakdown_repair
    ADD CONSTRAINT "production_complex_p_Update_user_id_ae7ec07b_fk_auth_user" FOREIGN KEY ("Update_user_id") REFERENCES public.auth_user(id) DEFERRABLE INITIALLY DEFERRED;


--
-- Name: production_complex_p_Update_user_id_f8dfab08_fk_auth_user; Type: FK CONSTRAINT; Schema: public; Owner: request
--

ALTER TABLE ONLY public.production_complex_product_work_plan
    ADD CONSTRAINT "production_complex_p_Update_user_id_f8dfab08_fk_auth_user" FOREIGN KEY ("Update_user_id") REFERENCES public.auth_user(id) DEFERRABLE INITIALLY DEFERRED;


--
-- Name: production_complex_p_coworker_id_99aa9fd0_fk_reference; Type: FK CONSTRAINT; Schema: public; Owner: request
--

ALTER TABLE ONLY public."production_complex_product_line_operator_Coworker"
    ADD CONSTRAINT production_complex_p_coworker_id_99aa9fd0_fk_reference FOREIGN KEY (coworker_id) REFERENCES public.reference_books_coworker(id) DEFERRABLE INITIALLY DEFERRED;


--
-- Name: production_complex_p_coworker_id_e0e7bbb7_fk_reference; Type: FK CONSTRAINT; Schema: public; Owner: request
--

ALTER TABLE ONLY public."production_complex_product_equipment_breakdown_repair_Coworker"
    ADD CONSTRAINT production_complex_p_coworker_id_e0e7bbb7_fk_reference FOREIGN KEY (coworker_id) REFERENCES public.reference_books_coworker(id) DEFERRABLE INITIALLY DEFERRED;


--
-- Name: production_complex_p_coworker_id_f7a9d828_fk_reference; Type: FK CONSTRAINT; Schema: public; Owner: request
--

ALTER TABLE ONLY public."production_complex_product_packing_equipment_adjuster_Coworker"
    ADD CONSTRAINT production_complex_p_coworker_id_f7a9d828_fk_reference FOREIGN KEY (coworker_id) REFERENCES public.reference_books_coworker(id) DEFERRABLE INITIALLY DEFERRED;


--
-- Name: production_complex_p_equipement_id_38f2cc51_fk_reference; Type: FK CONSTRAINT; Schema: public; Owner: request
--

ALTER TABLE ONLY public.production_complex_product_work_plan
    ADD CONSTRAINT production_complex_p_equipement_id_38f2cc51_fk_reference FOREIGN KEY (equipement_id) REFERENCES public.reference_books_machine_production(id) DEFERRABLE INITIALLY DEFERRED;


--
-- Name: production_complex_p_product_equipment_br_9401da78_fk_productio; Type: FK CONSTRAINT; Schema: public; Owner: request
--

ALTER TABLE ONLY public."production_complex_product_equipment_breakdown_repair_Coworker"
    ADD CONSTRAINT production_complex_p_product_equipment_br_9401da78_fk_productio FOREIGN KEY (product_equipment_breakdown_repair_id) REFERENCES public.production_complex_product_equipment_breakdown_repair(id) DEFERRABLE INITIALLY DEFERRED;


--
-- Name: production_complex_p_product_id_e4f44e9e_fk_reference; Type: FK CONSTRAINT; Schema: public; Owner: request
--

ALTER TABLE ONLY public.production_complex_product_work_plan
    ADD CONSTRAINT production_complex_p_product_id_e4f44e9e_fk_reference FOREIGN KEY (product_id) REFERENCES public.reference_books_products(id) DEFERRABLE INITIALLY DEFERRED;


--
-- Name: production_complex_p_product_line_operato_c0d6b1a9_fk_productio; Type: FK CONSTRAINT; Schema: public; Owner: request
--

ALTER TABLE ONLY public."production_complex_product_line_operator_Coworker"
    ADD CONSTRAINT production_complex_p_product_line_operato_c0d6b1a9_fk_productio FOREIGN KEY (product_line_operator_id) REFERENCES public.production_complex_product_line_operator(id) DEFERRABLE INITIALLY DEFERRED;


--
-- Name: production_complex_p_product_packing_equi_9a7aa0e6_fk_productio; Type: FK CONSTRAINT; Schema: public; Owner: request
--

ALTER TABLE ONLY public."production_complex_product_packing_equipment_adjuster_Coworker"
    ADD CONSTRAINT production_complex_p_product_packing_equi_9a7aa0e6_fk_productio FOREIGN KEY (product_packing_equipment_adjuster_id) REFERENCES public.production_complex_product_packing_equipment_adjuster(id) DEFERRABLE INITIALLY DEFERRED;


--
-- Name: production_complex_p_status_id_4bfc0abf_fk_reference; Type: FK CONSTRAINT; Schema: public; Owner: request
--

ALTER TABLE ONLY public.production_complex_product_work_plan
    ADD CONSTRAINT production_complex_p_status_id_4bfc0abf_fk_reference FOREIGN KEY (status_id) REFERENCES public.reference_books_status_machine(id) DEFERRABLE INITIALLY DEFERRED;


--
-- Name: reference_books_area_parent_id_e27eb46d_fk_reference; Type: FK CONSTRAINT; Schema: public; Owner: request
--

ALTER TABLE ONLY public.reference_books_area
    ADD CONSTRAINT reference_books_area_parent_id_e27eb46d_fk_reference FOREIGN KEY (parent_id) REFERENCES public.reference_books_area(id) DEFERRABLE INITIALLY DEFERRED;


--
-- Name: reference_books_cowo_area_id_ef370cb7_fk_reference; Type: FK CONSTRAINT; Schema: public; Owner: request
--

ALTER TABLE ONLY public.reference_books_coworker
    ADD CONSTRAINT reference_books_cowo_area_id_ef370cb7_fk_reference FOREIGN KEY (area_id) REFERENCES public.reference_books_area(id) DEFERRABLE INITIALLY DEFERRED;


--
-- Name: reference_books_cowo_post_id_d8b05d88_fk_reference; Type: FK CONSTRAINT; Schema: public; Owner: request
--

ALTER TABLE ONLY public.reference_books_coworker
    ADD CONSTRAINT reference_books_cowo_post_id_d8b05d88_fk_reference FOREIGN KEY (post_id) REFERENCES public.reference_books_posts(id) DEFERRABLE INITIALLY DEFERRED;


--
-- Name: reference_books_fixe_area_id_fa521dc0_fk_reference; Type: FK CONSTRAINT; Schema: public; Owner: request
--

ALTER TABLE ONLY public.reference_books_fixed_assets
    ADD CONSTRAINT reference_books_fixe_area_id_fa521dc0_fk_reference FOREIGN KEY (area_id) REFERENCES public.reference_books_area(id) DEFERRABLE INITIALLY DEFERRED;


--
-- Name: reference_books_part_type_id_3ea8bcd8_fk_reference; Type: FK CONSTRAINT; Schema: public; Owner: request
--

ALTER TABLE ONLY public.reference_books_partner
    ADD CONSTRAINT reference_books_part_type_id_3ea8bcd8_fk_reference FOREIGN KEY (type_id) REFERENCES public.reference_books_types_client(id) DEFERRABLE INITIALLY DEFERRED;


--
-- Name: reference_books_serv_City_id_806ccc0a_fk_reference; Type: FK CONSTRAINT; Schema: public; Owner: request
--

ALTER TABLE ONLY public.reference_books_factory
    ADD CONSTRAINT "reference_books_serv_City_id_806ccc0a_fk_reference" FOREIGN KEY ("City_id") REFERENCES public.reference_books_city(id) DEFERRABLE INITIALLY DEFERRED;


--
-- Name: schedule_calendarrel_calendar_id_0a50be2e_fk_schedule_; Type: FK CONSTRAINT; Schema: public; Owner: request
--

ALTER TABLE ONLY public.schedule_calendarrelation
    ADD CONSTRAINT schedule_calendarrel_calendar_id_0a50be2e_fk_schedule_ FOREIGN KEY (calendar_id) REFERENCES public.schedule_calendar(id) DEFERRABLE INITIALLY DEFERRED;


--
-- Name: schedule_calendarrel_content_type_id_f2a42f5b_fk_django_co; Type: FK CONSTRAINT; Schema: public; Owner: request
--

ALTER TABLE ONLY public.schedule_calendarrelation
    ADD CONSTRAINT schedule_calendarrel_content_type_id_f2a42f5b_fk_django_co FOREIGN KEY (content_type_id) REFERENCES public.django_content_type(id) DEFERRABLE INITIALLY DEFERRED;


--
-- Name: schedule_event_calendar_id_eb1c700f_fk_schedule_calendar_id; Type: FK CONSTRAINT; Schema: public; Owner: request
--

ALTER TABLE ONLY public.schedule_event
    ADD CONSTRAINT schedule_event_calendar_id_eb1c700f_fk_schedule_calendar_id FOREIGN KEY (calendar_id) REFERENCES public.schedule_calendar(id) DEFERRABLE INITIALLY DEFERRED;


--
-- Name: schedule_event_creator_id_d2ffab6e_fk_auth_user_id; Type: FK CONSTRAINT; Schema: public; Owner: request
--

ALTER TABLE ONLY public.schedule_event
    ADD CONSTRAINT schedule_event_creator_id_d2ffab6e_fk_auth_user_id FOREIGN KEY (creator_id) REFERENCES public.auth_user(id) DEFERRABLE INITIALLY DEFERRED;


--
-- Name: schedule_event_rule_id_90b83d31_fk_schedule_rule_id; Type: FK CONSTRAINT; Schema: public; Owner: request
--

ALTER TABLE ONLY public.schedule_event
    ADD CONSTRAINT schedule_event_rule_id_90b83d31_fk_schedule_rule_id FOREIGN KEY (rule_id) REFERENCES public.schedule_rule(id) DEFERRABLE INITIALLY DEFERRED;


--
-- Name: schedule_eventrelati_content_type_id_d4187723_fk_django_co; Type: FK CONSTRAINT; Schema: public; Owner: request
--

ALTER TABLE ONLY public.schedule_eventrelation
    ADD CONSTRAINT schedule_eventrelati_content_type_id_d4187723_fk_django_co FOREIGN KEY (content_type_id) REFERENCES public.django_content_type(id) DEFERRABLE INITIALLY DEFERRED;


--
-- Name: schedule_eventrelation_event_id_8c57a7b4_fk_schedule_event_id; Type: FK CONSTRAINT; Schema: public; Owner: request
--

ALTER TABLE ONLY public.schedule_eventrelation
    ADD CONSTRAINT schedule_eventrelation_event_id_8c57a7b4_fk_schedule_event_id FOREIGN KEY (event_id) REFERENCES public.schedule_event(id) DEFERRABLE INITIALLY DEFERRED;


--
-- Name: schedule_occurrence_event_id_ade47cd8_fk_schedule_event_id; Type: FK CONSTRAINT; Schema: public; Owner: request
--

ALTER TABLE ONLY public.schedule_occurrence
    ADD CONSTRAINT schedule_occurrence_event_id_ade47cd8_fk_schedule_event_id FOREIGN KEY (event_id) REFERENCES public.schedule_event(id) DEFERRABLE INITIALLY DEFERRED;


--
-- Name: tasks_user_task_Create_user_id_1be8c5dc_fk_auth_user_id; Type: FK CONSTRAINT; Schema: public; Owner: request
--

ALTER TABLE ONLY public.tasks_user_task
    ADD CONSTRAINT "tasks_user_task_Create_user_id_1be8c5dc_fk_auth_user_id" FOREIGN KEY ("Create_user_id") REFERENCES public.auth_user(id) DEFERRABLE INITIALLY DEFERRED;


--
-- Name: tasks_user_task_Factory_id_5a4cb7ad_fk_reference; Type: FK CONSTRAINT; Schema: public; Owner: request
--

ALTER TABLE ONLY public.tasks_user_task
    ADD CONSTRAINT "tasks_user_task_Factory_id_5a4cb7ad_fk_reference" FOREIGN KEY ("Factory_id") REFERENCES public.reference_books_factory(id) DEFERRABLE INITIALLY DEFERRED;


--
-- Name: tasks_user_task_Update_user_id_2df6a3c3_fk_auth_user_id; Type: FK CONSTRAINT; Schema: public; Owner: request
--

ALTER TABLE ONLY public.tasks_user_task
    ADD CONSTRAINT "tasks_user_task_Update_user_id_2df6a3c3_fk_auth_user_id" FOREIGN KEY ("Update_user_id") REFERENCES public.auth_user(id) DEFERRABLE INITIALLY DEFERRED;


--
-- Name: tasks_user_task_author_id_1c81ee1f_fk_auth_user_id; Type: FK CONSTRAINT; Schema: public; Owner: request
--

ALTER TABLE ONLY public.tasks_user_task
    ADD CONSTRAINT tasks_user_task_author_id_1c81ee1f_fk_auth_user_id FOREIGN KEY (author_id) REFERENCES public.auth_user(id) DEFERRABLE INITIALLY DEFERRED;


--
-- Name: tasks_user_task_executors_id_bf78ffca_fk_auth_group_id; Type: FK CONSTRAINT; Schema: public; Owner: request
--

ALTER TABLE ONLY public.tasks_user_task
    ADD CONSTRAINT tasks_user_task_executors_id_bf78ffca_fk_auth_group_id FOREIGN KEY (executors_id) REFERENCES public.auth_group(id) DEFERRABLE INITIALLY DEFERRED;


--
-- Name: tasks_user_task_notification_id_67ba0bd8_fk_reference; Type: FK CONSTRAINT; Schema: public; Owner: request
--

ALTER TABLE ONLY public.tasks_user_task
    ADD CONSTRAINT tasks_user_task_notification_id_67ba0bd8_fk_reference FOREIGN KEY (notification_id) REFERENCES public.reference_books_typenotification_task(id) DEFERRABLE INITIALLY DEFERRED;


--
-- Name: tasks_user_task_status_id_0f6d1b2c_fk_reference; Type: FK CONSTRAINT; Schema: public; Owner: request
--

ALTER TABLE ONLY public.tasks_user_task
    ADD CONSTRAINT tasks_user_task_status_id_0f6d1b2c_fk_reference FOREIGN KEY (status_id) REFERENCES public.reference_books_status_task(id) DEFERRABLE INITIALLY DEFERRED;


--
-- Name: SCHEMA public; Type: ACL; Schema: -; Owner: postgres
--

REVOKE ALL ON SCHEMA public FROM PUBLIC;
REVOKE ALL ON SCHEMA public FROM postgres;
GRANT ALL ON SCHEMA public TO postgres;
GRANT ALL ON SCHEMA public TO PUBLIC;


--
-- PostgreSQL database dump complete
--

